uniprot_id,gene,feature_id,pre_mean,post_mean,pre_sd,pct_miss,imputation_reliable,shift,effect_d
P49588,AARS1,AARS1,16.582289620579303,16.569877294391244,0.4444191633603349,17.77777777777778,TRUE,-0.012412326188059097,-0.027929322611129594
O75027,ABCB7,ABCB7,16.12312396066303,16.116368630741476,0.5807817641696442,33.33333333333333,TRUE,-0.006755329921553255,-0.011631442890104324
Q9UG63,ABCF2,ABCF2,17.16110118069118,17.13567726755137,0.6305224685093643,20,TRUE,-0.02542391313981085,-0.04032197805720743
Q9NUQ8,ABCF3,ABCF3,16.620478833560075,16.615954597663766,0.5725781999648217,42.22222222222222,TRUE,-0.0045242358963086815,-0.007901516153752699
O95870,ABHD16A,ABHD16A,15.247686080391022,15.250709377677218,0.36952515992286095,66.66666666666666,FALSE,0.0030232972861963248,0.008181573581694529
O00763,ACACB,ACACB,15.497644230038363,15.454032816831674,0.35625184218861417,68.88888888888889,FALSE,-0.04361141320668871,-0.12241736895664686
Q9NR19,ACSS2,ACSS2,15.558674475432205,15.539086318326579,0.6227918163278885,28.888888888888886,TRUE,-0.01958815710562689,-0.0314521748553518
P42025,ACTR1B,ACTR1B,16.506500870966562,16.50465136516423,0.40813034503967083,24.444444444444443,TRUE,-0.00184950580233334,-0.00453165471475434
P35611,ADD1,ADD1,14.950061761692702,14.802800961882053,1.000223644246032,53.333333333333336,FALSE,-0.147260799810649,-0.14722787314396482
Q96HN2,AHCYL2,AHCYL2,17.179152157967472,17.173729392624406,0.498893860201848,15.555555555555555,TRUE,-0.005422765343066516,-0.010869577230059543
Q02952,AKAP12,AKAP12,16.820513340594186,16.76126419779583,0.7947440238108769,48.888888888888886,TRUE,-0.05924914279835747,-0.0745512278459823
P31749,AKT1,AKT1,17.66971871866431,17.656448966382094,0.5852551086053688,40,TRUE,-0.013269752282216274,-0.0226734497266284
P31751,AKT2,AKT2,16.948395002198495,16.953430755877747,0.5834093896903405,26.666666666666668,TRUE,0.005035753679251798,0.008631595185543128
Q8IZ83,ALDH16A1,ALDH16A1,17.348653012110436,17.221416651834456,1.218773479820585,46.666666666666664,TRUE,-0.12723636027597962,-0.10439705358103954
Q12955,ANK3,ANK3,15.881920828566098,15.87290921334101,0.4703064635098809,37.77777777777778,TRUE,-0.009011615225087866,-0.01916115538331005
Q9BTT0,ANP32E,ANP32E,16.653465263806872,16.574319640398947,1.0416673476860263,53.333333333333336,FALSE,-0.07914562340792486,-0.07597974879767519
Q10567,AP1B1,AP1B1,19.114598239434706,19.110083918127625,1.1258890957775896,33.33333333333333,TRUE,-0.0045143213070808486,-0.004009561264969047
O43747,AP1G1,AP1G1,17.300295498711762,17.301016365166138,0.5625533385357853,33.33333333333333,TRUE,7.20866454376079e-4,0.001281418853992319
Q9BZZ5,API5,API5,15.523516489280762,15.556246344854255,0.6239587573098104,51.11111111111111,FALSE,0.03272985557349273,0.05245515859831353
Q96GX9,APIP,APIP,16.61608377020232,16.61776837415823,0.8631234357164461,35.55555555555556,TRUE,0.0016846039559119674,0.001951753232738538
P02649,APOE,APOE,17.420487958443044,17.3787972634466,1.1521324275959286,15.555555555555555,TRUE,-0.04169069499644351,-0.03618567969954328
O14791,APOL1,APOL1,16.907956540208037,16.874405452959724,1.1190617099090294,57.77777777777777,FALSE,-0.03355108724831268,-0.029981445126060217
Q9UKG1,APPL1,APPL1,16.492421437892833,16.484351848536217,0.4799943982922128,15.555555555555555,TRUE,-0.008069589356615836,-0.016811840690905733
P48444,ARCN1,ARCN1,17.652361604649606,17.639555760154792,0.41164706216397073,33.33333333333333,TRUE,-0.012805844494813812,-0.03110879603390168
P84085,ARF5,ARF5,15.737353280144962,15.750207123581506,0.6227903483007543,28.888888888888886,TRUE,0.0128538434365435,0.02063911791763381
P52566,ARHGDIB,ARHGDIB,19.216106797643057,19.143701101081742,1.2999870356150902,40,TRUE,-0.07240569656131512,-0.05569724510910703
P40616,ARL1,ARL1,16.904490139384148,16.865389141133537,0.8879039649527845,48.888888888888886,TRUE,-0.03910099825061053,-0.04403741822764558
O15143,ARPC1B,ARPC1B,17.913801996462055,17.88511044729209,0.5620675784514713,55.55555555555556,FALSE,-0.028691549169966635,-0.05104644044585086
P00966,ASS1,ASS1,17.787905643788154,17.800692227292238,0.7130679778679345,46.666666666666664,TRUE,0.012786583504084348,0.01793178757278667
Q9NT62,ATG3,ATG3,17.756858877577667,17.684025291142373,0.8103950133560059,60,FALSE,-0.07283358643529425,-0.0898741789311807
P23634,ATP2B4,ATP2B4,16.1069036259798,16.11447068807661,0.5294238090275026,28.888888888888886,TRUE,0.007567062096811128,0.014293014344615605
O75348,ATP6V1G1,ATP6V1G1,17.418425234469858,17.41275616927742,0.3953424260450668,37.77777777777778,TRUE,-0.005669065192439149,-0.014339632730925032
Q9UI12,ATP6V1H,ATP6V1H,17.83695412241479,17.847349660718706,0.6998459080711426,20,TRUE,0.010395538303914265,0.014854038844873135
Q9UBB4,ATXN10,ATXN10,17.710453104270137,17.735765181692617,0.7587442311222379,24.444444444444443,TRUE,0.025312077422480428,0.03336048747947912
P50895,BCAM,BCAM,17.46057368265616,17.440232980157912,0.5787057049705472,17.77777777777778,TRUE,-0.02034070249824893,-0.03514861236642579
Q9UHQ4,BCAP29,BCAP29,16.347404967528014,16.36448045702574,0.45960246325994203,44.44444444444444,TRUE,0.017075489497724305,0.037152737121138424
P51572,BCAP31,BCAP31,17.03316607200405,17.006456778341217,0.7373579901155678,20,TRUE,-0.026709293662833034,-0.036222966348607444
P12694,BCKDHA,BCKDHA,16.220830597892743,16.187417261084928,0.5142584271165159,24.444444444444443,TRUE,-0.033413336807814886,-0.0649738245324746
P21953,BCKDHB,BCKDHB,17.395158611584407,17.387509750218246,1.0010256607466104,20,TRUE,-0.0076488613661602756,-0.007641024267505198
O14874,BCKDK,BCKDK,18.331315141288318,18.23306408532331,0.8749238186232999,46.666666666666664,TRUE,-0.09825105596500805,-0.1122966981509395
Q9Y276,BCS1L,BCS1L,17.0416592434213,16.880681425396997,1.2554062154485919,44.44444444444444,TRUE,-0.16097781802430333,-0.1282276732768775
Q9BUT1,BDH2,BDH2,15.02807286040824,15.04089187139535,0.41213197789251105,51.11111111111111,FALSE,0.012819010987110246,0.031104140602391202
O95861,BPNT1,BPNT1,17.414486928701603,17.401275714349858,0.5157874307744967,24.444444444444443,TRUE,-0.013211214351745326,-0.025613680294433724
Q5VW32,BROX,BROX,17.662415734470216,17.654183264248545,0.47149051100060535,13.333333333333334,TRUE,-0.008232470221670951,-0.017460521536689803
P43251,BTD,BTD,15.851326838286745,15.828950325131085,0.859445469968191,40,TRUE,-0.022376513155659694,-0.02603598941127454
Q69YU5,C12orf73,C12orf73,17.960601070050988,17.946251800027706,0.6509083757557041,17.77777777777778,TRUE,-0.014349270023281235,-0.02204499213368048
Q9NSK7,C19orf12,C19orf12,14.818270406961801,14.8215247724107,0.3356454756284146,80,FALSE,0.0032543654488996765,0.009695841848625153
Q5SQH8,C6orf136,C6orf136,17.954573636299507,17.930304900053248,0.7911182229553902,33.33333333333333,TRUE,-0.024268736246259692,-0.030676497572763108
Q9ULX7,CA14,CA14,17.28824810147084,17.25988208833699,0.8967345420372995,53.333333333333336,FALSE,-0.0283660131338479,-0.03163256438120795
Q06432,CACNG1,CACNG1,16.237249753020627,16.222043547125825,0.5254046503603941,33.33333333333333,TRUE,-0.015206205894802594,-0.028941894374882496
Q9BXT2,CACNG6,CACNG6,16.836208180620275,16.85782810133792,0.9392289887334685,55.55555555555556,FALSE,0.021619920717643737,0.023018796243499434
Q05682,CALD1,CALD1,17.526416972711978,17.462443213370687,0.7898759426768042,37.77777777777778,TRUE,-0.06397375934129101,-0.08099216077462856
P49589,CARS1,CARS1,16.142863865972668,16.12274583631801,0.44837421336311395,22.22222222222222,TRUE,-0.020118029654657477,-0.04486883735743513
Q9HA77,CARS2,CARS2,16.753474295515357,16.796293647107653,0.7353972473751619,60,FALSE,0.04281935159229633,0.05822615157335787
P51636,CAV2,CAV2,18.673557132681672,18.67567932400107,0.759678726101005,51.11111111111111,FALSE,0.002122191319397615,0.00279353790817548
Q96CT7,CCDC124,CCDC124,16.68661189922047,16.622235008293238,1.5059618535190125,71.11111111111111,FALSE,-0.06437689092723176,-0.042748022319955135
O60826,CCDC22,CCDC22,18.70008667437971,18.693264400983836,0.7212519305219589,46.666666666666664,TRUE,-0.006822273395872713,-0.00945893259645841
Q96MW1,CCDC43,CCDC43,15.78873551336106,15.772231957942601,0.62635445785413435,51.11111111111111,FALSE,-0.01650355541845805,-0.02634858778685567
P08962,CD63,CD63,17.92835135017068,17.893379598268375,0.6905597076583087,37.77777777777778,TRUE,-0.034971751902304504,-0.05064261860990107
P21926,CD9,CD9,17.527091963251323,17.431445895606757,1.3309915001984733,42.22222222222222,TRUE,-0.09564606764456585,-0.07186076517416032
Q9UKY7,CDV3,CDV3,18.07353223914242,18.07722387727948,0.5836580700474829,20,TRUE,0.0036916381370595275,0.006325001446067897
O00748,CES2,CES2,18.15249431371889,18.14251116293718,0.610002593085045,15.555555555555555,TRUE,-0.009983150781710748,-0.016365751383484565
Q8NE62,CHDH,CHDH,16.316214405760782,16.33302669172739,0.6219633837322924,80,FALSE,0.016812285966608442,0.027030989936611516
O43633,CHMP2A,CHMP2A,16.21335866654809,16.215754137235816,0.4128258411480971,15.555555555555555,TRUE,0.0023954706877269416,0.005802618075130599
Q96FZ7,CHMP6,CHMP6,14.778710388642459,14.792288073491484,0.43262928593376204,40,TRUE,0.013577684849025218,0.03138410942227345
Q9UHD1,CHORDC1,CHORDC1,16.64818115740952,16.672005993447563,1.0185551955534282,48.888888888888886,TRUE,0.023824836038041752,0.02339081489353811
Q99653,CHP1,CHP1,16.27610081652794,16.26835177702981,0.4327265168483278,20,TRUE,-0.007749039498129662,-0.017907475498770344
Q8N5K1,CISD2,CISD2,17.68972733230613,17.67934193897023,0.609377622322353,26.666666666666668,TRUE,-0.010385393335901938,-0.01704262341686088
Q96S66,CLCC1,CLCC1,15.844804456130177,15.832973510243315,0.49481945862180665,48.888888888888886,TRUE,-0.011830945886861954,-0.02390962133909211
P05452,CLEC3B,CLEC3B,18.565793226493174,18.55942973032096,0.6697508313293229,37.77777777777778,TRUE,-0.00636349617221299,-0.009501288948880748
Q16740,CLPP,CLPP,17.506621322030142,17.507211467464092,0.5273000324910833,44.44444444444444,TRUE,5.901454339500845e-4,0.0011191833824892926
P09497,CLTB,CLTB,16.01009346277338,15.968771228673647,0.6730083758232215,28.888888888888886,TRUE,-0.04132223409973257,-0.06139928652327299
O75153,CLUH,CLUH,17.366318108423258,17.36436381528185,0.41966064479863324,15.555555555555555,TRUE,-0.00195429314140938,-0.004656841582910671
Q8N0X4,CLYBL,CLYBL,18.001088760320048,18.036339968633524,0.9252432054349709,48.888888888888886,TRUE,0.0352512083134755,0.03809939711678658
Q9Y2B0,CNPY2,CNPY2,15.184213785575452,15.167273021696245,0.5858541330711914,17.77777777777778,TRUE,-0.016940763879206955,-0.028916351226199098
P39059,COL15A1,COL15A1,17.764262704866645,17.770327941077554,0.6869650184680945,31.11111111111111,TRUE,0.006065236210908154,0.008829032116414597
P39060,COL18A1,COL18A1,15.8689206210746,15.846739348715747,0.5122496333746601,48.888888888888886,TRUE,-0.022181272358853477,-0.043301685181744314
P08123,COL1A2,COL1A2,17.46109264555046,17.34568841778334,1.8100178370485829,55.55555555555556,FALSE,-0.11540422776711878,-0.06375861353681302
P08572,COL4A2,COL4A2,18.606555513392344,18.533020997395937,1.0522181436352747,33.33333333333333,TRUE,-0.07353451599640692,-0.06988523857073485
P12110,COL6A2,COL6A2,18.58591400189514,18.5113904903651,0.9837856141423226,42.22222222222222,TRUE,-0.07452351153004244,-0.0757517801223522
Q86VU5,COMTD1,COMTD1,19.135527676547355,19.168856737845967,0.8409195001682628,62.22222222222222,FALSE,0.03332906129861257,0.039634068768703345
P53621,COPA,COPA,17.992809219224625,17.97705367198846,1.2533298132126007,33.33333333333333,TRUE,-0.015755547236164347,-0.012570950654863066
P35606,COPB2,COPB2,16.6296048424498,16.60771825489811,0.5239545800579343,24.444444444444443,TRUE,-0.02188658755169115,-0.04177191761406327
P61923,COPZ1,COPZ1,18.975929324955555,18.97113401066751,0.4967126487797531,51.11111111111111,FALSE,-0.004795314288045915,-0.009654101420260392
Q9H8M1,COQ10B,COQ10B,18.89353780468848,18.836527009969906,0.820586648528645,35.55555555555556,TRUE,-0.0570107947185754,-0.0694756547901416
P31146,CORO1A,CORO1A,20.993159710869453,21.002699336047925,1.3562745877424944,84.44444444444444,FALSE,0.009539625178472733,0.007033697500998927
Q6QEF8,CORO6,CORO6,16.62191055000443,16.56806023335964,0.8027325353241779,42.22222222222222,TRUE,-0.05385031664479101,-0.06708375987656204
P78560,CRADD,CRADD,16.891571816696104,16.914787496955505,0.78752886090175,33.33333333333333,TRUE,0.02321568025940124,0.029479148526465958
P50238,CRIP1,CRIP1,19.18981047284788,19.12509677815296,0.8157646797684444,48.888888888888886,TRUE,-0.06471369469491961,-0.07932887547091234
P52943,CRIP2,CRIP2,16.438379233274343,16.415150409892377,0.8582163777278425,24.444444444444443,TRUE,-0.023228823381966635,-0.02706639489153743
P48729,CSNK1A1,CSNK1A1,17.296756316163535,17.27289458624832,0.6831865071352605,46.666666666666664,TRUE,-0.023861729915214624,-0.034927109458399136
P67870,CSNK2B,CSNK2B,14.904957906528942,14.87146612280463,0.6017035573130811,51.11111111111111,FALSE,-0.03349178372431183,-0.05566160165957808
P17812,CTPS1,CTPS1,15.051917105564407,14.936452495047583,1.1042322936117626,46.666666666666664,TRUE,-0.115464610516824,-0.1045655078055707
P00167,CYB5A,CYB5A,16.675558731992822,16.65962828398831,0.5003022430850643,37.77777777777778,TRUE,-0.015930448004510822,-0.03184164817306692
Q9H1C7,CYSTM1,CYSTM1,15.660352803253929,15.65511498710664,0.6777259462933702,48.888888888888886,TRUE,-0.005237816147289465,-0.007728516483596672
P61803,DAD1,DAD1,15.925581089535292,15.902161337271087,0.5136405488590748,22.22222222222222,TRUE,-0.02341975226420523,-0.04559560633642808
Q58WW2,DCAF6,DCAF6,16.344902009597384,16.335642024197032,0.36676289251273086,11.11111111111111,TRUE,-0.009259985400351667,-0.025247879732081237
Q5TAQ9,DCAF8,DCAF8,18.313472907752228,18.391919681496148,1.9814116942092173,71.11111111111111,FALSE,0.07844677374392006,0.0395913549784656
O75935,DCTN3,DCTN3,16.110759481454007,16.093221057577413,0.6002300293703244,28.888888888888886,TRUE,-0.017538423876594322,-0.029219504220728727
O95865,DDAH2,DDAH2,17.926361999721397,17.903747139817057,0.4816370506071608,24.444444444444443,TRUE,-0.022614859904340534,-0.04695415328997596
Q9UMR2,DDX19B,DDX19B,18.245946036888615,18.20855854285684,1.0765298853173395,28.888888888888886,TRUE,-0.037387494031776214,-0.034729638760335135
P26196,DDX6,DDX6,17.886777064930165,17.852651605520627,0.6547531926942995,17.77777777777778,TRUE,-0.034125459409537484,-0.05211957694946356
P59666,DEFA3,DEFA3,18.196563759777327,18.136983382542496,1.9099899982249988,33.33333333333333,TRUE,-0.05958037723483045,-0.03119407813140382
Q02127,DHODH,DHODH,17.53019463792406,17.58623828227909,1.1992076188475929,73.33333333333333,FALSE,0.056043644355032285,0.04673389617795187
Q6UWP2,DHRS11,DHRS11,16.767603401292355,16.758056341056967,0.44152750915445754,64.44444444444444,FALSE,-0.009547060235387761,-0.021622798211759796
Q9BTZ2,DHRS4,DHRS4,17.20776963410074,17.20607119557787,0.5940923829219521,13.333333333333334,TRUE,-0.0016984385228688836,-0.002858879480183494
Q96HY7,DHTKD1,DHTKD1,17.39244692095886,17.344506661230913,0.6455955778465169,62.22222222222222,FALSE,-0.04794025972794813,-0.07425741652050998
O60610,DIAPH1,DIAPH1,17.795396054468792,17.72892987474836,0.8653960296715926,60,FALSE,-0.06646617972043245,-0.07680435019519972
Q96EY1,DNAJA3,DNAJA3,15.939614531879236,15.90088669762619,0.8488619764549257,15.555555555555555,TRUE,-0.03872783425304682,-0.04562324067663462
P25685,DNAJB1,DNAJB1,17.16467040434642,17.107988662593165,0.695304761157731,35.55555555555556,TRUE,-0.056681741753255466,-0.08152071569145651
Q9UDY4,DNAJB4,DNAJB4,17.129553511712494,17.096297791111052,0.7309030906964398,22.22222222222222,TRUE,-0.03325572060144211,-0.04549949374239812
Q96DA6,DNAJC19,DNAJC19,18.364767435590544,18.340728097270933,0.5577142027340243,31.11111111111111,TRUE,-0.024039338319610692,-0.043103328195274834
Q9Y295,DRG1,DRG1,17.743821524024224,17.61898061270237,1.1814560650943227,37.77777777777778,TRUE,-0.12484091132185426,-0.10566699432186458
Q4G0W2,DUSP28,DUSP28,16.42385468682314,16.397749559373416,0.6639609251485304,15.555555555555555,TRUE,-0.02610512744972482,-0.039317264707836544
Q9Y6G9,DYNC1LI1,DYNC1LI1,17.886215569950686,17.87976878864634,0.47458732566775835,15.555555555555555,TRUE,-0.0064467813043442845,-0.01358397276048928
O43237,DYNC1LI2,DYNC1LI2,16.952612134111163,16.951172453926834,0.4754057024789096,15.555555555555555,TRUE,-0.001439680184329717,-0.00302831913210714
P63172,DYNLT1,DYNLT1,16.941636185143032,16.93418730206433,0.7078562655525363,31.11111111111111,TRUE,-0.00744888307870184,-0.010523157653888128
Q86YB7,ECHDC2,ECHDC2,16.093713255841703,16.076820558594765,0.5678575564055445,53.333333333333336,FALSE,-0.01689269724693787,-0.029748124430827656
Q96DC8,ECHDC3,ECHDC3,17.778781892437372,17.774755061044853,0.6538617601314102,24.444444444444443,TRUE,-0.004026831392518915,-0.006158536311573903
Q15075,EEA1,EEA1,16.998757899778795,16.981225528634464,0.4900064067398019,17.77777777777778,TRUE,-0.017532371144330483,-0.03577988145293851
Q9H223,EHD4,EHD4,16.212162863366697,16.203886754609236,0.32538850037351547,66.66666666666666,FALSE,-0.008276108757460321,-0.025434545928820853
Q9BY44,EIF2A,EIF2A,15.781906522807958,15.764583959684751,0.38226934911396176,57.77777777777777,FALSE,-0.01732256312320679,-0.04531507211697113
Q13541,EIF4EBP1,EIF4EBP1,15.830060503238704,15.793529736213463,0.7368466350518251,53.333333333333336,FALSE,-0.03653076702524061,-0.04957716475514781
O60841,EIF5B,EIF5B,16.109792581493497,16.104426137187833,0.4255032316412813,46.666666666666664,TRUE,-0.005366444305664686,-0.01261199423789299
Q8N766,EMC1,EMC1,16.9759633163182,16.95239864643849,0.5717542647356313,51.11111111111111,FALSE,-0.023564669879711175,-0.04121468143417705
O95834,EML2,EML2,17.4382713793367,17.426055921815728,0.41627290837662917,13.333333333333334,TRUE,-0.012215457520973416,-0.029344829498059232
O43768,ENSA,ENSA,17.49795252103871,17.483385366833897,0.7019263332235223,33.33333333333333,TRUE,-0.014567154204812027,-0.020753109714396832
O43491,EPB41L2,EPB41L2,17.112865805159988,17.110706610999767,0.6412843660082158,53.333333333333336,FALSE,-0.002159194160221034,-0.003366983938282025
P34913,EPHX2,EPHX2,16.992782572195548,16.97858689620953,0.6240830411141317,37.77777777777778,TRUE,-0.014195675986016454,-0.02274645367814179
Q969X5,ERGIC1,ERGIC1,17.985225131591925,17.980371435161565,0.4849052823007583,11.11111111111111,TRUE,-0.004853696430359378,-0.010009576318347703
A0FGR8,ESYT2,ESYT2,16.616585827249928,16.604550126790002,0.43528561913185293,46.666666666666664,TRUE,-0.012035700459925636,-0.027650121968031034
P00488,F13A1,F13A1,18.44250917487901,18.395612632925584,0.7762966871903171,33.33333333333333,TRUE,-0.04689654195342641,-0.060410591372173715
Q96GK7,FAHD2A,FAHD2A,17.163072800582416,17.160415167269747,0.4823160752390347,17.77777777777778,TRUE,-0.0026576333126691054,-0.005510148736701319
Q9NRY5,FAM114A2,FAM114A2,16.03630738370112,16.05263066330889,0.45213431319580616,26.666666666666668,TRUE,0.016323279607767915,0.03610272242420756
Q96C01,FAM136A,FAM136A,16.842961407362473,16.804437509090395,0.45730024651616075,48.888888888888886,TRUE,-0.03852389827207858,-0.08424202384661773
Q52LJ0,FAM98B,FAM98B,14.88869894719415,14.85960899913382,0.43766393241710877,62.22222222222222,FALSE,-0.029089948060329718,-0.06646640471302533
P23142,FBLN1,FBLN1,16.824986301586424,16.790666946801757,0.6868436961152492,22.22222222222222,TRUE,-0.03431935478466741,-0.04996676096581482
P98095,FBLN2,FBLN2,17.279392812381563,17.272625133219048,0.5970609407664235,48.888888888888886,TRUE,-0.006767679162514639,-0.011334988944055255
Q9UBX5,FBLN5,FBLN5,18.38710116762842,18.36666316432746,0.7983495051189604,31.11111111111111,TRUE,-0.020438003300959906,-0.025600320623878237
Q9Y3I1,FBXO7,FBXO7,18.632102042972953,18.515122095379663,1.0721956806317468,64.44444444444444,FALSE,-0.11697994759328978,-0.10910316997767068
P22570,FDXR,FDXR,17.00967982310334,16.978458730494715,0.7575666452535234,28.888888888888886,TRUE,-0.031221092608625156,-0.0412123379563218
Q86UX7,FERMT3,FERMT3,16.726064532549113,16.595254929042635,1.1188295571244105,77.77777777777779,FALSE,-0.13080960350647786,-0.11691647103306928
Q96C11,FGGY,FGGY,17.86476659455807,17.88661382614606,0.6789137468653722,44.44444444444444,TRUE,0.021847231587990734,0.0321796865785412
A5D6W6,FITM1,FITM1,16.52703847973878,16.515913879343234,0.8056155792619069,26.666666666666668,TRUE,-0.01112460039554719,-0.013808819841517198
Q8N6M3,FITM2,FITM2,17.85924286902356,17.837385814329593,0.6623716083532314,13.333333333333334,TRUE,-0.02185705469396737,-0.03299817567408683
O75955,FLOT1,FLOT1,16.669132058824463,16.638502789932456,0.7119977738997357,20,TRUE,-0.030629268892006678,-0.04301877058441467
Q14254,FLOT2,FLOT2,18.263365889240344,18.24143316798216,0.5682951146954897,24.444444444444443,TRUE,-0.02193272125818524,-0.03859389372005684
P02751,FN1,FN1,18.189220262071895,18.132097349993156,0.8366874518413736,31.11111111111111,TRUE,-0.05712291207873932,-0.06827270081919332
Q16658,FSCN1,FSCN1,16.76570092064026,16.699374699630788,0.752556773070514,35.55555555555556,TRUE,-0.06632622100947216,-0.08813450809678308
Q96AE4,FUBP1,FUBP1,16.774711371912932,16.7310811029775,0.4349493876694363,37.77777777777778,TRUE,-0.04363026893543065,-0.10031114003680325
P51114,FXR1,FXR1,17.915966463829914,17.92412605728514,0.5196000832024609,22.22222222222222,TRUE,0.008159593455225433,0.01570360305744229
O00168,FXYD1,FXYD1,16.679641319327192,16.709229246499206,0.793090363540356,53.333333333333336,FALSE,0.029587927172013195,0.03730713236753081
P60520,GABARAPL2,GABARAPL2,17.51007747284557,17.495156184269828,0.6363682984819864,28.888888888888886,TRUE,-0.014921288575742153,-0.023447567409212368
P51570,GALK1,GALK1,19.195853395480494,19.18733139278653,0.7068102266904083,51.11111111111111,FALSE,-0.008522002693965192,-0.012056988385508937
P22102,GART,GART,18.20983301332748,18.20958637046826,0.5275738796550553,17.77777777777778,TRUE,-2.466428592207137e-4,-4.67503924534658e-4
Q92616,GCN1,GCN1,17.321119106335452,17.209306447780754,1.1810560853976682,60,FALSE,-0.11181265855469746,-0.0946717602467198
Q9H3K2,GHITM,GHITM,16.231078640535348,16.22698795870253,0.4423156608852677,55.55555555555556,FALSE,-0.0040906818328174666,-0.009248331439656053
P60983,GMFB,GMFB,17.14855092759797,17.159214520479345,0.6468838693693851,40,TRUE,0.010663592881375195,0.016484555244468534
Q9Y5P6,GMPPB,GMPPB,14.64766044153749,14.632463830508067,0.6292779064760692,35.55555555555556,TRUE,-0.015196611029422158,-0.024149284239967306
P29992,GNA11,GNA11,16.67350081670396,16.62200869820375,0.5756397546513585,24.444444444444443,TRUE,-0.05149211850021018,-0.08945198465557136
Q9H8Y8,GORASP2,GORASP2,15.800126259942633,15.791466958963593,0.299233946185839,66.66666666666666,FALSE,-0.008659300979040552,-0.02893823073690543
O14653,GOSR2,GOSR2,17.775071889314237,17.55004332001,1.1216968027143557,35.55555555555556,TRUE,-0.22502856930423576,-0.20061443409635904
Q53EU6,GPAT3,GPAT3,16.19000246716248,16.180708638222168,0.550662857364234,28.888888888888886,TRUE,-0.0092938289403115,-0.01687753008219352
P35052,GPC1,GPC1,14.887275297726303,14.874535430262947,0.9530258136377912,66.66666666666666,FALSE,-0.012739867463356092,-0.013367809435010782
Q9NQX3,GPHN,GPHN,16.09740078292701,16.093393852861173,0.6551950383662637,44.44444444444444,TRUE,-0.004006930065838077,-0.006115629440402056
P49840,GSK3A,GSK3A,14.961755724682497,14.94102170462508,0.5837760804095828,51.11111111111111,FALSE,-0.02073402005741798,-0.03551707710064241
P49841,GSK3B,GSK3B,15.87944099759668,15.87244724484989,0.5616524934289355,13.333333333333334,TRUE,-0.006993752746788928,-0.012452099525262465
O95479,H6PD,H6PD,17.247968650839713,17.23005580271836,0.5165494626393957,28.888888888888886,TRUE,-0.017912848121351743,-0.034677895181272775
P53701,HCCS,HCCS,16.831049148492077,16.81579244203707,0.5288539020253635,13.333333333333334,TRUE,-0.015256706455009095,-0.028848622268986098
Q7Z4H3,HDDC2,HDDC2,18.08307538102613,18.038405287201478,0.6473441494153037,48.888888888888886,TRUE,-0.04467009382465292,-0.06900517115200623
Q9NRV9,HEBP1,HEBP1,14.476181472408994,14.364186697191322,0.8871951930133645,75.55555555555556,FALSE,-0.11199477521767243,-0.12623465061536393
Q9ULT8,HECTD1,HECTD1,15.085114152655244,15.073725650715765,0.5091201977216934,46.666666666666664,TRUE,-0.011388501939478601,-0.02236898475142414
Q53FT3,HIKESHI,HIKESHI,18.463246473558506,18.438918741400105,0.5690741558018215,28.888888888888886,TRUE,-0.024327732158401005,-0.04274966963509949
P01889,HLA-B,HLA-B,15.102168225843634,15.050797066912605,0.6346726077654792,46.666666666666664,TRUE,-0.051371158931029726,-0.08094119440871178
P10321,HLA-C,HLA-C,15.202291037401668,15.214755320820684,0.8155095596009267,66.66666666666666,FALSE,0.012464283419015842,0.015284043298174574
P01903,HLA-DRA,HLA-DRA,17.304985777886408,17.22938231337724,0.7009395107891967,62.22222222222222,FALSE,-0.0756034645091681,-0.1078601838610085
Q30154,HLA-DRB5,HLA-DRB5,16.851136943973966,16.827127892817984,0.6213805605328145,66.66666666666666,FALSE,-0.024009051155982064,-0.03863823988216665
P26583,HMGB2,HMGB2,16.918020993403623,16.877935715268006,0.9156408709460052,33.33333333333333,TRUE,-0.04008527813561713,-0.04377838452558649
P35914,HMGCL,HMGCL,17.387762950852988,17.367396527077094,0.5134582041183476,11.11111111111111,TRUE,-0.020366423775893594,-0.03966520276146822
Q13151,HNRNPA0,HNRNPA0,17.20856367843983,17.178028880500094,0.6073723754650563,42.22222222222222,TRUE,-0.03053479793973679,-0.050273603432090135
P51991,HNRNPA3,HNRNPA3,18.14872387090693,18.128129865016195,0.8223475126272235,15.555555555555555,TRUE,-0.0205940058907359,-0.025042947871201652
P07910,HNRNPC,HNRNPC,17.77857958689821,17.686239580989326,1.0250599381236856,31.11111111111111,TRUE,-0.09234000590888414,-0.09008254295637318
P31942,HNRNPH3,HNRNPH3,16.699764093833988,16.69542437670173,0.6083600035079829,17.77777777777778,TRUE,-0.004339717132257448,-0.007133468846132818
Q1KMD3,HNRNPUL2,HNRNPUL2,15.572974164192374,15.58032836426248,0.9083638475490633,35.55555555555556,TRUE,0.0073542000701056764,0.008096095072419155
Q86VS8,HOOK3,HOOK3,16.64842518383844,16.540603896406637,1.3118608124206153,68.88888888888889,FALSE,-0.10782128743180408,-0.08218957865877154
P37235,HPCAL1,HPCAL1,18.25027899998603,18.233777111081046,0.42053612529049267,20,TRUE,-0.016501888904983275,-0.03924012210267146
Q9NZL4,HSPBP1,HSPBP1,17.789884287112056,17.7667604600545,0.4427390983515301,20,TRUE,-0.023123827057556667,-0.05222901510992507
Q92598,HSPH1,HSPH1,17.51543752696247,17.51035558373055,0.6669503867920138,35.55555555555556,TRUE,-0.005081943231918018,-0.00761967206640635
O43464,HTRA2,HTRA2,16.318597883119892,16.328674946027956,0.4621628716567449,46.666666666666664,TRUE,0.010077062908063539,0.0218041377316608
Q9Y4L1,HYOU1,HYOU1,16.486723527639263,16.497986994533047,0.4499462248868506,33.33333333333333,TRUE,0.011263466893783658,0.025032917870610245
P13164,IFITM1,IFITM1,17.67780299035393,17.470851914282534,1.1983719676559061,53.333333333333336,FALSE,-0.20695107607139462,-0.17269352225937365
Q14116,IL18,IL18,17.045348206206604,17.053420067957024,0.85583047920639,35.55555555555556,TRUE,0.008071861750419629,0.009431612856210322
Q12905,ILF2,ILF2,16.7019478281805,16.68978455007376,0.8503900756926484,40,TRUE,-0.01216327810674045,-0.014303175042151542
Q12906,ILF3,ILF3,15.599022847798814,15.566979613943447,0.6548135524456683,44.44444444444444,TRUE,-0.03204323385536689,-0.048934897171398435
A1L0T0,ILVBL,ILVBL,16.95552264494643,16.889285706753817,0.7140564023319682,62.22222222222222,FALSE,-0.06623693819261334,-0.09276149331662945
Q8WZA9,IRGQ,IRGQ,15.835425766276284,15.818209909468834,0.5640403455240453,24.444444444444443,TRUE,-0.01721585680745008,-0.030522385400382962
Q9H1K1,ISCU,ISCU,17.302157022922227,17.304971573957804,0.5903246132048601,42.22222222222222,TRUE,0.00281455103557704,0.00476780227796517
Q9NPH2,ISYNA1,ISYNA1,16.561006925287174,16.500866356876525,0.7604478521893607,44.44444444444444,TRUE,-0.060140568410648854,-0.07908572328464296
Q9H910,JPT2,JPT2,14.638654658414035,14.612985473257142,0.5453839209314445,20,TRUE,-0.025669185156893093,-0.047066266847496124
Q96CX2,KCTD12,KCTD12,17.723559615060605,17.700694067982656,0.7380693250662336,17.77777777777778,TRUE,-0.022865547077948634,-0.03098021595179654
P03952,KLKB1,KLKB1,17.80530898834562,17.693184785141458,1.027136658719987,66.66666666666666,FALSE,-0.11212420320416072,-0.1091619136093238
P52294,KPNA1,KPNA1,16.149974428359293,16.142823577225833,0.5021977312736812,15.555555555555555,TRUE,-0.007150851133459923,-0.014239114771235288
P01116,KRAS,KRAS,17.583018124933265,17.588934053745795,0.45944425511100495,20,TRUE,0.00591592881253078,0.01287627116177881
Q16773,KYAT1,KYAT1,17.629130934184502,17.600990353028873,0.6486373267264394,17.77777777777778,TRUE,-0.028140581155629008,-0.04338415320260655
Q6YP21,KYAT3,KYAT3,15.697313458033575,15.675415454202941,0.4900238908639499,71.11111111111111,FALSE,-0.021898003830633783,-0.04468762490748342
Q53H82,LACTB2,LACTB2,18.112439401693056,18.09243508596922,0.542766181559002,13.333333333333334,TRUE,-0.020004315723834765,-0.036856230921344116
P11279,LAMP1,LAMP1,18.315958253754086,18.235417614545945,0.9491850381997704,48.888888888888886,TRUE,-0.08054063920814158,-0.08485241124417153
Q6IAA8,LAMTOR1,LAMTOR1,15.801131915618758,15.765256628082547,0.5997165230249579,37.77777777777778,TRUE,-0.03587528753621072,-0.059820408741210765
Q9Y2Q5,LAMTOR2,LAMTOR2,17.536390418243705,17.50777184331696,0.44227690674225223,44.44444444444444,TRUE,-0.02861857492674602,-0.06470736882363202
Q9NS86,LANCL2,LANCL2,17.697145816302303,17.691531335546685,0.4170889653279399,13.333333333333334,TRUE,-0.00561448075561799,-0.013461110751763847
Q14847,LASP1,LASP1,18.321359745596794,18.27487412825089,0.6347883534381998,26.666666666666668,TRUE,-0.04648561734590473,-0.07323010432394512
Q9UIC8,LCMT1,LCMT1,17.459646984134498,17.453426197020004,0.45285674112568364,11.11111111111111,TRUE,-0.006220787114493476,-0.013736766066527403
Q08380,LGALS3BP,LGALS3BP,18.243726172585014,18.210064724806795,0.9132859619776655,17.77777777777778,TRUE,-0.033661447778218445,-0.036857511425366286
P0CW19,LIMS3,LIMS3,16.854054969354067,16.848845309837408,0.5642400413689538,28.888888888888886,TRUE,-0.00520965951665886,-0.00923305532166635
Q03252,LMNB2,LMNB2,16.235220372322225,16.21048409952519,0.9103054729684908,57.77777777777777,FALSE,-0.024736272797035497,-0.02717359560233218
Q9UIQ6,LNPEP,LNPEP,18.094447448764953,18.0980900413842,0.6927346574819493,80,FALSE,0.0036425926192471536,0.0052582797466605305
Q6P1A2,LPCAT3,LPCAT3,17.21389603560626,17.20318285731741,0.6183495407929448,53.333333333333336,FALSE,-0.010713178288849434,-0.017325440680543428
Q93052,LPP,LPP,18.452723458298482,18.404165020829506,0.8131738336627912,28.888888888888886,TRUE,-0.04855843746897648,-0.05971470730957239
P02750,LRG1,LRG1,18.97791370863144,18.884199347553228,1.1068362365330804,33.33333333333333,TRUE,-0.09371436107821296,-0.08466867815220114
P30533,LRPAP1,LRPAP1,18.159745187985184,18.138385522299924,0.7468227966152472,15.555555555555555,TRUE,-0.021359665685260154,-0.02860071463011909
Q9Y333,LSM2,LSM2,16.347038007849,16.36269197402596,0.9616468441203581,13.333333333333334,TRUE,0.015653966176959244,0.016278289969618016
Q9Y4Z0,LSM4,LSM4,16.972327347595602,16.952740505687338,0.7697948238183222,37.77777777777778,TRUE,-0.01958684190826432,-0.025444236960583892
P48449,LSS,LSS,18.37201043532606,18.33994693704115,0.6806209122973297,46.666666666666664,TRUE,-0.032063498284909286,-0.047109187663194114
P02788,LTF,LTF,20.584145981250266,20.06159691705776,2.7368438429575543,55.55555555555556,FALSE,-0.522549064192507,-0.19093126761219137
Q9BS40,LXN,LXN,17.834879171644246,17.72364543091102,1.1711409007238496,35.55555555555556,TRUE,-0.11123374073322623,-0.09497895655806722
Q5U5X0,LYRM7,LYRM7,17.730539682201584,17.688331757284598,0.63927467279257,11.11111111111111,TRUE,-0.04220792491698688,-0.06602471005555133
Q9NTJ4,MAN2C1,MAN2C1,15.71086827928084,15.702741716511767,0.4916977391677992,24.444444444444443,TRUE,-0.008126562769072976,-0.016527557728508623
P45984,MAPK9,MAPK9,17.13659221801604,17.114606008423667,0.8163495585912326,17.77777777777778,TRUE,-0.02198620959237374,-0.0269323470086946
P49137,MAPKAPK2,MAPKAPK2,16.6939872162334,16.68928318637999,0.37380309366518055,26.666666666666668,TRUE,-0.004704029853410674,-0.012584245377123935
P29966,MARCKS,MARCKS,15.674870259491795,15.66926788045153,0.9219213919730893,51.11111111111111,FALSE,-0.005602379040265504,-0.0060768511166394935
Q7Z434,MAVS,MAVS,17.60482925382827,17.593068495868927,0.36569317755038555,31.11111111111111,TRUE,-0.011760757959343948,-0.03216017875456137
Q9HCC0,MCCC2,MCCC2,16.901864005132207,16.890159155025543,0.5645002781416975,13.333333333333334,TRUE,-0.01170485010666411,-0.02073488811235985
Q86V88,MDP1,MDP1,17.766739784120848,17.74306928975624,0.573367485564082,11.11111111111111,TRUE,-0.023670494364608885,-0.041283286828379756
Q9Y316,MEMO1,MEMO1,15.753471021550393,15.694528536410628,0.6353261737389603,44.44444444444444,TRUE,-0.058942485139764855,-0.09277515640963166
Q96S19,METTL26,METTL26,16.902537478637502,16.880324655703024,0.5974750100329108,17.77777777777778,TRUE,-0.022212822934477572,-0.03717782762705677
Q99685,MGLL,MGLL,15.210984875649576,15.210367150357966,0.44101602023928305,37.77777777777778,TRUE,-6.177252916099718e-4,-0.0014006867398486142
Q8IYU8,MICU2,MICU2,15.466467115436009,15.463764321964797,0.4591223400770196,53.333333333333336,FALSE,-0.0027027934712116064,-0.005886869871673424
Q5VWP3,MLIP,MLIP,17.377914187321547,17.3151145130592,0.7776789476837377,17.77777777777778,TRUE,-0.06279967426234734,-0.08075269936185334
O95822,MLYCD,MLYCD,15.526204674612881,15.527763977375626,0.4105002342249385,24.444444444444443,TRUE,0.001559302762744963,0.0037985429306491565
Q96EY8,MMAB,MMAB,17.561013749186806,17.53155818418098,0.5974744245335978,26.666666666666668,TRUE,-0.02945556500582569,-0.04930012699509168
P08473,MME,MME,16.006291120175696,15.962228274790087,0.678960589873043,44.44444444444444,TRUE,-0.044062845385608895,-0.06489750074278698
Q70IA6,MOB2,MOB2,16.876431637794713,16.86854938182124,0.5222578769832568,31.11111111111111,TRUE,-0.007882255973473917,-0.015092651199450682
Q9Y3A3,MOB4,MOB4,16.537945185318037,16.532972430807753,0.5081936074956771,20,TRUE,-0.004972754510284005,-0.009785157540231959
O96007,MOCS2,MOCS2,16.705558323464963,16.661883867856577,0.594437514565047,60,FALSE,-0.0436744556083859,-0.0734719033342684
Q13724,MOGS,MOGS,15.71331979568143,15.682386626296593,0.8614085190504196,26.666666666666668,TRUE,-0.03093316938483781,-0.03590998777088626
O75352,MPDU1,MPDU1,15.93452629510049,15.892287834325938,0.6261901646325515,53.333333333333336,FALSE,-0.04223846077455207,-0.06745308879026805
Q00013,MPP1,MPP1,17.050343363468727,17.022675747251185,0.8162664172733227,24.444444444444443,TRUE,-0.02766761621754199,-0.033895325878974175
Q9UBG0,MRC2,MRC2,16.651582516325977,16.652472051456144,0.6328051675103152,60,FALSE,8.895351301667631e-4,0.0014057014320324162
Q9BYD6,MRPL1,MRPL1,17.08930896839022,17.085536389082908,0.7620433698768916,48.888888888888886,TRUE,-0.0037725793073128955,-0.004950609711258766
Q9BYD1,MRPL13,MRPL13,15.920017969008105,15.914475234738664,0.5833091300896748,62.22222222222222,FALSE,-0.005542734269441851,-0.00950222443559171
Q9NWU5,MRPL22,MRPL22,13.702072209046149,13.667186208313522,0.5119925259644778,51.11111111111111,FALSE,-0.0348860007326266,-0.06813771483657752
Q9BZE1,MRPL37,MRPL37,16.367576435404015,16.323187906075784,0.6047292252867684,26.666666666666668,TRUE,-0.044388529328230675,-0.07340232201805892
Q96DV4,MRPL38,MRPL38,16.039294710351232,16.030463243799556,0.5062881917124071,55.55555555555556,FALSE,-0.008831466551676215,-0.017443556251639496
Q9NQ50,MRPL40,MRPL40,18.19527881445039,18.192625940005236,1.094352328981134,26.666666666666668,TRUE,-0.002652874445153941,-0.0024241502255711606
Q8IXM3,MRPL41,MRPL41,18.185024591252926,18.202201496593773,0.7302054553991898,62.22222222222222,FALSE,0.017176905340846815,0.02352338675894515
Q9H9J2,MRPL44,MRPL44,16.64390061277888,16.655388392964372,1.0742583549953988,73.33333333333333,FALSE,0.01148778018549379,0.010693684747318528
Q9H2W6,MRPL46,MRPL46,16.629141674350407,16.599214250885176,0.5039917675517607,31.11111111111111,TRUE,-0.029927423465231584,-0.05938077840161942
Q9HD33,MRPL47,MRPL47,16.58619677241097,16.586592387871264,0.5111499426738862,44.44444444444444,TRUE,3.956154602953177e-4,7.739714460805885e-4
Q13405,MRPL49,MRPL49,17.13075017810108,17.115544592360642,0.6829280159157389,33.33333333333333,TRUE,-0.015205585740439176,-0.022265283289117945
Q7Z7F7,MRPL55,MRPL55,16.446214560254035,16.415077381094758,0.6152307051960992,20,TRUE,-0.03113717915927694,-0.05061057404368698
Q9BYD2,MRPL9,MRPL9,17.769106638898677,17.51580690978011,1.1265554950252417,37.77777777777778,TRUE,-0.2532997291185666,-0.22484443086657807
P82650,MRPS22,MRPS22,15.916354274373822,15.901993012687983,0.5569304334656369,17.77777777777778,TRUE,-0.0143612616858384,-0.02578645522470717
Q92552,MRPS27,MRPS27,17.337476455505364,17.344895796396507,0.8326573576039178,46.666666666666664,TRUE,0.007419340891143378,0.008910436956317203
Q9Y2Q9,MRPS28,MRPS28,17.42335089047742,17.420413222394355,0.5535657252884038,26.666666666666668,TRUE,-0.002937668083063727,-0.0053068099213209475
Q9Y3D2,MSRB2,MSRB2,16.860925232358326,16.849969681215835,0.509340441212387,17.77777777777778,TRUE,-0.010955551142490805,-0.021509289771715793
P00156,MT-CYB,MT-CYB,17.317137333277334,17.284558427650747,0.6167991205061324,28.888888888888886,TRUE,-0.03257890562658616,-0.05281931271213973
Q969Z3,MTARC2,MTARC2,16.27928483720791,16.286952071294852,0.48628803784440905,55.55555555555556,FALSE,0.007667234086941477,0.015766857274401344
Q9UDX5,MTFP1,MTFP1,16.872318434711254,16.83572957966741,0.689970151035528,57.77777777777777,FALSE,-0.03658885504384202,-0.0530296201783923
P46199,MTIF2,MTIF2,15.820047242183401,15.80670007129572,0.439584298690101,40,TRUE,-0.013347170887680448,-0.03036316567141531
Q13496,MTM1,MTM1,18.823357680758377,18.858453339289944,0.7116844929169788,40,TRUE,0.03509565853156715,0.04931350743321763
Q13505,MTX1,MTX1,15.376698956959181,15.378102742767217,0.5692384411031365,20,TRUE,0.0014037858080353516,0.0024660769664728408
P84157,MXRA7,MXRA7,14.945040664649019,14.934378591562346,0.6126599190312775,48.888888888888886,TRUE,-0.010662073086672663,-0.01740292249496469
P13535,MYH8,MYH8,16.23632445333037,16.122659732037725,1.345160746695205,20,TRUE,-0.11366472129264338,-0.08449898762798068
Q8TDC0,MYOZ3,MYOZ3,18.322965882145713,18.22487228263545,1.0183034826666673,33.33333333333333,TRUE,-0.09809359951026408,-0.096330417385378
Q6XQN6,NAPRT,NAPRT,18.045503627669373,18.032780712507712,0.5836230909004345,15.555555555555555,TRUE,-0.012722915161660353,-0.021799883109544185
Q9BU61,NDUFAF3,NDUFAF3,16.6306643517376,16.62272633467771,0.43807029775351236,11.11111111111111,TRUE,-0.007938017059888836,-0.01812041834517458
Q9P032,NDUFAF4,NDUFAF4,17.869170751242155,17.857551515963074,0.7513142285424838,15.555555555555555,TRUE,-0.011619235279081153,-0.015465213938010935
Q5TEU4,NDUFAF5,NDUFAF5,16.302622115775545,16.289632909708043,0.6035175571034496,55.55555555555556,FALSE,-0.012989206067501868,-0.02152249907996525
Q9UMS0,NFU1,NFU1,17.63192625943668,17.599781247788574,0.5500345503272459,13.333333333333334,TRUE,-0.03214501164810457,-0.05844180448115437
Q96IV0,NGLY1,NGLY1,17.63461155244397,17.549327711659224,0.6692182709491676,62.22222222222222,FALSE,-0.08528384078474716,-0.12743800414143971
P14543,NID1,NID1,19.039704442194655,18.98870096868021,0.8673957410465252,55.55555555555556,FALSE,-0.05100347351444512,-0.058800696269166265
Q9BYT8,NLN,NLN,18.685120441444806,18.603058797538576,1.5226457700921894,71.11111111111111,FALSE,-0.08206164390622916,-0.05389411346886065
P40261,NNMT,NNMT,18.774147563760398,18.369007207906098,2.001212950010328,71.11111111111111,FALSE,-0.4051403558543001,-0.2024473986400144
P61916,NPC2,NPC2,18.32672340672909,18.282175818196297,0.5070355493009568,57.77777777777777,FALSE,-0.044547588532793725,-0.08785890573986556
P49902,NT5C2,NT5C2,15.422977708419099,15.401374154998159,0.5967191059649409,28.888888888888886,TRUE,-0.021603553420940003,-0.036203890917830404
Q9BV86,NTMT1,NTMT1,16.014039607389755,15.998490396783795,0.5911666231689049,37.77777777777778,TRUE,-0.015549210605959374,-0.026302585424408744
P53384,NUBP1,NUBP1,17.003879928090914,16.985569086070946,0.6527827773391502,35.55555555555556,TRUE,-0.01831084201996802,-0.02805043676949631
Q9Y5Y2,NUBP2,NUBP2,16.225833302581034,16.160428503547674,0.8035108514797066,60,FALSE,-0.0654047990333595,-0.08139877502950109
Q8TB37,NUBPL,NUBPL,17.23428019306796,17.21981764767992,0.5716596923825051,20,TRUE,-0.014462545388038706,-0.025299221863558683
Q96DE0,NUDT16,NUDT16,16.44354633131689,16.44561149626181,0.4488411478678008,17.77777777777778,TRUE,0.0020651649449199283,0.004601104321050775
A8MXV4,NUDT19,NUDT19,15.701745950435164,15.650782909169866,0.585468852032098,66.66666666666666,FALSE,-0.05096304126529816,-0.08704654583828166
P50583,NUDT2,NUDT2,17.296196507601195,17.28412854064886,0.49807841543408016,57.77777777777777,FALSE,-0.012067966952333364,-0.024229050242653087
Q9H6K4,OPA3,OPA3,18.069831043388614,18.04378986337638,0.6536604987526322,28.888888888888886,TRUE,-0.026041180012235543,-0.03983899908580896
Q9BXB4,OSBPL11,OSBPL11,17.315958627943118,17.300918081598812,0.5742654049145662,28.888888888888886,TRUE,-0.015040546344305739,-0.026190932303406522
Q9BXW6,OSBPL1A,OSBPL1A,17.361371999526504,17.358133470296828,0.6796582599381783,40,TRUE,-0.003238529229676601,-0.004764937646709653
Q9NRP0,OSTC,OSTC,18.242237818366895,18.21659122925816,0.5826765248203659,13.333333333333334,TRUE,-0.025646589108735185,-0.04401514050465961
Q92882,OSTF1,OSTF1,18.11910858729146,17.89968400272401,1.0738539156237783,71.11111111111111,FALSE,-0.21942458456745229,-0.20433373792746598
P55809,OXCT1,OXCT1,15.69728837578417,15.670678061118423,0.7533283159021753,48.888888888888886,TRUE,-0.02661031466574748,-0.03532366181387905
Q9H074,PAIP1,PAIP1,16.086463724405046,16.065281134129346,0.5422411249699477,20,TRUE,-0.02118259027569991,-0.03906489069207707
Q9NP74,PALMD,PALMD,15.474113740734925,15.455686044663898,0.5618218754266967,35.55555555555556,TRUE,-0.018427696071027455,-0.0327998906362125
P09874,PARP1,PARP1,15.483616940490387,15.45511708215963,0.47594945079339035,53.333333333333336,FALSE,-0.028499858330757633,-0.05988001096177212
Q9BVG4,PBDC1,PBDC1,16.122553406610315,16.105143394991835,0.4764902762978298,22.22222222222222,TRUE,-0.017410011618480326,-0.03653802078344662
Q99447,PCYT2,PCYT2,14.604486315872572,14.586647793112707,0.5768518207922658,53.333333333333336,FALSE,-0.017838522759864972,-0.03092392555052527
O75340,PDCD6,PDCD6,17.52567998704868,17.503150843102734,0.38638940586967596,22.22222222222222,TRUE,-0.022529143945945407,-0.058306836584293385
Q9H2J4,PDCL3,PDCL3,15.457964999021101,15.439684136524143,0.6038244670853905,20,TRUE,-0.01828086249695815,-0.030275127116326246
P13667,PDIA4,PDIA4,16.22663400500592,16.20140975187103,0.7820480031768638,22.22222222222222,TRUE,-0.025224253134890517,-0.03225409825538028
Q16654,PDK4,PDK4,19.163579319230198,19.2187487325497,0.9480084313799007,53.333333333333336,FALSE,0.05516941331950065,0.05819506609155072
Q9P0J1,PDP1,PDP1,17.63903606362641,17.612218195057306,0.42326038904982033,57.77777777777777,FALSE,-0.026817868569104064,-0.06336021338851872
Q8NCN5,PDPR,PDPR,16.848213514710643,16.80465167040853,0.6072003094832729,11.11111111111111,TRUE,-0.04356184430211485,-0.07174213125679392
Q8IUZ5,PHYKPL,PHYKPL,17.652279195502185,17.638936636120377,0.5496774720059983,11.11111111111111,TRUE,-0.013342559381808172,-0.024273433170029158
P78356,PIP4K2B,PIP4K2B,15.809088325216525,15.811984515848392,0.45654205612237364,35.55555555555556,TRUE,0.0028961906318674124,0.006343754300460557
Q9GZP4,PITHD1,PITHD1,17.1513672714728,17.12587093874373,0.6246359257800621,28.888888888888886,TRUE,-0.025496332729069593,-0.040817909564245906
Q9UPR0,PLCL2,PLCL2,15.787762505422727,15.79264276330271,0.6812780047040022,60,FALSE,0.004880257879984029,0.007163386820486558
Q00G26,PLIN5,PLIN5,17.26282472171118,17.258911848081716,0.6966361660977388,13.333333333333334,TRUE,-0.003912873629463576,-0.005616810926400561
Q8IYS1,PM20D2,PM20D2,16.4245699528239,16.378536282654853,0.8809789660338431,33.33333333333333,TRUE,-0.04603367016904869,-0.052252859539078135
O15305,PMM2,PMM2,17.211615421914683,17.203019821591973,0.5239474342557592,13.333333333333334,TRUE,-0.00859560032271034,-0.016405463145210273
Q10713,PMPCA,PMPCA,18.257092387552177,18.25670429065285,0.662895143187181,17.77777777777778,TRUE,-3.88096899328616e-4,-5.854574487643055e-4
O75439,PMPCB,PMPCB,17.838649243616835,17.815920348863315,0.7483745223477823,33.33333333333333,TRUE,-0.022728894753520024,-0.03037101621553803
Q8TCS8,PNPT1,PNPT1,16.663538903332295,16.65709391442467,0.6637437815041474,13.333333333333334,TRUE,-0.006444988907624349,-0.009710055426838041
Q9H488,POFUT1,POFUT1,15.099388438327962,15.130630372644854,0.6433614135690946,75.55555555555556,FALSE,0.03124193431689193,0.048560472633220275
Q9Y2S7,POLDIP2,POLDIP2,15.889575217045893,15.852054060085063,0.8420849590966015,28.888888888888886,TRUE,-0.03752115696083003,-0.04455744821886281
P02775,PPBP,PPBP,17.75111680163386,17.680059547399754,1.2355540919909513,28.888888888888886,TRUE,-0.07105725423410547,-0.0575104357589112
Q9HAB8,PPCS,PPCS,15.626282638251071,15.605455154812608,0.5679333183538368,42.22222222222222,TRUE,-0.02082748343846319,-0.03667240988578019
P45877,PPIC,PPIC,17.356644873471122,17.36402046362819,0.4588983986188503,31.11111111111111,TRUE,0.007375590157067791,0.01607238155388242
Q08752,PPID,PPID,17.05243192785955,17.036614769090956,0.4783019204237224,31.11111111111111,TRUE,-0.015817158768594908,-0.033069402595295165
Q9H2H8,PPIL3,PPIL3,18.417657263529573,18.38900281475231,0.6922664136852394,26.666666666666668,TRUE,-0.028654448777263752,-0.04139222734311706
P35813,PPM1A,PPM1A,18.092845904425236,18.080206929845886,0.39244565246393026,15.555555555555555,TRUE,-0.012638974579349593,-0.03220566847918195
P36873,PPP1CC,PPP1CC,16.521187146437576,16.525596146838748,0.5566067627354225,48.888888888888886,TRUE,0.004409000401171426,0.007921212418447026
O60237,PPP1R12B,PPP1R12B,19.27703052914317,19.349596405159957,1.1204194600435418,37.77777777777778,TRUE,0.07256587601678888,0.06476670443939703
Q96C90,PPP1R14B,PPP1R14B,17.690739003988707,17.66663970778663,0.7372059758862415,28.888888888888886,TRUE,-0.024099296202077625,-0.032690044560621405
P41236,PPP1R2,PPP1R2,16.714189491727435,16.714512441009294,0.50006897348781,31.11111111111111,TRUE,3.229492818590529e-4,6.458094762540298e-4
Q16821,PPP1R3A,PPP1R3A,18.510186819477706,18.461338911280496,0.7582493644996946,33.33333333333333,TRUE,-0.04884790819721019,-0.06442195731933233
P62714,PPP2CB,PPP2CB,16.145201804883612,16.144324825306743,0.3709497927782216,53.333333333333336,FALSE,-8.769795768692745e-4,-0.002364146291338114
Q14738,PPP2R5D,PPP2R5D,15.829374121790485,15.830456347892854,0.9796021735052953,33.33333333333333,TRUE,0.0010822261023690771,0.001104760821933014
Q8NI37,PPTC7,PPTC7,17.205321548358043,17.184936978595772,0.4949223214315795,33.33333333333333,TRUE,-0.0203845697622711,-0.04118741240707843
Q9HCU5,PREB,PREB,18.166458804215168,18.148245088749842,0.6209580985900841,48.888888888888886,TRUE,-0.018213715465325464,-0.029331633658825934
O75569,PRKRA,PRKRA,15.046251335991247,15.013180092679956,0.7142287799097112,42.22222222222222,TRUE,-0.03307124331129074,-0.04630343139556967
Q14558,PRPSAP1,PRPSAP1,17.367830193365876,17.355703205227275,0.8317235621195322,55.55555555555556,FALSE,-0.01212698813860058,-0.014580551388608773
Q86TP1,PRUNE1,PRUNE1,16.538252106453847,16.520237601223076,0.5197649327710344,22.22222222222222,TRUE,-0.018014505230770084,-0.03465894694882348
P26599,PTBP1,PTBP1,17.716324070602518,17.70520531785245,0.779967599629275,37.77777777777778,TRUE,-0.01111875275006824,-0.01425540337233633
Q96EY7,PTCD3,PTCD3,17.215085580183775,17.066359737661948,0.9402752039762173,31.11111111111111,TRUE,-0.1487258425218272,-0.15817267316302533
P20962,PTMS,PTMS,15.354626028368658,15.34843860793386,1.563282289331675,82.22222222222221,FALSE,-0.006187420434798696,-0.003957967461810052
P18031,PTPN1,PTPN1,17.891290768701726,17.788262247462548,0.8224374216619005,55.55555555555556,FALSE,-0.10302852123917816,-0.12527217089780313
Q00577,PURA,PURA,17.628110899723854,17.578311049338453,0.7411213264139703,24.444444444444443,TRUE,-0.049799850385401356,-0.06719527371633684
P49023,PXN,PXN,17.597734809123462,17.584911264048205,0.8654131530008787,35.55555555555556,TRUE,-0.012823545075256959,-0.014817830108995279
Q96PU8,QKI,QKI,17.4269823120518,17.42535104066085,0.4114815958018023,11.11111111111111,TRUE,-0.001631271390948541,-0.003964384817186995
Q6IQ22,RAB12,RAB12,18.04444110890268,18.02690877766239,0.5532681291794406,13.333333333333334,TRUE,-0.017532331240293075,-0.03168867013231995
P62820,RAB1A,RAB1A,18.1054880718035,18.07492172418624,0.5997831899263928,33.33333333333333,TRUE,-0.030566347617259737,-0.0509623279388856
Q969Q5,RAB24,RAB24,14.685368873427292,14.652638276416736,0.5120862939451506,46.666666666666664,TRUE,-0.032730597010555584,-0.06391617467125833
Q8WUD1,RAB2B,RAB2B,18.83063118711108,18.83972481023416,0.5880564742648945,46.666666666666664,TRUE,0.009093623123078487,0.015463860226088075
P51151,RAB9A,RAB9A,17.32194151756717,17.319853621810708,0.44422247515920366,17.77777777777778,TRUE,-0.0020878957564605116,-0.004700112833580148
P62834,RAP1A,RAP1A,16.463765774928884,16.457937934939427,0.7318677796594792,13.333333333333334,TRUE,-0.005827839989457573,-0.007962968382306881
P61225,RAP2B,RAP2B,17.72010604985168,17.656551962405086,1.1714934364414809,51.11111111111111,FALSE,-0.06355408744659385,-0.054250485294774886
O43374,RASA4,RASA4,17.5793539603782,17.568049583286967,0.6124975160751454,37.77777777777778,TRUE,-0.011304377091231999,-0.018456200710281902
Q09028,RBBP4,RBBP4,18.001103641074938,17.967271951535302,0.5064687794453362,13.333333333333334,TRUE,-0.033831689539635335,-0.06679916099998584
Q16576,RBBP7,RBBP7,16.273915958538854,16.25371975160684,0.6567539660356069,46.666666666666664,TRUE,-0.020196206932013183,-0.030751556863713277
P38159,RBMX,RBMX,18.212190645779,18.230600667719628,1.0195878475732325,44.44444444444444,TRUE,0.01841002194062824,0.0180563371605956
Q8TC12,RDH11,RDH11,16.28441160680946,16.267883338512053,0.4956185528403742,37.77777777777778,TRUE,-0.016528268297406612,-0.03334876832734293
Q8NBN7,RDH13,RDH13,17.734763167716984,17.719747200158455,0.6074955499173416,37.77777777777778,TRUE,-0.015015967558529297,-0.024717823135613808
Q9HBH5,RDH14,RDH14,16.31594039909183,16.27026344727891,0.6242197280358578,26.666666666666668,TRUE,-0.04567695181291853,-0.07317447648866146
Q9NPQ8,RIC8A,RIC8A,18.35068360903098,18.369043053889772,0.927483394252635,46.666666666666664,TRUE,0.018359444858791818,0.01979490411640829
Q9Y508,RNF114,RNF114,15.798950404061792,15.774463153002754,0.6595724602987525,8.88888888888889,TRUE,-0.024487251059037263,-0.037125945264521495
Q9BV68,RNF126,RNF126,15.747099324417796,15.734042143608374,0.37952970460449575,20,TRUE,-0.01305718080942242,-0.03440358067105494
P60602,ROMO1,ROMO1,17.046485978057557,17.006813157385448,0.6630974995653874,26.666666666666668,TRUE,-0.03967282067210931,-0.059829543465496376
P15927,RPA2,RPA2,15.93487014391999,15.91002185195878,0.5460581310369687,31.11111111111111,TRUE,-0.02484829196121119,-0.045504847467474
P35244,RPA3,RPA3,16.64541991742698,16.619220522020736,0.6279217011044728,24.444444444444443,TRUE,-0.02619939540624472,-0.04172398463082533
P27635,RPL10,RPL10,16.860347154022485,16.826599723899697,0.660173614293746,33.33333333333333,TRUE,-0.033747430122787136,-0.051119022923826106
P42766,RPL35,RPL35,17.89737734963299,17.801240768024687,1.0470559583003507,57.77777777777777,FALSE,-0.09613658160830241,-0.09181608761804627
Q9Y3U8,RPL36,RPL36,16.931246946789827,16.91089315065372,0.5871826709789252,53.333333333333336,FALSE,-0.02035379613610644,-0.034663482323436905
P61513,RPL37A,RPL37A,14.457448081431885,14.40912978135205,0.6935847079551098,60,FALSE,-0.04831830007983484,-0.06966459831891521
P62854,RPS26,RPS26,17.088215020396195,17.081452969004427,0.6219572669554528,15.555555555555555,TRUE,-0.006762051391767443,-0.010872212209800853
Q9HB90,RRAGC,RRAGC,17.925988536750715,17.918998835650758,0.5046483997049985,26.666666666666668,TRUE,-0.006989701099957557,-0.013850635618865561
Q9Y224,RTRAF,RTRAF,16.57792114379022,16.556072475672856,0.6545915323270478,11.11111111111111,TRUE,-0.02184866811736441,-0.03337755995665455
Q9Y265,RUVBL1,RUVBL1,16.61386944016702,16.59892672074758,0.430819768097219,11.11111111111111,TRUE,-0.014942719419437367,-0.034684386664600275
Q9H446,RWDD1,RWDD1,16.824412997532043,16.837835489522188,0.5470123834732743,48.888888888888886,TRUE,0.013422491990144891,0.024537821072565684
Q96FQ6,S100A16,S100A16,18.76626855181582,18.734132745192408,0.8967161975499094,44.44444444444444,TRUE,-0.03213580662341187,-0.035837209934666374
P35542,SAA4,SAA4,18.669975671014953,18.510777966575596,0.8921058458716413,73.33333333333333,FALSE,-0.15919770443935732,-0.17845158752862061
P49591,SARS1,SARS1,18.0026198384984,18.01892363139965,0.6561493560771295,22.22222222222222,TRUE,0.016303792901251057,0.024847685592081212
Q9NP81,SARS2,SARS2,16.18202821241778,16.154543255575682,0.6448854195736989,40,TRUE,-0.027484956842098285,-0.042619907363182746
Q14108,SCARB2,SCARB2,17.215750887763743,17.191484834379366,0.6281920117671786,33.33333333333333,TRUE,-0.024266053384376818,-0.03862840171449097
Q8WVM8,SCFD1,SCFD1,16.314848376472476,16.29740477467444,0.6857708500478432,17.77777777777778,TRUE,-0.017443601798035502,-0.02543648770842117
Q07699,SCN1B,SCN1B,16.59059246619211,16.58764962518116,0.5857575059614879,40,TRUE,-0.0029428410109488823,-0.005023991977906241
P22307,SCP2,SCP2,17.334982451104878,17.301645846393924,0.6527494748056667,15.555555555555555,TRUE,-0.033336604710953566,-0.051071055585113066
P53992,SEC24C,SEC24C,14.723543984194347,14.721573676851431,0.47768675309120984,24.444444444444443,TRUE,-0.0019703073429155893,-0.004124684911535274
P63302,SELENOW,SELENOW,17.34954877762847,17.29533495497662,0.8602400836801566,35.55555555555556,TRUE,-0.0542138226518496,-0.06302173507181826
Q9NVA2,SEPTIN11,SEPTIN11,17.561903635754412,17.58096631260575,0.5830686911483401,35.55555555555556,TRUE,0.019062676851337557,0.03269370683202705
Q9UHD8,SEPTIN9,SEPTIN9,18.587748424840846,18.567220819498957,0.6476287088947682,48.888888888888886,TRUE,-0.02052760534188991,-0.031696564806279144
Q9Y6P5,SESN1,SESN1,16.931134302635215,16.905457926999127,0.49619185116662823,24.444444444444443,TRUE,-0.025676375636088267,-0.05174687084384579
P23246,SFPQ,SFPQ,17.196789594273135,17.13598505094478,0.7438005330695415,42.22222222222222,TRUE,-0.06080454332835572,-0.08174845355034292
Q9H9B4,SFXN1,SFXN1,16.19870102482154,16.194684758810176,0.4835081392771433,35.55555555555556,TRUE,-0.0040162660113622906,-0.008306511690509923
O75368,SH3BGRL,SH3BGRL,17.69220405658991,17.620917349910393,0.9287259749211798,46.666666666666664,TRUE,-0.07128670667951909,-0.07675752439848485
Q9H299,SH3BGRL3,SH3BGRL3,18.15240107201679,18.11527569292647,0.9724042261597711,15.555555555555555,TRUE,-0.037125379090319655,-0.038178956951817854
Q9UQ13,SHOC2,SHOC2,15.71894057867246,15.735093285592908,0.5393327362844476,40,TRUE,0.016152706920449234,0.029949427938915602
Q8IXJ6,SIRT2,SIRT2,18.43869782115712,18.36407800127928,0.6945298855292531,35.55555555555556,TRUE,-0.07461981987783872,-0.10743932180971036
Q9NTG7,SIRT3,SIRT3,18.08236778756676,18.041390411829227,0.8882086267432617,24.444444444444443,TRUE,-0.04097737573753335,-0.04613485447420444
P43007,SLC1A4,SLC1A4,17.843815698815284,17.868612695579692,0.7828311387915329,42.22222222222222,TRUE,0.024796996764408163,0.03167604804618225
Q6NUK1,SLC25A24,SLC25A24,17.106232472485715,17.09030376900876,0.44208687184866424,22.22222222222222,TRUE,-0.01592870347695552,-0.03603070910101183
Q96AG3,SLC25A46,SLC25A46,17.10828365209086,17.09076278476416,0.41293575626855017,17.77777777777778,TRUE,-0.017520867326702216,-0.042430007720880514
L0R6Q1,SLC35A4,SLC35A4,16.387150674873773,16.344915647269985,0.5681898801700732,31.11111111111111,TRUE,-0.0422350276037875,-0.07433259387010821
Q8IWA5,SLC44A2,SLC44A2,16.595100291869024,16.598448210011888,0.44554898739476767,53.333333333333336,FALSE,0.0033479181428646143,0.00751414151436119
Q9H2G2,SLK,SLK,16.042857765365056,16.024328681428507,0.6682297877491812,57.77777777777777,FALSE,-0.018529083936549284,-0.02772861113983165
Q8WVI0,SMIM4,SMIM4,16.310057338833783,16.307506826540205,0.7185885415967295,13.333333333333334,TRUE,-0.0025505122935776114,-0.00354933615822802
Q9NRG4,SMYD2,SMYD2,18.963766128147515,18.94005829061031,0.5707133089920156,55.55555555555556,FALSE,-0.023707837537205734,-0.041540712584884565
Q7KZF4,SND1,SND1,17.913375702320053,17.711413966999707,0.8802317565573643,44.44444444444444,TRUE,-0.20196173532034578,-0.22944154629256894
P14678,SNRPB,SNRPB,16.137460979555193,16.11411368739324,0.5365034488343251,28.888888888888886,TRUE,-0.023347292161954414,-0.043517506201836496
P62308,SNRPG,SNRPG,18.514809596790638,18.51529675277119,0.5180629584346155,53.333333333333336,FALSE,4.871559805508241e-4,9.403412705336428e-4
Q9Y5X3,SNX5,SNX5,17.191371050336848,17.170571980828978,0.41215524501024364,20,TRUE,-0.020799069507869916,-0.050464163102796326
Q00796,SORD,SORD,16.863503269384346,16.839295652474487,0.5225452183892917,15.555555555555555,TRUE,-0.024207616909858842,-0.046326358098686835
Q9Y6A9,SPCS1,SPCS1,14.99050149994138,14.975550147037646,0.5764693694178062,24.444444444444443,TRUE,-0.014951352903734616,-0.025936075179214528
Q15772,SPEG,SPEG,18.450690321893436,18.379760576283715,0.5457814152311052,35.55555555555556,TRUE,-0.0709297456097211,-0.12995998696600297
Q9UQ90,SPG7,SPG7,16.546717517598726,16.526480438934172,0.5620749587732023,35.55555555555556,TRUE,-0.02023707866455382,-0.03600423457526685
Q8TCT8,SPPL2A,SPPL2A,15.853878952667424,15.82725109884004,0.6123088814375842,55.55555555555556,FALSE,-0.02662785382738342,-0.043487616519404894
Q01082,SPTBN1,SPTBN1,18.258764348751285,18.239790755394612,0.5788851154869354,22.22222222222222,TRUE,-0.018973593356673035,-0.03277609468454409
P19623,SRM,SRM,17.508915093853968,17.470949876465102,0.8691462497032691,13.333333333333334,TRUE,-0.037965217388865824,-0.04368104608611881
P84103,SRSF3,SRSF3,18.347084046211766,18.30324923730758,0.49966149480125416,37.77777777777778,TRUE,-0.04383480890418667,-0.08772901126115881
P05455,SSB,SSB,17.02741785790095,17.047538559628038,0.8898799957585452,37.77777777777778,TRUE,0.020120701727087464,0.022610578755550427
P40763,STAT3,STAT3,16.731949103770173,16.719718134481965,0.44373186611448184,42.22222222222222,TRUE,-0.01223096928820766,-0.027563874092044804
P51692,STAT5B,STAT5B,15.84345710786036,15.858643491822386,0.5002544288450004,33.33333333333333,TRUE,0.01518638396202654,0.030357320368135935
Q9Y2H1,STK38L,STK38L,16.85077171257666,16.84169594473171,0.601534048186004,15.555555555555555,TRUE,-0.00907576784494779,-0.01508770429922766
P46977,STT3A,STT3A,17.558544988866146,17.553644600777382,0.41242887790895805,51.11111111111111,FALSE,-0.004900388088763918,-0.011881777322696735
Q8TCJ2,STT3B,STT3B,17.111135740886258,17.09401730379469,0.4205318098509988,42.22222222222222,TRUE,-0.01711843709156824,-0.04070664023640347
Q9Y2Z0,SUGT1,SUGT1,17.752442746437918,17.73768622469231,0.8173659240584722,51.11111111111111,FALSE,-0.014756521745606932,-0.018053752072677905
Q9H7C4,SYNC,SYNC,17.649666065771047,17.622141779690356,0.5655231060387547,51.11111111111111,FALSE,-0.02752428608069124,-0.04867048894515909
Q8WXH0,SYNE2,SYNE2,18.370689296560624,18.331823823332623,1.7225990071848394,46.666666666666664,TRUE,-0.03886547322800027,-0.02256211286892371
Q9H987,SYNPO2L,SYNPO2L,17.623012267355612,17.56025747235913,1.018169299761849,37.77777777777778,TRUE,-0.06275479499648284,-0.06163493145114596
O95359,TACC2,TACC2,18.20387500778265,18.188336584135154,0.4708837512924004,31.11111111111111,TRUE,-0.015538423647495136,-0.03299842817860662
Q13148,TARDBP,TARDBP,18.199225750081002,18.22298024267533,0.7280743877814131,37.77777777777778,TRUE,0.02375449259432827,0.03262646371439176
Q99426,TBCB,TBCB,17.204396810644887,17.18733706691645,0.4267717895433181,17.77777777777778,TRUE,-0.017059743728438548,-0.03997392551811804
Q9NZ01,TECR,TECR,17.96057850566712,17.938082995837874,0.6264639981535061,22.22222222222222,TRUE,-0.022495509829244753,-0.03590870328630209
P02786,TFRC,TFRC,15.672300916646737,15.673117909065063,0.7761075539009636,37.77777777777778,TRUE,8.169924183256683e-4,0.0010526793795772303
P52888,THOP1,THOP1,15.516778546808608,15.472025503612032,0.6334285536390643,35.55555555555556,TRUE,-0.04475304319657525,-0.07065207739605012
Q9BU02,THTPA,THTPA,15.725096514115384,15.71673771291947,0.39222132490853934,24.444444444444443,TRUE,-0.008358801195914367,-0.021311439906699425
P04216,THY1,THY1,18.759142423804864,18.72398144806003,1.2095013882155528,44.44444444444444,TRUE,-0.03516097574483368,-0.029070636947931657
Q9NQ88,TIGAR,TIGAR,15.705387617831974,15.74174048292369,1.4643626545035013,55.55555555555556,FALSE,0.036352865091716424,0.024825042471492163
P62072,TIMM10,TIMM10,16.656494142389015,16.64906861127954,0.6401507153548313,17.77777777777778,TRUE,-0.007425531109475969,-0.011599660722647238
Q9BVV7,TIMM21,TIMM21,17.287253107097673,17.2551043241053,0.4910323267819573,22.22222222222222,TRUE,-0.03214878299237256,-0.06547182586340841
O60220,TIMM8A,TIMM8A,18.152147848911028,18.130348976950305,0.5917100234982536,22.22222222222222,TRUE,-0.02179887196072272,-0.03684046423929991
Q9Y5J7,TIMM9,TIMM9,17.04479161588887,17.029529381587807,0.676797791561262,13.333333333333334,TRUE,-0.015262234301061994,-0.02255065618026695
Q9NPL8,TIMMDC1,TIMMDC1,18.483790687758386,18.470981967868482,0.8289023523119865,51.11111111111111,FALSE,-0.012808719889903841,-0.015452628230789276
Q3LXA3,TKFC,TKFC,16.725683041945757,16.710409670877343,0.5861338169291176,15.555555555555555,TRUE,-0.015273371068413866,-0.026057822680210424
Q9Y4G6,TLN2,TLN2,16.40907015897129,16.371430394059175,0.5495827562724273,26.666666666666668,TRUE,-0.037639764912114515,-0.06848789282874906
Q13445,TMED1,TMED1,17.345954854441107,17.31204820149404,0.6367429897131104,15.555555555555555,TRUE,-0.03390665294706707,-0.05325013937309932
Q9Y3A6,TMED5,TMED5,18.36298499241472,18.369207401206527,0.5468194917553579,46.666666666666664,TRUE,0.006222408791806799,0.011379273938886306
Q9H061,TMEM126A,TMEM126A,18.046535783319733,18.065378409647515,0.9137509137831203,20,TRUE,0.018842626327781886,0.020621184661550118
Q8TBQ9,TMEM167A,TMEM167A,15.385034335525626,15.367274857110583,0.6625802146242379,57.77777777777777,FALSE,-0.01775947841504255,-0.026803514537653825
P28289,TMOD1,TMOD1,17.464398725130287,17.44301885580108,0.8430242789642717,17.77777777777778,TRUE,-0.0213798693292091,-0.02536091766594922
Q92973,TNPO1,TNPO1,15.522496068169868,15.507558241470504,0.49879890029934576,51.11111111111111,FALSE,-0.01493782669936472,-0.029947593489881463
Q9HBL0,TNS1,TNS1,16.23045628921724,16.225666692148714,0.5598796592160136,13.333333333333334,TRUE,-0.004789597068526774,-0.008554690261892234
Q9NS69,TOMM22,TOMM22,18.544918661521276,18.487516449090297,0.4682171032112309,53.333333333333336,FALSE,-0.057402212430979205,-0.12259742764049104
Q9P0U1,TOMM7,TOMM7,17.487626801513525,17.319579103793068,1.0923857659753506,37.77777777777778,TRUE,-0.16804769772045702,-0.1538354882996974
Q16890,TPD52L1,TPD52L1,16.765199259577503,16.739603311021146,0.8237496087852606,15.555555555555555,TRUE,-0.02559594855635794,-0.031072486449010776
O94811,TPPP,TPPP,16.574740672708792,16.528064776865577,0.8415131639687023,31.11111111111111,TRUE,-0.04667589584321519,-0.05546662588507191
Q9Y3C4,TPRKB,TPRKB,13.815164422000198,13.821093101339862,0.691840890743332,62.22222222222222,FALSE,0.0059286793396644555,0.008569426032760981
O43617,TRAPPC3,TRAPPC3,17.507991083680935,17.50236158730655,0.5098798784294765,24.444444444444443,TRUE,-0.005629496374385923,-0.011040828658949642
Q7L0Y3,TRMT10C,TRMT10C,18.597129945827337,18.611531805152364,0.3484817899955117,53.333333333333336,FALSE,0.014401859325026578,0.04132743729654301
Q9UI30,TRMT112,TRMT112,17.223573583144592,17.21405180803536,0.5786463716296155,46.666666666666664,TRUE,-0.009521775109231356,-0.016455257608227306
Q99816,TSG101,TSG101,16.63832931489898,16.629301143267092,0.49080170425592357,11.11111111111111,TRUE,-0.009028171631886295,-0.018394743851946053
Q99598,TSNAX,TSNAX,18.338250917104283,18.33374740355148,0.5683320256002852,66.66666666666666,FALSE,-0.004503513552801763,-0.007924089000694709
Q9NNW7,TXNRD2,TXNRD2,16.609915867508896,16.600943296996352,0.8601535717177035,22.22222222222222,TRUE,-0.008972570512543854,-0.010431358780067462
P19971,TYMP,TYMP,16.876858863461713,16.716582285946068,0.7736002478829686,57.77777777777777,FALSE,-0.1602765775156456,-0.2071826863477072
Q9UBT2,UBA2,UBA2,16.535998602353047,16.52550560224495,0.47546913229658505,15.555555555555555,TRUE,-0.010493000108095174,-0.02206873042927615
Q14157,UBAP2L,UBAP2L,15.858565325176514,15.82471305554126,0.8396173034874891,48.888888888888886,TRUE,-0.03385226963525412,-0.04031868983004891
P63146,UBE2B,UBE2B,17.89390171335534,17.902511864970805,0.8202085624602469,28.888888888888886,TRUE,0.00861015161546419,0.01049751491210688
P62253,UBE2G1,UBE2G1,18.543143478573107,18.52454130725171,0.6992516020882136,33.33333333333333,TRUE,-0.01860217132139752,-0.0266029727580814
Q9C0C9,UBE2O,UBE2O,17.664385918027634,17.736529697500263,0.7149856898413463,57.77777777777777,FALSE,0.07214377947262918,0.10090241035262919
Q712K3,UBE2R2,UBE2R2,15.212168386452385,15.20953079659307,0.47230222869452193,51.11111111111111,FALSE,-0.0026375898593151703,-0.005584538244940453
Q05086,UBE3A,UBE3A,16.172502232436056,16.15064490890375,0.5705252220921255,31.11111111111111,TRUE,-0.021857323532305628,-0.03831088037116827
Q15386,UBE3C,UBE3C,16.040502700095058,16.039570982217782,0.4052547959632198,33.33333333333333,TRUE,-9.317178772754175e-4,-0.0022990915506894546
Q9BZV1,UBXN6,UBXN6,18.303777282120148,18.315806175948428,0.4909759587474638,60,FALSE,0.012028893828279763,0.024499965047100995
Q9Y5K5,UCHL5,UCHL5,18.156509394360626,18.161571828564323,0.43218180728311806,42.22222222222222,TRUE,0.005062434203697563,0.011713667994315209
O94874,UFL1,UFL1,17.48720715455414,17.470103198080047,0.525750373277712,28.888888888888886,TRUE,-0.017103956474095128,-0.03253246662948249
Q9NYU2,UGGT1,UGGT1,18.168065870224765,18.167085139797035,0.43708141207259277,20,TRUE,-9.80730427730947e-4,-0.0022438163706857937
Q6UW78,UQCC3,UQCC3,17.87637312251972,17.951568851755184,0.8342723699290435,66.66666666666666,FALSE,0.07519572923546392,0.09013330891188384
P06132,UROD,UROD,18.084783033026646,18.002541442555533,0.6084811407703242,48.888888888888886,TRUE,-0.08224159047111357,-0.13515881587882486
Q96K76,USP47,USP47,16.116903566830164,16.120914562975,0.39032628495893684,13.333333333333334,TRUE,0.004010996144835133,0.01027600830227741
Q709C8,VPS13C,VPS13C,18.53538515109121,18.53405034353076,0.3726827097781399,46.666666666666664,TRUE,-0.0013348075604469045,-0.0035816192311189403
Q9UBQ0,VPS29,VPS29,17.644424732731633,17.661251451391088,0.7441697074219054,46.666666666666664,TRUE,0.01682671865945551,0.022611399646661024
Q9UIA9,XPO7,XPO7,16.00297822776472,16.037100931939925,0.6048613935130475,48.888888888888886,TRUE,0.03412270417520347,0.05641408848565801
P54577,YARS1,YARS1,16.60224733636891,16.579782398880862,0.7589450815746083,42.22222222222222,TRUE,-0.02246493748804923,-0.02960021486856531
O15498,YKT6,YKT6,18.288481678576453,18.281743347637267,0.44610904897072035,24.444444444444443,TRUE,-0.006738330939185744,-0.015104672175407953
