phase,space,outcome,model,subject,y,pred
acute,singscore,comp_hypertrophy,glmnet,HR_S03,9.43,8.842513050203369
acute,singscore,comp_hypertrophy,glmnet,HR_S10,20.73,-2.0341753047461557
acute,singscore,comp_hypertrophy,glmnet,HR_S16,13.69,-1.4024727215068187
acute,singscore,comp_hypertrophy,glmnet,HR_S22,10.45,6.135570963355052
acute,singscore,comp_hypertrophy,glmnet,HR_S24,14.93,19.91056666780825
acute,singscore,comp_hypertrophy,glmnet,HR_S27,13.79,4.9403210583023025
acute,singscore,comp_hypertrophy,glmnet,HR_S29,8.06,4.9849054731803975
acute,singscore,comp_hypertrophy,glmnet,LR_S04,0.79,5.79553357754305
acute,singscore,comp_hypertrophy,glmnet,LR_S05,0.85,2.693567209435605
acute,singscore,comp_hypertrophy,glmnet,LR_S06,-4.09,5.362752843104845
acute,singscore,comp_hypertrophy,glmnet,LR_S12,-0.74,1.2800050915503773
acute,singscore,comp_hypertrophy,glmnet,LR_S14,-1.86,6.642206662385898
acute,singscore,comp_hypertrophy,glmnet,LR_S17,-6.6,5.71224067367671
acute,singscore,comp_hypertrophy,glmnet,LR_S21,-5.99,5.030058346697733
acute,singscore,comp_hypertrophy,glmnet,LR_S30,-0.48,-1.593428818544595
acute,singscore,d_fcsa_I,glmnet,HR_S03,874.31,-273.45500000000004
acute,singscore,d_fcsa_I,glmnet,HR_S10,1757.71,-2915.826336747985
acute,singscore,d_fcsa_I,glmnet,HR_S16,1924.77,-403.550650219881
acute,singscore,d_fcsa_I,glmnet,HR_S22,274.62,-230.62000000000006
acute,singscore,d_fcsa_I,glmnet,HR_S24,545.54,-249.97142857142865
acute,singscore,d_fcsa_I,glmnet,HR_S27,1276.8,-302.2042857142858
acute,singscore,d_fcsa_I,glmnet,HR_S29,-73.1099999999997,-205.78214285714293
acute,singscore,d_fcsa_I,glmnet,LR_S04,171.549999999999,-223.25785714285715
acute,singscore,d_fcsa_I,glmnet,LR_S05,621.64,-255.40714285714293
acute,singscore,d_fcsa_I,glmnet,LR_S06,-1588.06,-97.57142857142864
acute,singscore,d_fcsa_I,glmnet,LR_S12,-845.39,-150.61928571428578
acute,singscore,d_fcsa_I,glmnet,LR_S14,-2646.36,-21.978571428571485
acute,singscore,d_fcsa_I,glmnet,LR_S17,-1385.12,-112.06714285714293
acute,singscore,d_fcsa_I,glmnet,LR_S21,-2594.04,-25.71571428571437
acute,singscore,d_fcsa_I,glmnet,LR_S30,-1268.92,-120.36714285714291
acute,singscore,d_fcsa_II,glmnet,HR_S03,517.34,-1.5692857142858259
acute,singscore,d_fcsa_II,glmnet,HR_S10,1517.85,-2489.6521248698855
acute,singscore,d_fcsa_II,glmnet,HR_S16,2790.83,-259.8931383518313
acute,singscore,d_fcsa_II,glmnet,HR_S22,739.459999999999,-17.435000000000002
acute,singscore,d_fcsa_II,glmnet,HR_S24,1179,-48.83071428571435
acute,singscore,d_fcsa_II,glmnet,HR_S27,682.55,-13.370000000000061
acute,singscore,d_fcsa_II,glmnet,HR_S29,35.9499999999998,32.81571428571425
acute,singscore,d_fcsa_II,glmnet,LR_S04,-171.76,47.65214285714279
acute,singscore,d_fcsa_II,glmnet,LR_S05,854.04,-25.61928571428578
acute,singscore,d_fcsa_II,glmnet,LR_S06,-1503.6,142.78357142857135
acute,singscore,d_fcsa_II,glmnet,LR_S12,-88.7199999999993,493.45434266231103
acute,singscore,d_fcsa_II,glmnet,LR_S14,-2305.05,200.0299999999999
acute,singscore,d_fcsa_II,glmnet,LR_S17,-1179.58,119.63928571428559
acute,singscore,d_fcsa_II,glmnet,LR_S21,-1491.94,141.9507142857142
acute,singscore,d_fcsa_II,glmnet,LR_S30,-1081,790.6422518997556
acute,singscore,d_mcsa,glmnet,HR_S03,1.706,1.7424960005998944
acute,singscore,d_mcsa,glmnet,HR_S10,4.218,0.42349145900771257
acute,singscore,d_mcsa,glmnet,HR_S16,1.578,-0.7661546077106941
acute,singscore,d_mcsa,glmnet,HR_S22,3.683,2.9850464167393387
acute,singscore,d_mcsa,glmnet,HR_S24,2.983,4.253050232775689
acute,singscore,d_mcsa,glmnet,HR_S27,2.44,4.657708099877951
acute,singscore,d_mcsa,glmnet,HR_S29,3.879,1.5234938602986143
acute,singscore,d_mcsa,glmnet,LR_S04,0.579999999999998,3.4641007571882527
acute,singscore,d_mcsa,glmnet,LR_S05,-1.918,1.1175786190132169
acute,singscore,d_mcsa,glmnet,LR_S06,0.672000000000001,2.1622039477801756
acute,singscore,d_mcsa,glmnet,LR_S12,0.352999999999998,0.8870868269890285
acute,singscore,d_mcsa,glmnet,LR_S14,5.08900000000001,2.150728351151281
acute,singscore,d_mcsa,glmnet,LR_S17,0.181000000000001,1.4707651296437094
acute,singscore,d_mcsa,glmnet,LR_S21,1.311,1.914645572076234
acute,singscore,d_mcsa,glmnet,LR_S30,2.862,0.6704690898472281
acute,singscore,d_1rm_legpress,glmnet,HR_S03,54,40.42857142857143
acute,singscore,d_1rm_legpress,glmnet,HR_S10,83,9.897577944334877
acute,singscore,d_1rm_legpress,glmnet,HR_S16,90,21.30796988988915
acute,singscore,d_1rm_legpress,glmnet,HR_S22,35,41.78571428571428
acute,singscore,d_1rm_legpress,glmnet,HR_S24,5,43.92857142857142
acute,singscore,d_1rm_legpress,glmnet,HR_S27,3,44.07142857142857
acute,singscore,d_1rm_legpress,glmnet,HR_S29,25,42.49999999999999
acute,singscore,d_1rm_legpress,glmnet,LR_S04,72,39.14285714285714
acute,singscore,d_1rm_legpress,glmnet,LR_S05,49,40.78571428571428
acute,singscore,d_1rm_legpress,glmnet,LR_S06,5,43.92857142857143
acute,singscore,d_1rm_legpress,glmnet,LR_S12,62,39.85714285714286
acute,singscore,d_1rm_legpress,glmnet,LR_S14,25,42.5
acute,singscore,d_1rm_legpress,glmnet,LR_S17,18,59.60626831193973
acute,singscore,d_1rm_legpress,glmnet,LR_S21,5,43.92857142857142
acute,singscore,d_1rm_legpress,glmnet,LR_S30,89,37.92857142857142
acute,singscore,d_1rm_ext,glmnet,HR_S03,5,11.942423048075806
acute,singscore,d_1rm_ext,glmnet,HR_S10,14,6.975319242279269
acute,singscore,d_1rm_ext,glmnet,HR_S16,4,10.974672335007668
acute,singscore,d_1rm_ext,glmnet,HR_S24,11,9.422570235964384
acute,singscore,d_1rm_ext,glmnet,HR_S27,10,14.056815553384245
acute,singscore,d_1rm_ext,glmnet,HR_S29,23,6.253862112854386
acute,singscore,d_1rm_ext,glmnet,LR_S04,6,11.437320987679696
acute,singscore,d_1rm_ext,glmnet,LR_S05,20,9.583944574034701
acute,singscore,d_1rm_ext,glmnet,LR_S06,7,12.06816365803054
acute,singscore,d_1rm_ext,glmnet,LR_S12,6,11.09104453363801
acute,singscore,d_1rm_ext,glmnet,LR_S14,16,18.545764306097567
acute,singscore,d_1rm_ext,glmnet,LR_S17,1,8.770191504322165
acute,singscore,d_1rm_ext,glmnet,LR_S21,15,5.875937163159059
acute,singscore,d_1rm_ext,glmnet,LR_S30,1,10.492262411342518
acute,proteins,comp_hypertrophy,glmnet,HR_S03,9.43,9.243685057912497
acute,proteins,comp_hypertrophy,glmnet,HR_S10,20.73,2.8179985350786976
acute,proteins,comp_hypertrophy,glmnet,HR_S16,13.69,2.3665399052846143
acute,proteins,comp_hypertrophy,glmnet,HR_S22,10.45,4.465
acute,proteins,comp_hypertrophy,glmnet,HR_S24,14.93,19.261152378662672
acute,proteins,comp_hypertrophy,glmnet,HR_S27,13.79,3.640853545204475
acute,proteins,comp_hypertrophy,glmnet,HR_S29,8.06,-1.9936070336229783
acute,proteins,comp_hypertrophy,glmnet,LR_S04,0.79,7.0115487805859225
acute,proteins,comp_hypertrophy,glmnet,LR_S05,0.85,3.1658196617370273
acute,proteins,comp_hypertrophy,glmnet,LR_S06,-4.09,4.865313786943625
acute,proteins,comp_hypertrophy,glmnet,LR_S12,-0.74,6.549272796162762
acute,proteins,comp_hypertrophy,glmnet,LR_S14,-1.86,7.1218313105814905
acute,proteins,comp_hypertrophy,glmnet,LR_S17,-6.6,5.409876870731605
acute,proteins,comp_hypertrophy,glmnet,LR_S21,-5.99,6.222651828429287
acute,proteins,comp_hypertrophy,glmnet,LR_S30,-0.48,5.175427594901386
acute,proteins,d_fcsa_I,glmnet,HR_S03,874.31,298.4904223294878
acute,proteins,d_fcsa_I,glmnet,HR_S10,1757.71,28.35814273571934
acute,proteins,d_fcsa_I,glmnet,HR_S16,1924.77,-1085.4613828108027
acute,proteins,d_fcsa_I,glmnet,HR_S22,274.62,-61.02626242044303
acute,proteins,d_fcsa_I,glmnet,HR_S24,545.54,1507.1245253896313
acute,proteins,d_fcsa_I,glmnet,HR_S27,1276.8,749.1970262417209
acute,proteins,d_fcsa_I,glmnet,HR_S29,-73.1099999999997,-227.34784715347695
acute,proteins,d_fcsa_I,glmnet,LR_S04,171.549999999999,222.02624686085107
acute,proteins,d_fcsa_I,glmnet,LR_S05,621.64,-532.4640019976499
acute,proteins,d_fcsa_I,glmnet,LR_S06,-1588.06,-656.4142195697559
acute,proteins,d_fcsa_I,glmnet,LR_S12,-845.39,422.9485723783191
acute,proteins,d_fcsa_I,glmnet,LR_S14,-2646.36,-377.1132016708186
acute,proteins,d_fcsa_I,glmnet,LR_S17,-1385.12,-848.7545546141044
acute,proteins,d_fcsa_I,glmnet,LR_S21,-2594.04,5.337168866033068
acute,proteins,d_fcsa_I,glmnet,LR_S30,-1268.92,-321.2051360219188
acute,proteins,d_fcsa_II,glmnet,HR_S03,517.34,531.2271094069662
acute,proteins,d_fcsa_II,glmnet,HR_S10,1517.85,-1397.8352764432555
acute,proteins,d_fcsa_II,glmnet,HR_S16,2790.83,-373.9123177109363
acute,proteins,d_fcsa_II,glmnet,HR_S22,739.459999999999,39.83181502341718
acute,proteins,d_fcsa_II,glmnet,HR_S24,1179,323.86412164056156
acute,proteins,d_fcsa_II,glmnet,HR_S27,682.55,1107.1682741091993
acute,proteins,d_fcsa_II,glmnet,HR_S29,35.9499999999998,-57.947615257306005
acute,proteins,d_fcsa_II,glmnet,LR_S04,-171.76,463.66329322979567
acute,proteins,d_fcsa_II,glmnet,LR_S05,854.04,-218.4054514455736
acute,proteins,d_fcsa_II,glmnet,LR_S06,-1503.6,45.86388367702221
acute,proteins,d_fcsa_II,glmnet,LR_S12,-88.7199999999993,93.99666638967206
acute,proteins,d_fcsa_II,glmnet,LR_S14,-2305.05,297.79889733604625
acute,proteins,d_fcsa_II,glmnet,LR_S17,-1179.58,-10.441507235643602
acute,proteins,d_fcsa_II,glmnet,LR_S21,-1491.94,161.90191427431392
acute,proteins,d_fcsa_II,glmnet,LR_S30,-1081,57.43392758464493
acute,proteins,d_mcsa,glmnet,HR_S03,1.706,1.8693739914334593
acute,proteins,d_mcsa,glmnet,HR_S10,4.218,1.882254576319681
acute,proteins,d_mcsa,glmnet,HR_S16,1.578,1.760474364984535
acute,proteins,d_mcsa,glmnet,HR_S22,3.683,2.341376745612572
acute,proteins,d_mcsa,glmnet,HR_S24,2.983,3.2026007959183818
acute,proteins,d_mcsa,glmnet,HR_S27,2.44,2.6838183245469738
acute,proteins,d_mcsa,glmnet,HR_S29,3.879,2.1989115289122325
acute,proteins,d_mcsa,glmnet,LR_S04,0.579999999999998,1.3766734158174625
acute,proteins,d_mcsa,glmnet,LR_S05,-1.918,0.9762213638944177
acute,proteins,d_mcsa,glmnet,LR_S06,0.672000000000001,1.6850064401186633
acute,proteins,d_mcsa,glmnet,LR_S12,0.352999999999998,0.9564661629329452
acute,proteins,d_mcsa,glmnet,LR_S14,5.08900000000001,1.11027722653165
acute,proteins,d_mcsa,glmnet,LR_S17,0.181000000000001,1.8267372576124965
acute,proteins,d_mcsa,glmnet,LR_S21,1.311,1.8025541576210249
acute,proteins,d_mcsa,glmnet,LR_S30,2.862,2.486230059313522
acute,proteins,d_1rm_legpress,glmnet,HR_S03,54,81.54411131068169
acute,proteins,d_1rm_legpress,glmnet,HR_S10,83,16.11475926039452
acute,proteins,d_1rm_legpress,glmnet,HR_S16,90,20.95525293308738
acute,proteins,d_1rm_legpress,glmnet,HR_S22,35,43.2105901777888
acute,proteins,d_1rm_legpress,glmnet,HR_S24,5,43.92857142857142
acute,proteins,d_1rm_legpress,glmnet,HR_S27,3,44.07142857142857
acute,proteins,d_1rm_legpress,glmnet,HR_S29,25,42.49999999999999
acute,proteins,d_1rm_legpress,glmnet,LR_S04,72,35.326384917703216
acute,proteins,d_1rm_legpress,glmnet,LR_S05,49,6.400718580861866
acute,proteins,d_1rm_legpress,glmnet,LR_S06,5,43.69772775706345
acute,proteins,d_1rm_legpress,glmnet,LR_S12,62,39.85714285714286
acute,proteins,d_1rm_legpress,glmnet,LR_S14,25,42.5
acute,proteins,d_1rm_legpress,glmnet,LR_S17,18,50.68104950435341
acute,proteins,d_1rm_legpress,glmnet,LR_S21,5,53.36980999251241
acute,proteins,d_1rm_legpress,glmnet,LR_S30,89,37.92857142857142
acute,proteins,d_1rm_ext,glmnet,HR_S03,5,10.307692307692308
acute,proteins,d_1rm_ext,glmnet,HR_S10,14,5.811678434680044
acute,proteins,d_1rm_ext,glmnet,HR_S16,4,10.417607150850387
acute,proteins,d_1rm_ext,glmnet,HR_S24,11,9.846153846153847
acute,proteins,d_1rm_ext,glmnet,HR_S27,10,10.094614314446744
acute,proteins,d_1rm_ext,glmnet,HR_S29,23,3.7384848859424826
acute,proteins,d_1rm_ext,glmnet,LR_S04,6,10.624176797071689
acute,proteins,d_1rm_ext,glmnet,LR_S05,20,8.090616001449735
acute,proteins,d_1rm_ext,glmnet,LR_S06,7,11.244505135544237
acute,proteins,d_1rm_ext,glmnet,LR_S12,6,10.230769230769232
acute,proteins,d_1rm_ext,glmnet,LR_S14,16,9.461538461538463
acute,proteins,d_1rm_ext,glmnet,LR_S17,1,10.615384615384617
acute,proteins,d_1rm_ext,glmnet,LR_S21,15,9.53846153846154
acute,proteins,d_1rm_ext,glmnet,LR_S30,1,10.615384615384617
acute,eigengenes,comp_hypertrophy,glmnet,HR_S03,9.43,-0.07280863270677869
acute,eigengenes,comp_hypertrophy,glmnet,HR_S10,20.73,4.97066501294651
acute,eigengenes,comp_hypertrophy,glmnet,HR_S16,13.69,2.081550025697682
acute,eigengenes,comp_hypertrophy,glmnet,HR_S22,10.45,4.456767423777229
acute,eigengenes,comp_hypertrophy,glmnet,HR_S24,14.93,32.40252436687272
acute,eigengenes,comp_hypertrophy,glmnet,HR_S27,13.79,3.714438135396872
acute,eigengenes,comp_hypertrophy,glmnet,HR_S29,8.06,2.2368308732637563
acute,eigengenes,comp_hypertrophy,glmnet,LR_S04,0.79,4.729971588545761
acute,eigengenes,comp_hypertrophy,glmnet,LR_S05,0.85,2.5462323251664465
acute,eigengenes,comp_hypertrophy,glmnet,LR_S06,-4.09,5.553681870746738
acute,eigengenes,comp_hypertrophy,glmnet,LR_S12,-0.74,3.258345237653373
acute,eigengenes,comp_hypertrophy,glmnet,LR_S14,-1.86,11.429801259832166
acute,eigengenes,comp_hypertrophy,glmnet,LR_S17,-6.6,2.8154223930521676
acute,eigengenes,comp_hypertrophy,glmnet,LR_S21,-5.99,4.887871479154222
acute,eigengenes,comp_hypertrophy,glmnet,LR_S30,-0.48,4.461029143328018
acute,eigengenes,d_fcsa_I,glmnet,HR_S03,874.31,-273.45500000000004
acute,eigengenes,d_fcsa_I,glmnet,HR_S10,1757.71,-336.555
acute,eigengenes,d_fcsa_I,glmnet,HR_S16,1924.77,-438.31965711980854
acute,eigengenes,d_fcsa_I,glmnet,HR_S22,274.62,-230.62000000000006
acute,eigengenes,d_fcsa_I,glmnet,HR_S24,545.54,4444.538877449551
acute,eigengenes,d_fcsa_I,glmnet,HR_S27,1276.8,-302.2042857142858
acute,eigengenes,d_fcsa_I,glmnet,HR_S29,-73.1099999999997,-205.78214285714293
acute,eigengenes,d_fcsa_I,glmnet,LR_S04,171.549999999999,-223.25785714285715
acute,eigengenes,d_fcsa_I,glmnet,LR_S05,621.64,-255.40714285714293
acute,eigengenes,d_fcsa_I,glmnet,LR_S06,-1588.06,-29.926875885674715
acute,eigengenes,d_fcsa_I,glmnet,LR_S12,-845.39,-150.61928571428578
acute,eigengenes,d_fcsa_I,glmnet,LR_S14,-2646.36,-21.978571428571485
acute,eigengenes,d_fcsa_I,glmnet,LR_S17,-1385.12,-112.06714285714293
acute,eigengenes,d_fcsa_I,glmnet,LR_S21,-2594.04,-4.793247315024434
acute,eigengenes,d_fcsa_I,glmnet,LR_S30,-1268.92,-120.36714285714291
acute,eigengenes,d_fcsa_II,glmnet,HR_S03,517.34,289.20115702349466
acute,eigengenes,d_fcsa_II,glmnet,HR_S10,1517.85,-73.03428571428583
acute,eigengenes,d_fcsa_II,glmnet,HR_S16,2790.83,-310.19740555784205
acute,eigengenes,d_fcsa_II,glmnet,HR_S22,739.459999999999,-162.09564380684165
acute,eigengenes,d_fcsa_II,glmnet,HR_S24,1179,-48.83071428571435
acute,eigengenes,d_fcsa_II,glmnet,HR_S27,682.55,-165.12022040963745
acute,eigengenes,d_fcsa_II,glmnet,HR_S29,35.9499999999998,-258.0662639059368
acute,eigengenes,d_fcsa_II,glmnet,LR_S04,-171.76,47.65214285714279
acute,eigengenes,d_fcsa_II,glmnet,LR_S05,854.04,-162.60112677212928
acute,eigengenes,d_fcsa_II,glmnet,LR_S06,-1503.6,1352.5827194873525
acute,eigengenes,d_fcsa_II,glmnet,LR_S12,-88.7199999999993,-66.3169706996452
acute,eigengenes,d_fcsa_II,glmnet,LR_S14,-2305.05,200.0299999999999
acute,eigengenes,d_fcsa_II,glmnet,LR_S17,-1179.58,119.63928571428559
acute,eigengenes,d_fcsa_II,glmnet,LR_S21,-1491.94,148.78486051487326
acute,eigengenes,d_fcsa_II,glmnet,LR_S30,-1081,112.59785714285707
acute,eigengenes,d_mcsa,glmnet,HR_S03,1.706,0.37916573752687377
acute,eigengenes,d_mcsa,glmnet,HR_S10,4.218,3.079301807417287
acute,eigengenes,d_mcsa,glmnet,HR_S16,1.578,0.41226708757608577
acute,eigengenes,d_mcsa,glmnet,HR_S22,3.683,3.3037052852315916
acute,eigengenes,d_mcsa,glmnet,HR_S24,2.983,4.35709985359349
acute,eigengenes,d_mcsa,glmnet,HR_S27,2.44,2.9823434784928757
acute,eigengenes,d_mcsa,glmnet,HR_S29,3.879,2.7730532115182394
acute,eigengenes,d_mcsa,glmnet,LR_S04,0.579999999999998,1.4163913897450637
acute,eigengenes,d_mcsa,glmnet,LR_S05,-1.918,-0.16949776158655994
acute,eigengenes,d_mcsa,glmnet,LR_S06,0.672000000000001,1.5456540930455476
acute,eigengenes,d_mcsa,glmnet,LR_S12,0.352999999999998,0.5292080968206306
acute,eigengenes,d_mcsa,glmnet,LR_S14,5.08900000000001,5.8588121931518495
acute,eigengenes,d_mcsa,glmnet,LR_S17,0.181000000000001,-0.31045436167323887
acute,eigengenes,d_mcsa,glmnet,LR_S21,1.311,1.3813071568880366
acute,eigengenes,d_mcsa,glmnet,LR_S30,2.862,2.076632777818804
acute,eigengenes,d_1rm_legpress,glmnet,HR_S03,54,37.088054939198194
acute,eigengenes,d_1rm_legpress,glmnet,HR_S10,83,22.208383812785634
acute,eigengenes,d_1rm_legpress,glmnet,HR_S16,90,37.58370063635294
acute,eigengenes,d_1rm_legpress,glmnet,HR_S22,35,51.05098330854094
acute,eigengenes,d_1rm_legpress,glmnet,HR_S24,5,92.3918943375016
acute,eigengenes,d_1rm_legpress,glmnet,HR_S27,3,44.07142857142857
acute,eigengenes,d_1rm_legpress,glmnet,HR_S29,25,7.324599440730611
acute,eigengenes,d_1rm_legpress,glmnet,LR_S04,72,39.655954439518595
acute,eigengenes,d_1rm_legpress,glmnet,LR_S05,49,42.870481222290756
acute,eigengenes,d_1rm_legpress,glmnet,LR_S06,5,37.82568076736873
acute,eigengenes,d_1rm_legpress,glmnet,LR_S12,62,39.85714285714286
acute,eigengenes,d_1rm_legpress,glmnet,LR_S14,25,47.284234452077484
acute,eigengenes,d_1rm_legpress,glmnet,LR_S17,18,44.84466550659369
acute,eigengenes,d_1rm_legpress,glmnet,LR_S21,5,43.92857142857142
acute,eigengenes,d_1rm_legpress,glmnet,LR_S30,89,37.92857142857142
acute,eigengenes,d_1rm_ext,glmnet,HR_S03,5,10.307692307692308
acute,eigengenes,d_1rm_ext,glmnet,HR_S10,14,2.066915806879773
acute,eigengenes,d_1rm_ext,glmnet,HR_S16,4,10.384615384615387
acute,eigengenes,d_1rm_ext,glmnet,HR_S24,11,9.846153846153847
acute,eigengenes,d_1rm_ext,glmnet,HR_S27,10,9.923076923076923
acute,eigengenes,d_1rm_ext,glmnet,HR_S29,23,8.923076923076923
acute,eigengenes,d_1rm_ext,glmnet,LR_S04,6,10.230769230769232
acute,eigengenes,d_1rm_ext,glmnet,LR_S05,20,5.72505530354391
acute,eigengenes,d_1rm_ext,glmnet,LR_S06,7,10.153846153846155
acute,eigengenes,d_1rm_ext,glmnet,LR_S12,6,10.230769230769232
acute,eigengenes,d_1rm_ext,glmnet,LR_S14,16,9.461538461538463
acute,eigengenes,d_1rm_ext,glmnet,LR_S17,1,27.40766621727658
acute,eigengenes,d_1rm_ext,glmnet,LR_S21,15,9.53846153846154
acute,eigengenes,d_1rm_ext,glmnet,LR_S30,1,10.615384615384617
acute,singscore,comp_hypertrophy,spls,HR_S03,9.43,11.192648603077208
acute,singscore,comp_hypertrophy,spls,HR_S10,20.73,3.9250251833020364
acute,singscore,comp_hypertrophy,spls,HR_S16,13.69,-1.3456517785839495
acute,singscore,comp_hypertrophy,spls,HR_S22,10.45,4.802682344725435
acute,singscore,comp_hypertrophy,spls,HR_S24,14.93,24.502298504864925
acute,singscore,comp_hypertrophy,spls,HR_S27,13.79,1.3665196745598718
acute,singscore,comp_hypertrophy,spls,HR_S29,8.06,0.15393828616334027
acute,singscore,comp_hypertrophy,spls,LR_S04,0.79,1.0834176361993118
acute,singscore,comp_hypertrophy,spls,LR_S05,0.85,-0.023588247711725963
acute,singscore,comp_hypertrophy,spls,LR_S06,-4.09,7.762752003891135
acute,singscore,comp_hypertrophy,spls,LR_S12,-0.74,0.1852094247347802
acute,singscore,comp_hypertrophy,spls,LR_S14,-1.86,7.408981367422973
acute,singscore,comp_hypertrophy,spls,LR_S17,-6.6,3.4733660578347334
acute,singscore,comp_hypertrophy,spls,LR_S21,-5.99,5.242913441034943
acute,singscore,comp_hypertrophy,spls,LR_S30,-0.48,1.4771807155963907
acute,singscore,d_fcsa_I,spls,HR_S03,874.31,1029.5823315783941
acute,singscore,d_fcsa_I,spls,HR_S10,1757.71,-2099.787380315289
acute,singscore,d_fcsa_I,spls,HR_S16,1924.77,-1074.8621813646027
acute,singscore,d_fcsa_I,spls,HR_S22,274.62,57.27869184103446
acute,singscore,d_fcsa_I,spls,HR_S24,545.54,3146.860957765701
acute,singscore,d_fcsa_I,spls,HR_S27,1276.8,-1080.6414897898055
acute,singscore,d_fcsa_I,spls,HR_S29,-73.1099999999997,-907.9320942979317
acute,singscore,d_fcsa_I,spls,LR_S04,171.549999999999,-801.4880563314983
acute,singscore,d_fcsa_I,spls,LR_S05,621.64,-764.6726705784507
acute,singscore,d_fcsa_I,spls,LR_S06,-1588.06,427.58365614301266
acute,singscore,d_fcsa_I,spls,LR_S12,-845.39,-457.0757538345015
acute,singscore,d_fcsa_I,spls,LR_S14,-2646.36,720.2542346389122
acute,singscore,d_fcsa_I,spls,LR_S17,-1385.12,-189.43409667753804
acute,singscore,d_fcsa_I,spls,LR_S21,-2594.04,70.77278665604345
acute,singscore,d_fcsa_I,spls,LR_S30,-1268.92,-25.39424691188765
acute,singscore,d_fcsa_II,spls,HR_S03,517.34,1206.3424924241278
acute,singscore,d_fcsa_II,spls,HR_S10,1517.85,-2142.9676299868725
acute,singscore,d_fcsa_II,spls,HR_S16,2790.83,-766.2822571376063
acute,singscore,d_fcsa_II,spls,HR_S22,739.459999999999,93.43402831933138
acute,singscore,d_fcsa_II,spls,HR_S24,1179,3094.959739143584
acute,singscore,d_fcsa_II,spls,HR_S27,682.55,-728.3862476070096
acute,singscore,d_fcsa_II,spls,HR_S29,35.9499999999998,-887.8170347593604
acute,singscore,d_fcsa_II,spls,LR_S04,-171.76,-289.61962871698336
acute,singscore,d_fcsa_II,spls,LR_S05,854.04,-422.64611569205914
acute,singscore,d_fcsa_II,spls,LR_S06,-1503.6,613.1706608411852
acute,singscore,d_fcsa_II,spls,LR_S12,-88.7199999999993,-147.78522206917688
acute,singscore,d_fcsa_II,spls,LR_S14,-2305.05,727.5861700353444
acute,singscore,d_fcsa_II,spls,LR_S17,-1179.58,421.1286516409637
acute,singscore,d_fcsa_II,spls,LR_S21,-1491.94,269.9458651287901
acute,singscore,d_fcsa_II,spls,LR_S30,-1081,516.0439001093011
acute,singscore,d_mcsa,spls,HR_S03,1.706,2.8140204933729738
acute,singscore,d_mcsa,spls,HR_S10,4.218,0.3554844911687116
acute,singscore,d_mcsa,spls,HR_S16,1.578,0.3261165851422634
acute,singscore,d_mcsa,spls,HR_S22,3.683,2.5699342636476
acute,singscore,d_mcsa,spls,HR_S24,2.983,4.5702690207452665
acute,singscore,d_mcsa,spls,HR_S27,2.44,2.58313990144116
acute,singscore,d_mcsa,spls,HR_S29,3.879,1.0675525005197022
acute,singscore,d_mcsa,spls,LR_S04,0.579999999999998,3.232402071763754
acute,singscore,d_mcsa,spls,LR_S05,-1.918,0.865702239389138
acute,singscore,d_mcsa,spls,LR_S06,0.672000000000001,2.6200243840251467
acute,singscore,d_mcsa,spls,LR_S12,0.352999999999998,0.5114497739343162
acute,singscore,d_mcsa,spls,LR_S14,5.08900000000001,1.4069871702003665
acute,singscore,d_mcsa,spls,LR_S17,0.181000000000001,0.5710026298421265
acute,singscore,d_mcsa,spls,LR_S21,1.311,1.7458227176563108
acute,singscore,d_mcsa,spls,LR_S30,2.862,-1.021997086049082
acute,singscore,d_1rm_legpress,spls,HR_S03,54,29.357761121058637
acute,singscore,d_1rm_legpress,spls,HR_S10,83,5.331858291993072
acute,singscore,d_1rm_legpress,spls,HR_S16,90,14.61409855275086
acute,singscore,d_1rm_legpress,spls,HR_S22,35,43.53031733159173
acute,singscore,d_1rm_legpress,spls,HR_S24,5,72.24001010112305
acute,singscore,d_1rm_legpress,spls,HR_S27,3,24.597920409390902
acute,singscore,d_1rm_legpress,spls,HR_S29,25,41.971122302729775
acute,singscore,d_1rm_legpress,spls,LR_S04,72,48.39300982524635
acute,singscore,d_1rm_legpress,spls,LR_S05,49,52.261861389941735
acute,singscore,d_1rm_legpress,spls,LR_S06,5,35.38950146917875
acute,singscore,d_1rm_legpress,spls,LR_S12,62,59.31748568185153
acute,singscore,d_1rm_legpress,spls,LR_S14,25,27.126211170383975
acute,singscore,d_1rm_legpress,spls,LR_S17,18,75.71101493551674
acute,singscore,d_1rm_legpress,spls,LR_S21,5,48.683820298751755
acute,singscore,d_1rm_legpress,spls,LR_S30,89,81.12994697968307
acute,singscore,d_1rm_ext,spls,HR_S03,5,13.32294455047608
acute,singscore,d_1rm_ext,spls,HR_S10,14,7.02168652349539
acute,singscore,d_1rm_ext,spls,HR_S16,4,11.91001461425715
acute,singscore,d_1rm_ext,spls,HR_S24,11,9.906326878582798
acute,singscore,d_1rm_ext,spls,HR_S27,10,18.34354343317846
acute,singscore,d_1rm_ext,spls,HR_S29,23,9.500974034108303
acute,singscore,d_1rm_ext,spls,LR_S04,6,13.619992200909095
acute,singscore,d_1rm_ext,spls,LR_S05,20,7.2088766253151695
acute,singscore,d_1rm_ext,spls,LR_S06,7,12.844662363557367
acute,singscore,d_1rm_ext,spls,LR_S12,6,6.255281273403259
acute,singscore,d_1rm_ext,spls,LR_S14,16,15.613276962845823
acute,singscore,d_1rm_ext,spls,LR_S17,1,4.670278870831672
acute,singscore,d_1rm_ext,spls,LR_S21,15,7.1517901519947324
acute,singscore,d_1rm_ext,spls,LR_S30,1,5.259888206637716
acute,proteins,comp_hypertrophy,spls,HR_S03,9.43,5.734485723287288
acute,proteins,comp_hypertrophy,spls,HR_S10,20.73,5.604930467236841
acute,proteins,comp_hypertrophy,spls,HR_S16,13.69,1.1491147081102242
acute,proteins,comp_hypertrophy,spls,HR_S22,10.45,3.4859550195425535
acute,proteins,comp_hypertrophy,spls,HR_S24,14.93,31.914052958854903
acute,proteins,comp_hypertrophy,spls,HR_S27,13.79,2.0727848671972433
acute,proteins,comp_hypertrophy,spls,HR_S29,8.06,-0.4095830659445756
acute,proteins,comp_hypertrophy,spls,LR_S04,0.79,8.713473997601024
acute,proteins,comp_hypertrophy,spls,LR_S05,0.85,1.381019579233571
acute,proteins,comp_hypertrophy,spls,LR_S06,-4.09,4.439842301416228
acute,proteins,comp_hypertrophy,spls,LR_S12,-0.74,4.525429824236861
acute,proteins,comp_hypertrophy,spls,LR_S14,-1.86,6.779264317438802
acute,proteins,comp_hypertrophy,spls,LR_S17,-6.6,0.4953353987636504
acute,proteins,comp_hypertrophy,spls,LR_S21,-5.99,6.304938522293258
acute,proteins,comp_hypertrophy,spls,LR_S30,-0.48,4.503353583154729
acute,proteins,d_fcsa_I,spls,HR_S03,874.31,1887.3113576454448
acute,proteins,d_fcsa_I,spls,HR_S10,1757.71,-147.38129908986204
acute,proteins,d_fcsa_I,spls,HR_S16,1924.77,-601.5199718395394
acute,proteins,d_fcsa_I,spls,HR_S22,274.62,-310.9935952560163
acute,proteins,d_fcsa_I,spls,HR_S24,545.54,2064.316531905076
acute,proteins,d_fcsa_I,spls,HR_S27,1276.8,1057.4853018818126
acute,proteins,d_fcsa_I,spls,HR_S29,-73.1099999999997,-253.94884690470911
acute,proteins,d_fcsa_I,spls,LR_S04,171.549999999999,-177.20335471824507
acute,proteins,d_fcsa_I,spls,LR_S05,621.64,-712.8648534321842
acute,proteins,d_fcsa_I,spls,LR_S06,-1588.06,-726.1214188284746
acute,proteins,d_fcsa_I,spls,LR_S12,-845.39,-297.8659182243584
acute,proteins,d_fcsa_I,spls,LR_S14,-2646.36,-45.00130392362504
acute,proteins,d_fcsa_I,spls,LR_S17,-1385.12,-841.3340674295183
acute,proteins,d_fcsa_I,spls,LR_S21,-2594.04,72.0076509377452
acute,proteins,d_fcsa_I,spls,LR_S30,-1268.92,-275.65179132714945
acute,proteins,d_fcsa_II,spls,HR_S03,517.34,1885.8809230477248
acute,proteins,d_fcsa_II,spls,HR_S10,1517.85,-688.1387283947028
acute,proteins,d_fcsa_II,spls,HR_S16,2790.83,-476.34595422863686
acute,proteins,d_fcsa_II,spls,HR_S22,739.459999999999,-222.6568413434506
acute,proteins,d_fcsa_II,spls,HR_S24,1179,1799.8620824950624
acute,proteins,d_fcsa_II,spls,HR_S27,682.55,1104.3386898735328
acute,proteins,d_fcsa_II,spls,HR_S29,35.9499999999998,-527.3003645402337
acute,proteins,d_fcsa_II,spls,LR_S04,-171.76,99.45710895443142
acute,proteins,d_fcsa_II,spls,LR_S05,854.04,-125.01696658427844
acute,proteins,d_fcsa_II,spls,LR_S06,-1503.6,167.00675489090816
acute,proteins,d_fcsa_II,spls,LR_S12,-88.7199999999993,-237.80081321002922
acute,proteins,d_fcsa_II,spls,LR_S14,-2305.05,406.7124186892399
acute,proteins,d_fcsa_II,spls,LR_S17,-1179.58,-438.64064921613556
acute,proteins,d_fcsa_II,spls,LR_S21,-1491.94,356.20232581409346
acute,proteins,d_fcsa_II,spls,LR_S30,-1081,313.2149390037229
acute,proteins,d_mcsa,spls,HR_S03,1.706,0.8323340181509495
acute,proteins,d_mcsa,spls,HR_S10,4.218,0.7245858896455264
acute,proteins,d_mcsa,spls,HR_S16,1.578,1.8653458690565385
acute,proteins,d_mcsa,spls,HR_S22,3.683,2.5816927372546306
acute,proteins,d_mcsa,spls,HR_S24,2.983,3.111867732761427
acute,proteins,d_mcsa,spls,HR_S27,2.44,3.1624251628614175
acute,proteins,d_mcsa,spls,HR_S29,3.879,1.7369460549793907
acute,proteins,d_mcsa,spls,LR_S04,0.579999999999998,2.510047703511121
acute,proteins,d_mcsa,spls,LR_S05,-1.918,1.1422160312866299
acute,proteins,d_mcsa,spls,LR_S06,0.672000000000001,2.136454173787178
acute,proteins,d_mcsa,spls,LR_S12,0.352999999999998,1.0859630502811721
acute,proteins,d_mcsa,spls,LR_S14,5.08900000000001,0.05321539927001662
acute,proteins,d_mcsa,spls,LR_S17,0.181000000000001,2.772390393388786
acute,proteins,d_mcsa,spls,LR_S21,1.311,1.9309098004703895
acute,proteins,d_mcsa,spls,LR_S30,2.862,2.144459020170646
acute,proteins,d_1rm_legpress,spls,HR_S03,54,53.53617757798312
acute,proteins,d_1rm_legpress,spls,HR_S10,83,19.026966746065597
acute,proteins,d_1rm_legpress,spls,HR_S16,90,8.997491842908353
acute,proteins,d_1rm_legpress,spls,HR_S22,35,48.62507833187117
acute,proteins,d_1rm_legpress,spls,HR_S24,5,107.44368083993521
acute,proteins,d_1rm_legpress,spls,HR_S27,3,18.44384803261202
acute,proteins,d_1rm_legpress,spls,HR_S29,25,5.16688916434223
acute,proteins,d_1rm_legpress,spls,LR_S04,72,25.267340138905652
acute,proteins,d_1rm_legpress,spls,LR_S05,49,8.845888723414394
acute,proteins,d_1rm_legpress,spls,LR_S06,5,37.73461237094706
acute,proteins,d_1rm_legpress,spls,LR_S12,62,53.57659094438883
acute,proteins,d_1rm_legpress,spls,LR_S14,25,47.70659717457547
acute,proteins,d_1rm_legpress,spls,LR_S17,18,73.811893945006
acute,proteins,d_1rm_legpress,spls,LR_S21,5,44.73133631099776
acute,proteins,d_1rm_legpress,spls,LR_S30,89,47.60884632462262
acute,proteins,d_1rm_ext,spls,HR_S03,5,9.953791140416591
acute,proteins,d_1rm_ext,spls,HR_S10,14,3.0637820779571268
acute,proteins,d_1rm_ext,spls,HR_S16,4,11.791570291664797
acute,proteins,d_1rm_ext,spls,HR_S24,11,3.2433270766152615
acute,proteins,d_1rm_ext,spls,HR_S27,10,10.247770362266277
acute,proteins,d_1rm_ext,spls,HR_S29,23,6.640931720850798
acute,proteins,d_1rm_ext,spls,LR_S04,6,9.337557410379235
acute,proteins,d_1rm_ext,spls,LR_S05,20,8.392307873583952
acute,proteins,d_1rm_ext,spls,LR_S06,7,13.607601899351778
acute,proteins,d_1rm_ext,spls,LR_S12,6,9.246050252482656
acute,proteins,d_1rm_ext,spls,LR_S14,16,10.879988552729136
acute,proteins,d_1rm_ext,spls,LR_S17,1,5.637379019154703
acute,proteins,d_1rm_ext,spls,LR_S21,15,11.35522242868765
acute,proteins,d_1rm_ext,spls,LR_S30,1,6.436237357378334
acute,eigengenes,comp_hypertrophy,spls,HR_S03,9.43,9.020236274312602
acute,eigengenes,comp_hypertrophy,spls,HR_S10,20.73,10.012892392883302
acute,eigengenes,comp_hypertrophy,spls,HR_S16,13.69,1.0814011170189386
acute,eigengenes,comp_hypertrophy,spls,HR_S22,10.45,5.384805638353048
acute,eigengenes,comp_hypertrophy,spls,HR_S24,14.93,30.612136387685702
acute,eigengenes,comp_hypertrophy,spls,HR_S27,13.79,0.8964660222395011
acute,eigengenes,comp_hypertrophy,spls,HR_S29,8.06,-0.2872030894715376
acute,eigengenes,comp_hypertrophy,spls,LR_S04,0.79,5.598607724693461
acute,eigengenes,comp_hypertrophy,spls,LR_S05,0.85,0.40692466178408004
acute,eigengenes,comp_hypertrophy,spls,LR_S06,-4.09,5.0233709113024645
acute,eigengenes,comp_hypertrophy,spls,LR_S12,-0.74,1.3017384456124184
acute,eigengenes,comp_hypertrophy,spls,LR_S14,-1.86,2.0658360474095363
acute,eigengenes,comp_hypertrophy,spls,LR_S17,-6.6,1.3638757960167682
acute,eigengenes,comp_hypertrophy,spls,LR_S21,-5.99,4.3930501271492055
acute,eigengenes,comp_hypertrophy,spls,LR_S30,-0.48,4.180695061441755
acute,eigengenes,d_fcsa_I,spls,HR_S03,874.31,278.1105244323837
acute,eigengenes,d_fcsa_I,spls,HR_S10,1757.71,223.97122782257946
acute,eigengenes,d_fcsa_I,spls,HR_S16,1924.77,-749.3073357602766
acute,eigengenes,d_fcsa_I,spls,HR_S22,274.62,-180.05829949816555
acute,eigengenes,d_fcsa_I,spls,HR_S24,545.54,3559.8234227808143
acute,eigengenes,d_fcsa_I,spls,HR_S27,1276.8,-817.1051030890126
acute,eigengenes,d_fcsa_I,spls,HR_S29,-73.1099999999997,-885.5808434117733
acute,eigengenes,d_fcsa_I,spls,LR_S04,171.549999999999,-101.67471614975862
acute,eigengenes,d_fcsa_I,spls,LR_S05,621.64,-701.8102130192327
acute,eigengenes,d_fcsa_I,spls,LR_S06,-1588.06,-147.13802468486432
acute,eigengenes,d_fcsa_I,spls,LR_S12,-845.39,-571.7854388171188
acute,eigengenes,d_fcsa_I,spls,LR_S14,-2646.36,-254.18800470090474
acute,eigengenes,d_fcsa_I,spls,LR_S17,-1385.12,-384.9661614943118
acute,eigengenes,d_fcsa_I,spls,LR_S21,-2594.04,-100.31500964900506
acute,eigengenes,d_fcsa_I,spls,LR_S30,-1268.92,-131.11824972408849
acute,eigengenes,d_fcsa_II,spls,HR_S03,517.34,585.3552556358266
acute,eigengenes,d_fcsa_II,spls,HR_S10,1517.85,588.7682990201855
acute,eigengenes,d_fcsa_II,spls,HR_S16,2790.83,-529.6551247051932
acute,eigengenes,d_fcsa_II,spls,HR_S22,739.459999999999,-45.52774711420908
acute,eigengenes,d_fcsa_II,spls,HR_S24,1179,3052.850250422678
acute,eigengenes,d_fcsa_II,spls,HR_S27,682.55,-485.50435280230363
acute,eigengenes,d_fcsa_II,spls,HR_S29,35.9499999999998,-539.5407185316677
acute,eigengenes,d_fcsa_II,spls,LR_S04,-171.76,244.821982500316
acute,eigengenes,d_fcsa_II,spls,LR_S05,854.04,-405.2039682796709
acute,eigengenes,d_fcsa_II,spls,LR_S06,-1503.6,155.2152499263514
acute,eigengenes,d_fcsa_II,spls,LR_S12,-88.7199999999993,-327.5206642036468
acute,eigengenes,d_fcsa_II,spls,LR_S14,-2305.05,-112.97015041712234
acute,eigengenes,d_fcsa_II,spls,LR_S17,-1179.58,-163.61263566906752
acute,eigengenes,d_fcsa_II,spls,LR_S21,-1491.94,72.36830261663695
acute,eigengenes,d_fcsa_II,spls,LR_S30,-1081,206.93991161641318
acute,eigengenes,d_mcsa,spls,HR_S03,1.706,2.429250688777444
acute,eigengenes,d_mcsa,spls,HR_S10,4.218,1.8022822544858477
acute,eigengenes,d_mcsa,spls,HR_S16,1.578,1.3615664044133737
acute,eigengenes,d_mcsa,spls,HR_S22,3.683,2.6285075313561035
acute,eigengenes,d_mcsa,spls,HR_S24,2.983,6.426937586265149
acute,eigengenes,d_mcsa,spls,HR_S27,2.44,2.1392450683442408
acute,eigengenes,d_mcsa,spls,HR_S29,3.879,1.082911493684764
acute,eigengenes,d_mcsa,spls,LR_S04,0.579999999999998,2.249910870653748
acute,eigengenes,d_mcsa,spls,LR_S05,-1.918,0.65234918077401
acute,eigengenes,d_mcsa,spls,LR_S06,0.672000000000001,2.1722627512827652
acute,eigengenes,d_mcsa,spls,LR_S12,0.352999999999998,0.9802535726488559
acute,eigengenes,d_mcsa,spls,LR_S14,5.08900000000001,1.3255571424241857
acute,eigengenes,d_mcsa,spls,LR_S17,0.181000000000001,-0.3881882331214084
acute,eigengenes,d_mcsa,spls,LR_S21,1.311,1.619825949061972
acute,eigengenes,d_mcsa,spls,LR_S30,2.862,0.9796122153439852
acute,eigengenes,d_1rm_legpress,spls,HR_S03,54,42.08154231739577
acute,eigengenes,d_1rm_legpress,spls,HR_S10,83,-1.9830019757315327
acute,eigengenes,d_1rm_legpress,spls,HR_S16,90,25.99308294009473
acute,eigengenes,d_1rm_legpress,spls,HR_S22,35,52.53047340133332
acute,eigengenes,d_1rm_legpress,spls,HR_S24,5,108.18972441808204
acute,eigengenes,d_1rm_legpress,spls,HR_S27,3,22.6598357250766
acute,eigengenes,d_1rm_legpress,spls,HR_S29,25,15.83870491297094
acute,eigengenes,d_1rm_legpress,spls,LR_S04,72,46.350525641636914
acute,eigengenes,d_1rm_legpress,spls,LR_S05,49,36.1839125763901
acute,eigengenes,d_1rm_legpress,spls,LR_S06,5,35.321561617335085
acute,eigengenes,d_1rm_legpress,spls,LR_S12,62,39.39399031043165
acute,eigengenes,d_1rm_legpress,spls,LR_S14,25,17.00026936450019
acute,eigengenes,d_1rm_legpress,spls,LR_S17,18,84.29029813077676
acute,eigengenes,d_1rm_legpress,spls,LR_S21,5,47.431628711648415
acute,eigengenes,d_1rm_legpress,spls,LR_S30,89,67.12324929589084
acute,eigengenes,d_1rm_ext,spls,HR_S03,5,8.896970747771425
acute,eigengenes,d_1rm_ext,spls,HR_S10,14,0.9579479830853366
acute,eigengenes,d_1rm_ext,spls,HR_S16,4,13.309904174236886
acute,eigengenes,d_1rm_ext,spls,HR_S24,11,6.641246611237671
acute,eigengenes,d_1rm_ext,spls,HR_S27,10,16.268049893336595
acute,eigengenes,d_1rm_ext,spls,HR_S29,23,11.70504544188953
acute,eigengenes,d_1rm_ext,spls,LR_S04,6,7.829263353480165
acute,eigengenes,d_1rm_ext,spls,LR_S05,20,7.289855736774777
acute,eigengenes,d_1rm_ext,spls,LR_S06,7,13.114691349332961
acute,eigengenes,d_1rm_ext,spls,LR_S12,6,10.542994419700433
acute,eigengenes,d_1rm_ext,spls,LR_S14,16,14.409134555941314
acute,eigengenes,d_1rm_ext,spls,LR_S17,1,12.056309566872471
acute,eigengenes,d_1rm_ext,spls,LR_S21,15,9.603194658709285
acute,eigengenes,d_1rm_ext,spls,LR_S30,1,7.801830595306766
