"uniprot_id","omega2","gene","label"
"NDRG2",0.411097291950423,NA,"NDRG2"
"HNRNPR",0.373204516280445,NA,"HNRNPR"
"LCP1",0.366442820680176,NA,"LCP1"
"PREP",0.304448384302976,NA,"PREP"
"RCSD1",0.293061228693252,NA,"RCSD1"
"MAP2K2",0.288846041086696,NA,"MAP2K2"
"SNCA",0.277289432505442,NA,"SNCA"
"SPTB",0.277126625661886,NA,"SPTB"
"BDH2",0.276883675528509,NA,"BDH2"
"ANK1",0.276581103276632,NA,"ANK1"
"ILF3",0.275760768964873,NA,"ILF3"
"HNRNPDL",0.275690874840578,NA,"HNRNPDL"
"MTX1",0.27376264782134,NA,"MTX1"
"PNPT1",0.272319678324661,NA,"PNPT1"
"SYNE2",0.263307902627691,NA,"SYNE2"
"BLVRB",0.259191896890893,NA,"BLVRB"
"CAT",0.256719335384526,NA,"CAT"
"RRAD",0.255370926334723,NA,"RRAD"
"PLCD4",0.25531665573823,NA,"PLCD4"
"PNP",0.254632909731966,NA,"PNP"
"BPNT1",0.253650922766891,NA,"BPNT1"
"ARMT1",0.252325388539861,NA,"ARMT1"
"STOM",0.25208838620998,NA,"STOM"
"MPP1",0.249352924186243,NA,"MPP1"
"SYNCRIP",0.244475281809553,NA,"SYNCRIP"
"COPS7A",0.244175495722655,NA,"COPS7A"
"TNPO3",0.242692396242959,NA,"TNPO3"
"CMBL",0.241030270855703,NA,"CMBL"
"BPGM",0.238813362242618,NA,"BPGM"
"GLUL",0.236992562128028,NA,"GLUL"
"TCAP",0.236065191137243,NA,"TCAP"
"GLRX5",0.235478075591357,NA,"GLRX5"
"ARPC4",0.235456915255532,NA,"ARPC4"
"MAP1LC3B2",0.23511099128908,NA,"MAP1LC3B2"
"MAP2K6",0.232390146677825,NA,"MAP2K6"
"HMGCL",0.230716924050563,NA,"HMGCL"
"LYPLA2",0.229821362126732,NA,"LYPLA2"
"EPB41",0.223767977165438,NA,"EPB41"
"LPCAT3",0.222767422356864,NA,"LPCAT3"
"PGAM2",0.220332686496574,NA,"PGAM2"
"AK1",0.219888075010261,NA,"AK1"
"STOML2",0.216891782571728,NA,"STOML2"
"PLIN4",0.211619527333714,NA,"PLIN4"
"TPD52L1",0.21147339139473,NA,"TPD52L1"
"ACSF2",0.210923689257283,NA,"ACSF2"
"CIRBP",0.209865499710731,NA,"CIRBP"
"S100A1",0.206376581799255,NA,"S100A1"
"GPC1",0.203834718731182,NA,"GPC1"
"UBA3",0.202810815178039,NA,"UBA3"
"SLC2A1",0.200229918086602,NA,"SLC2A1"
"BSG",0.200194773284448,NA,"BSG"
"AMPD1",0.199024929215862,NA,"AMPD1"
"RPS20",0.198073389586604,NA,"RPS20"
"MRPL22",0.197699083728599,NA,"MRPL22"
"COQ8A",0.196533723223359,NA,"COQ8A"
"LETM1",0.195474292149004,NA,"LETM1"
"MYLK2",0.195369642643388,NA,"MYLK2"
"ARHGAP19",0.194453104735317,NA,"ARHGAP19"
"SNTA1",0.194095932685717,NA,"SNTA1"
"TOLLIP",0.192854146024757,NA,"TOLLIP"
"TTC38",0.19111337101968,NA,"TTC38"
"EIF3G",0.188901891697157,NA,"EIF3G"
"ERI3",0.186725945207938,NA,"ERI3"
"ADD1",0.184958245592705,NA,"ADD1"
"TGM2",0.183680521490808,NA,"TGM2"
"SH3BGRL3",0.183416562447092,NA,"SH3BGRL3"
"RTN3",0.181629636457379,NA,"RTN3"
"AIFM1",0.178415323987519,NA,"AIFM1"
"AHCYL2",0.178372245037941,NA,"AHCYL2"
"TRAP1",0.177164638341818,NA,"TRAP1"
"HNRNPA2B1",0.176706726160388,NA,"HNRNPA2B1"
"RPS6KA3",0.175609581429355,NA,"RPS6KA3"
"DYNC1H1",0.174562916478773,NA,"DYNC1H1"
"ARL1",0.17345547163455,NA,"ARL1"
"ESYT2",0.172897163489151,NA,"ESYT2"
"NAP1L1",0.172852502826002,NA,"NAP1L1"
"CACNB3",0.17188797435448,NA,"CACNB3"
"AKT2",0.171696727560285,NA,"AKT2"
"S100A13",0.170605284121619,NA,"S100A13"
"IDH2",0.170195958069008,NA,"IDH2"
"RPL15",0.170103569266647,NA,"RPL15"
"CAP1",0.169409280601617,NA,"CAP1"
"UBE2D1",0.166597466641847,NA,"UBE2D1"
"DLST",0.165372826098309,NA,"DLST"
"NDUFS5",0.164254075753236,NA,"NDUFS5"
"RPA2",0.164171296263067,NA,"RPA2"
"HNRNPA3",0.163879655319812,NA,"HNRNPA3"
"MFAP4",0.163544179210413,NA,"MFAP4"
"IFITM1",0.163310095927267,NA,"IFITM1"
"EIF4A2",0.163231505150037,NA,"EIF4A2"
"TMX3",0.162918723656314,NA,"TMX3"
"ECHDC2",0.16213375786938,NA,"ECHDC2"
"EPM2A",0.161090900024454,NA,"EPM2A"
"SDHA",0.159595811206647,NA,"SDHA"
"ANXA3",0.159457603761113,NA,"ANXA3"
"CHCHD7",0.159385839539178,NA,"CHCHD7"
"ARCN1",0.15905268734349,NA,"ARCN1"
"ARHGDIB",0.157637592047506,NA,"ARHGDIB"
"ATP5PO",0.157499997949839,NA,"ATP5PO"
"CFL2",0.156676530488757,NA,"CFL2"
"NPM1",0.155352306624977,NA,"NPM1"
"AMPD3",0.155288287702345,NA,"AMPD3"
"HDHD2",0.152896817728903,NA,"HDHD2"
"OGDH",0.152869496233707,NA,"OGDH"
"CACNG1",0.152580082078757,NA,"CACNG1"
"NUBP1",0.152287345897053,NA,"NUBP1"
"CALU",0.152098329528992,NA,"CALU"
"PGD",0.151561894264485,NA,"PGD"
"TPPP3",0.151303741717123,NA,"TPPP3"
"NDUFAB1",0.151224827294466,NA,"NDUFAB1"
"NANS",0.150988646834547,NA,"NANS"
"CANX",0.150659493169426,NA,"CANX"
"CPNE3",0.150081832222691,NA,"CPNE3"
"CAMK2D",0.150024936578017,NA,"CAMK2D"
"PSMD7",0.149974053214496,NA,"PSMD7"
"NUDT16",0.148384651634256,NA,"NUDT16"
"ALAD",0.148234991553813,NA,"ALAD"
"NDUFA3",0.147420179201175,NA,"NDUFA3"
"CCS",0.147078703064984,NA,"CCS"
"VDAC2",0.145069344053445,NA,"VDAC2"
"IDI1",0.144777318058064,NA,"IDI1"
"APMAP",0.144597365447068,NA,"APMAP"
"HEBP1",0.141250258797273,NA,"HEBP1"
"NPEPPS",0.141232270440211,NA,"NPEPPS"
"HNRNPK",0.140104866694893,NA,"HNRNPK"
"HNRNPA1",0.13992561133035,NA,"HNRNPA1"
"ZYX",0.139882136487126,NA,"ZYX"
"USP15",0.13943862789983,NA,"USP15"
"OXSM",0.139305240175774,NA,"OXSM"
"TIMM8A",0.139277212553767,NA,"TIMM8A"
"PPP3CB",0.139126787448849,NA,"PPP3CB"
"CLIC1",0.139056939062402,NA,"CLIC1"
"MRPL47",0.138846550515035,NA,"MRPL47"
"NPLOC4",0.138831633669527,NA,"NPLOC4"
"HNRNPC",0.138528956487947,NA,"HNRNPC"
"TKFC",0.138444392457896,NA,"TKFC"
"TALDO1",0.13793651644858,NA,"TALDO1"
"NDUFAF4",0.137734452645421,NA,"NDUFAF4"
"PPP1R3A",0.137408662830808,NA,"PPP1R3A"
"LONP1",0.137357495147413,NA,"LONP1"
"HSPE1",0.136768542349729,NA,"HSPE1"
"XRCC6",0.136127600886526,NA,"XRCC6"
"SRSF2",0.135056943978638,NA,"SRSF2"
"HNRNPL",0.134912721126938,NA,"HNRNPL"
"H6PD",0.133790367765612,NA,"H6PD"
"EPB41L2",0.132715453038628,NA,"EPB41L2"
"HSDL2",0.132477627846955,NA,"HSDL2"
"HBS1L",0.13241835176905,NA,"HBS1L"
"DCTN3",0.132066265321405,NA,"DCTN3"
"PRKACA",0.131947049580373,NA,"PRKACA"
"TSFM",0.131298660586104,NA,"TSFM"
"COQ3",0.131095880022109,NA,"COQ3"
"PIN4",0.130669134184391,NA,"PIN4"
"FUS",0.13037892404533,NA,"FUS"
"IMPA2",0.130027078999567,NA,"IMPA2"
"SNX5",0.129702783513907,NA,"SNX5"
"HINT1",0.12958108687259,NA,"HINT1"
"LRRC20",0.129348377725734,NA,"LRRC20"
"THTPA",0.129153325232533,NA,"THTPA"
"GSTK1",0.129005367523617,NA,"GSTK1"
"EIF2A",0.128282540278372,NA,"EIF2A"
"EIF2S3",0.127822651270787,NA,"EIF2S3"
"CPT1A",0.127627485671951,NA,"CPT1A"
"SEPTIN6",0.127607913081317,NA,"SEPTIN6"
"TKT",0.127568609409805,NA,"TKT"
"RWDD1",0.126752946822281,NA,"RWDD1"
"GCLC",0.12561826719767,NA,"GCLC"
"AP2A1",0.125445112848387,NA,"AP2A1"
"CSNK1A1",0.124691758414971,NA,"CSNK1A1"
"CAMK2G",0.124161431523275,NA,"CAMK2G"
"MTRES1",0.124099475151033,NA,"MTRES1"
"SYNC",0.123656182277916,NA,"SYNC"
"EIF3B",0.123067378235368,NA,"EIF3B"
"LXN",0.122304405308583,NA,"LXN"
"PA2G4",0.121900370849257,NA,"PA2G4"
"ATP5PB",0.121194083888532,NA,"ATP5PB"
"COX5A",0.11931628836921,NA,"COX5A"
"DDX39B",0.119307494880782,NA,"DDX39B"
"ACAA1",0.119145447061105,NA,"ACAA1"
"LAMTOR2",0.118538739124108,NA,"LAMTOR2"
"NDUFB11",0.118158460892531,NA,"NDUFB11"
"PSMB5",0.117460623351328,NA,"PSMB5"
"RPS25",0.117357683021166,NA,"RPS25"
"PFN1",0.116947824238321,NA,"PFN1"
"CHMP2A",0.116787583167164,NA,"CHMP2A"
"CSDE1",0.11635932155757,NA,"CSDE1"
"NT5C3A",0.115691965339591,NA,"NT5C3A"
"ATPAF2",0.115182674329618,NA,"ATPAF2"
"TXN2",0.114748485707705,NA,"TXN2"
"TMEM11",0.114544699861006,NA,"TMEM11"
"UBE2G1",0.11331797906364,NA,"UBE2G1"
"GART",0.113309534844564,NA,"GART"
"CLYBL",0.113184214436726,NA,"CLYBL"
"CAND1",0.113001341597138,NA,"CAND1"
"ART3",0.112988651382628,NA,"ART3"
"STK38L",0.112424341039195,NA,"STK38L"
"HNRNPD",0.112260377180803,NA,"HNRNPD"
"PM20D2",0.112121432775583,NA,"PM20D2"
"YBX1",0.112045890071937,NA,"YBX1"
"PPIF",0.111931316609574,NA,"PPIF"
"ACSS2",0.111886856978882,NA,"ACSS2"
"DLAT",0.111364785935448,NA,"DLAT"
"RPLP2",0.111305461234386,NA,"RPLP2"
"NCL",0.110942333395739,NA,"NCL"
"MRPL49",0.110604340878899,NA,"MRPL49"
"UBE2O",0.11034281104136,NA,"UBE2O"
"ACTR2",0.110310655133548,NA,"ACTR2"
"PSMD9",0.109817108885076,NA,"PSMD9"
"COX20",0.109633389659744,NA,"COX20"
"AKR1C1",0.109623700389226,NA,"AKR1C1"
"OTUB1",0.109395315393424,NA,"OTUB1"
"ACSL1",0.109318029097368,NA,"ACSL1"
"ANXA7",0.107919395414062,NA,"ANXA7"
"ACAD10",0.107269114648071,NA,"ACAD10"
"HPRT1",0.107081358970308,NA,"HPRT1"
"CCDC124",0.106626943157614,NA,"CCDC124"
"FLOT1",0.106535490658669,NA,"FLOT1"
"GPX1",0.106209512678599,NA,"GPX1"
"EPRS1",0.106189164086179,NA,"EPRS1"
"PRPSAP2",0.1058791081016,NA,"PRPSAP2"
"GMPPB",0.105782740669383,NA,"GMPPB"
"PTPN11",0.105768079596385,NA,"PTPN11"
"MCCC1",0.105759878489386,NA,"MCCC1"
"HNRNPUL1",0.105758731277291,NA,"HNRNPUL1"
"ETF1",0.105517621927485,NA,"ETF1"
"FHL1",0.10546440655975,NA,"FHL1"
"CD81",0.105373888752202,NA,"CD81"
"PPP1R1A",0.105285750864467,NA,"PPP1R1A"
"RAB1A",0.105154785550325,NA,"RAB1A"
"AKR1C3",0.104833862650948,NA,"AKR1C3"
"HCCS",0.104798923168008,NA,"HCCS"
"CS",0.10440396821059,NA,"CS"
"CD59",0.104157545424501,NA,"CD59"
"SLC25A6",0.104082155851806,NA,"SLC25A6"
"RPL7A",0.104060652817842,NA,"RPL7A"
"RAP1A",0.103905096218846,NA,"RAP1A"
"SCRN3",0.103735998596754,NA,"SCRN3"
"HNRNPUL2",0.103716444519634,NA,"HNRNPUL2"
"SUCLG1",0.103577576998299,NA,"SUCLG1"
"SUCLA2",0.102304024429328,NA,"SUCLA2"
"HSP90AB1",0.101672754383555,NA,"HSP90AB1"
"LRPPRC",0.10134764360722,NA,"LRPPRC"
"NPEPL1",0.101135528507858,NA,"NPEPL1"
"MDH2",0.101119821402742,NA,"MDH2"
"COX6B1",0.100632670318628,NA,"COX6B1"
"MOB4",0.100612988527854,NA,"MOB4"
"SGTA",0.100172943731517,NA,"SGTA"
"RANBP1",0.0997837219173206,NA,"RANBP1"
"AP2M1",0.098847786883332,NA,"AP2M1"
"HRC",0.0984729849162183,NA,"HRC"
"PADI2",0.0981045289545481,NA,"PADI2"
"XRCC5",0.0975748585438767,NA,"XRCC5"
"PDHX",0.097340222901855,NA,"PDHX"
"PALMD",0.0973098629127742,NA,"PALMD"
"PTPN1",0.0972959295645628,NA,"PTPN1"
"RPS3",0.0972029641708425,NA,"RPS3"
"IDH3A",0.097148500156076,NA,"IDH3A"
"TMEM167A",0.097021587534407,NA,"TMEM167A"
"PDLIM3",0.0969305800322658,NA,"PDLIM3"
"DDX1",0.0967802450204457,NA,"DDX1"
"BIN1",0.096558049750408,NA,"BIN1"
"AQP1",0.0962673247188234,NA,"AQP1"
"RDH11",0.0952450205448916,NA,"RDH11"
"SEPTIN9",0.0949582616889167,NA,"SEPTIN9"
"ACAD8",0.0947251451682262,NA,"ACAD8"
"FLOT2",0.0946869642531956,NA,"FLOT2"
"IRGQ",0.0943930404527208,NA,"IRGQ"
"TUBA8",0.0942290151648811,NA,"TUBA8"
"CNIH4",0.093041329353651,NA,"CNIH4"
"TFRC",0.0926645782178625,NA,"TFRC"
"TMX1",0.0917043437240252,NA,"TMX1"
"LAMTOR3",0.0914303866925097,NA,"LAMTOR3"
"ACTR3",0.0914088424139834,NA,"ACTR3"
"CKM",0.0906820930665467,NA,"CKM"
"PURA",0.090357278828415,NA,"PURA"
"SESN1",0.089823048123491,NA,"SESN1"
"MYO1C",0.0897362992672461,NA,"MYO1C"
"FXYD1",0.0894441274588293,NA,"FXYD1"
"LMAN2",0.088745274983952,NA,"LMAN2"
"GCDH",0.0883038449223654,NA,"GCDH"
"HSPA4",0.0881586533690256,NA,"HSPA4"
"SMTN",0.0881141566587839,NA,"SMTN"
"MYO18A",0.0876855881593556,NA,"MYO18A"
"JPT2",0.0871803521685837,NA,"JPT2"
"RDX",0.0862157993015446,NA,"RDX"
"ACADSB",0.0861978189459329,NA,"ACADSB"
"LYRM7",0.0859856719507009,NA,"LYRM7"
"TPP2",0.0852044844132359,NA,"TPP2"
"ESYT1",0.0850196837078532,NA,"ESYT1"
"DHRS7",0.0849837111077175,NA,"DHRS7"
"HBG2",0.0849157342283591,NA,"HBG2"
"ALPK3",0.0847533472872505,NA,"ALPK3"
"TPD52L2",0.0845572488300981,NA,"TPD52L2"
"PSME1",0.0839157174603285,NA,"PSME1"
"TMOD1",0.0836218510260797,NA,"TMOD1"
"EIF3C",0.083551723023573,NA,"EIF3C"
"FTH1",0.0831493049690225,NA,"FTH1"
"PPM1B",0.0831044047910883,NA,"PPM1B"
"ATP5MF",0.0822965256084647,NA,"ATP5MF"
"HSPA2",0.0822637252192521,NA,"HSPA2"
"PCBD2",0.082092313432524,NA,"PCBD2"
"COL18A1",0.0820114252042487,NA,"COL18A1"
"ATP6V1H",0.0819573149842181,NA,"ATP6V1H"
"TIMM13",0.0819001271593559,NA,"TIMM13"
"PBXIP1",0.0814761311214776,NA,"PBXIP1"
"PHB2",0.0813933715427117,NA,"PHB2"
"COMT",0.0813488846596998,NA,"COMT"
"TOMM40",0.0807422970971566,NA,"TOMM40"
"PDCD5",0.0806111255676682,NA,"PDCD5"
"CLASP2",0.0803825664586678,NA,"CLASP2"
"CA2",0.0803252355699967,NA,"CA2"
"FXN",0.0802448802972913,NA,"FXN"
"WARS1",0.0799525253828158,NA,"WARS1"
"PABPC4",0.0799300047737748,NA,"PABPC4"
"MAPRE3",0.0797653629981376,NA,"MAPRE3"
"MAP2K1",0.079710799409441,NA,"MAP2K1"
"MDP1",0.0795748960107113,NA,"MDP1"
"RUVBL1",0.0794510072627617,NA,"RUVBL1"
"SEC22B",0.0791926462042206,NA,"SEC22B"
"CASQ1",0.0791522150023266,NA,"CASQ1"
"RPL12",0.0790321029128891,NA,"RPL12"
"UQCRB",0.0789067502189464,NA,"UQCRB"
"SMTNL1",0.0785596144155226,NA,"SMTNL1"
"HADHA",0.0782632237847556,NA,"HADHA"
"COX6C",0.078191108271898,NA,"COX6C"
"NUBP2",0.0781654241295247,NA,"NUBP2"
"CACNG6",0.0777823043221736,NA,"CACNG6"
"LMOD3",0.0777660410982812,NA,"LMOD3"
"DDI2",0.0777376922112956,NA,"DDI2"
"EIF4A1",0.0776594714900682,NA,"EIF4A1"
"ANXA5",0.0775926147866583,NA,"ANXA5"
"GOT1",0.0773980930553249,NA,"GOT1"
"DNAJA4",0.0773395927826092,NA,"DNAJA4"
"SUB1",0.0767851769120437,NA,"SUB1"
"CCDC43",0.0761511599085962,NA,"CCDC43"
"VPS35",0.076142135920521,NA,"VPS35"
"RAD23B",0.075960390808592,NA,"RAD23B"
"BLVRA",0.0757214186541701,NA,"BLVRA"
"VARS1",0.0757109324217921,NA,"VARS1"
"FAM98B",0.0756963038084892,NA,"FAM98B"
"TIMM21",0.0755963466387993,NA,"TIMM21"
"HLA-DRA",0.0755669942759422,NA,"HLA-DRA"
"SYNM",0.0755415593999431,NA,"SYNM"
"TOM1",0.0755180438135851,NA,"TOM1"
"UCHL1",0.0754231254272082,NA,"UCHL1"
"EIF3L",0.0749029136892631,NA,"EIF3L"
"NDUFAF5",0.0746649778332392,NA,"NDUFAF5"
"PRKCSH",0.074500588490922,NA,"PRKCSH"
"CHDH",0.0744131851789511,NA,"CHDH"
"NNMT",0.0738979126230105,NA,"NNMT"
"LASP1",0.0735760988754498,NA,"LASP1"
"SPPL2A",0.0732203654489764,NA,"SPPL2A"
"PSMC6",0.073205405381537,NA,"PSMC6"
"CAMK2B",0.0728365645874255,NA,"CAMK2B"
"FITM2",0.0728144958404573,NA,"FITM2"
"PITPNA",0.0722650094000095,NA,"PITPNA"
"COX19",0.0721636970577497,NA,"COX19"
"ALDH9A1",0.0715559759392192,NA,"ALDH9A1"
"PNPO",0.0714891512110229,NA,"PNPO"
"MTCH2",0.0712943595633781,NA,"MTCH2"
"RTN4",0.0710598185047238,NA,"RTN4"
"TMED9",0.0710292759105075,NA,"TMED9"
"SYNGR2",0.0709397491363443,NA,"SYNGR2"
"RPL6",0.070904927234862,NA,"RPL6"
"ALDH5A1",0.0707871905548083,NA,"ALDH5A1"
"MRPL44",0.0706838107381006,NA,"MRPL44"
"ESD",0.0706173768927895,NA,"ESD"
"PRDX2",0.0705650633261562,NA,"PRDX2"
"BOLA2",0.0704761504626914,NA,"BOLA2"
"NDUFS4",0.0703378879973392,NA,"NDUFS4"
"COQ7",0.0703330577910412,NA,"COQ7"
"ISCU",0.0701428066233429,NA,"ISCU"
"VPS26A",0.0701415074124233,NA,"VPS26A"
"VDAC3",0.0700728703504784,NA,"VDAC3"
"PFKFB2",0.0700043547093303,NA,"PFKFB2"
"MYH9",0.0697506926611712,NA,"MYH9"
"ACADVL",0.0695991963526621,NA,"ACADVL"
"TST",0.0687061166709178,NA,"TST"
"EEF1D",0.0684756196076246,NA,"EEF1D"
"MAPRE1",0.0684743618788932,NA,"MAPRE1"
"MFN2",0.0682128376256382,NA,"MFN2"
"ATP5F1A",0.068135656850924,NA,"ATP5F1A"
"UBAC1",0.0680110190977496,NA,"UBAC1"
"GYPC",0.068007024420958,NA,"GYPC"
"DDX6",0.0678413190935368,NA,"DDX6"
"PHKB",0.0677684446339864,NA,"PHKB"
"RPS12",0.0677490835367719,NA,"RPS12"
"API5",0.0673112432400734,NA,"API5"
"MRPS23",0.0672785986754534,NA,"MRPS23"
"RPL30",0.0672550243587144,NA,"RPL30"
"VCP",0.0670489238632442,NA,"VCP"
"C19orf12",0.0669012260187977,NA,"C19orf12"
"PDHB",0.0668325404709877,NA,"PDHB"
"ARPC5L",0.0664743303868842,NA,"ARPC5L"
"PIP4K2B",0.0661446264677004,NA,"PIP4K2B"
"GNAS",0.0659594659326457,NA,"GNAS"
"NOL3",0.0659591471464671,NA,"NOL3"
"CALR",0.0651563650976609,NA,"CALR"
"PFDN4",0.0650885415404297,NA,"PFDN4"
"RAB9A",0.0649906946812588,NA,"RAB9A"
"DYNC1LI1",0.0643741482069168,NA,"DYNC1LI1"
"YARS1",0.0641426267160872,NA,"YARS1"
"PCYOX1",0.064117978911565,NA,"PCYOX1"
"RAB11B",0.0635937617169053,NA,"RAB11B"
"NAE1",0.0635655556160072,NA,"NAE1"
"MLYCD",0.0631012708126077,NA,"MLYCD"
"PSMC5",0.0629550093994211,NA,"PSMC5"
"RPL18",0.0628632980804734,NA,"RPL18"
"CAB39",0.0624557644556391,NA,"CAB39"
"ACAT1",0.0621653793665924,NA,"ACAT1"
"COBL",0.0616135915436823,NA,"COBL"
"FARSB",0.0616053407298175,NA,"FARSB"
"SGCA",0.0614565837253872,NA,"SGCA"
"NMT1",0.0608061326119105,NA,"NMT1"
"VTA1",0.0605833129346063,NA,"VTA1"
"EIF3F",0.060121744293734,NA,"EIF3F"
"MAP3K20",0.0600681905680349,NA,"MAP3K20"
"LAMTOR1",0.0599400270803477,NA,"LAMTOR1"
"FSCN1",0.0597441118423283,NA,"FSCN1"
"HSP90AA1",0.0594789584477915,NA,"HSP90AA1"
"TMLHE",0.0594610645633253,NA,"TMLHE"
"OXCT1",0.0590252486690188,NA,"OXCT1"
"NDUFB9",0.0589250730409792,NA,"NDUFB9"
"ATP5F1B",0.0587196149638777,NA,"ATP5F1B"
"PSMD12",0.0586777261787482,NA,"PSMD12"
"PHKG1",0.0583432026280357,NA,"PHKG1"
"RPA3",0.0583399908686744,NA,"RPA3"
"GOT2",0.058208241083365,NA,"GOT2"
"RPS6",0.0579629823902742,NA,"RPS6"
"TMX4",0.0578033806474734,NA,"TMX4"
"EIF3E",0.0577215612369274,NA,"EIF3E"
"MAT2A",0.0576933718490555,NA,"MAT2A"
"METTL26",0.0573100863700223,NA,"METTL26"
"ISYNA1",0.0571969022031303,NA,"ISYNA1"
"TCP1",0.0569474582022223,NA,"TCP1"
"MPDU1",0.0566262166289636,NA,"MPDU1"
"GAA",0.0565232739864742,NA,"GAA"
"DNAJB4",0.0564202391594661,NA,"DNAJB4"
"SLC44A2",0.0563939899864467,NA,"SLC44A2"
"ECPAS",0.0563013895670985,NA,"ECPAS"
"OPLAH",0.0560361783210749,NA,"OPLAH"
"HADHB",0.0560169147141664,NA,"HADHB"
"CAPN2",0.055834991689015,NA,"CAPN2"
"PSMB3",0.0558003001077617,NA,"PSMB3"
"RAN",0.0557579581894314,NA,"RAN"
"RTN4IP1",0.0557275894622759,NA,"RTN4IP1"
"RAB1B",0.0557221068715598,NA,"RAB1B"
"SH3BGRL",0.0555014890187213,NA,"SH3BGRL"
"RPL7",0.0553773693299447,NA,"RPL7"
"NHLRC2",0.0553607144679731,NA,"NHLRC2"
"TPRKB",0.0553417980929018,NA,"TPRKB"
"MGLL",0.0553391349568995,NA,"MGLL"
"PYGM",0.0551119669298164,NA,"PYGM"
"DIABLO",0.0551095073120775,NA,"DIABLO"
"UBE3C",0.0548918410116744,NA,"UBE3C"
"EIF3M",0.0545258739796392,NA,"EIF3M"
"RPS4X",0.0543781084890656,NA,"RPS4X"
"ARHGAP1",0.0543292101963933,NA,"ARHGAP1"
"RPLP0",0.0541060634885767,NA,"RPLP0"
"MLEC",0.0539088299025589,NA,"MLEC"
"PDPR",0.0538833978282322,NA,"PDPR"
"MCCC2",0.0537506748630988,NA,"MCCC2"
"NDUFB10",0.0537036635828426,NA,"NDUFB10"
"FAH",0.0534297085254849,NA,"FAH"
"CSNK2B",0.0532126869050843,NA,"CSNK2B"
"CYB5R1",0.0525539732675957,NA,"CYB5R1"
"STAT5B",0.0522798323057391,NA,"STAT5B"
"MAP2K3",0.0521591260035864,NA,"MAP2K3"
"ARL6IP5",0.0520613589943996,NA,"ARL6IP5"
"MPI",0.0520307155286426,NA,"MPI"
"SLC25A11",0.051872373331055,NA,"SLC25A11"
"CKB",0.0517070000851514,NA,"CKB"
"UBE3A",0.0515522688928839,NA,"UBE3A"
"RPL10A",0.0515191520023663,NA,"RPL10A"
"CA3",0.0512473659976611,NA,"CA3"
"POLDIP2",0.0509442186051401,NA,"POLDIP2"
"KCTD12",0.0507735406408378,NA,"KCTD12"
"ENOPH1",0.0506199123447304,NA,"ENOPH1"
"FUBP1",0.0503055033461331,NA,"FUBP1"
"FBP2",0.0502801312490246,NA,"FBP2"
"DHCR24",0.0502448101624913,NA,"DHCR24"
"DUSP28",0.0493566123310358,NA,"DUSP28"
"TXNRD1",0.0491914848590756,NA,"TXNRD1"
"ECI1",0.0489306664514227,NA,"ECI1"
"S100A16",0.0489290492038868,NA,"S100A16"
"PRKAR2A",0.0484346562231568,NA,"PRKAR2A"
"SIRT5",0.0482964427192264,NA,"SIRT5"
"FDXR",0.0482610553688749,NA,"FDXR"
"ILF2",0.0480926843923555,NA,"ILF2"
"SELENOW",0.0480738755613716,NA,"SELENOW"
"CHCHD10",0.0477975411949604,NA,"CHCHD10"
"FABP3",0.0477035404802764,NA,"FABP3"
"EML1",0.0476336348974259,NA,"EML1"
"CES2",0.0472458146580157,NA,"CES2"
"ADSL",0.0472121820262565,NA,"ADSL"
"HK1",0.0471964420625313,NA,"HK1"
"COA6",0.0471354045764438,NA,"COA6"
"REEP5",0.047034357545498,NA,"REEP5"
"ATP2B4",0.0470060665342714,NA,"ATP2B4"
"SLC25A4",0.04686588926231,NA,"SLC25A4"
"HIBADH",0.0468617108587101,NA,"HIBADH"
"VAPA",0.0467803210530379,NA,"VAPA"
"CYB5R3",0.0465083450293842,NA,"CYB5R3"
"TUBA4A",0.0464775164306489,NA,"TUBA4A"
"UQCRH",0.0464395126785204,NA,"UQCRH"
"MYL12B",0.0463429082608751,NA,"MYL12B"
"SPTAN1",0.0462580790749303,NA,"SPTAN1"
"PRPS1",0.0460521116146513,NA,"PRPS1"
"OSTC",0.046020985617299,NA,"OSTC"
"PARVA",0.0459195148338498,NA,"PARVA"
"DHRS7C",0.0458711949833373,NA,"DHRS7C"
"MAPKAPK2",0.0456805312634283,NA,"MAPKAPK2"
"ABHD11",0.0455340606706701,NA,"ABHD11"
"SRPRB",0.045454128850211,NA,"SRPRB"
"ABCB7",0.0451432501128575,NA,"ABCB7"
"CNDP2",0.0448480422661561,NA,"CNDP2"
"FHOD1",0.0447981274802027,NA,"FHOD1"
"KRT10",0.0446391893409784,NA,"KRT10"
"PIN1",0.0445780208511611,NA,"PIN1"
"UBA1",0.0443963690613008,NA,"UBA1"
"LANCL1",0.0442711867011691,NA,"LANCL1"
"OSTF1",0.0442607098947827,NA,"OSTF1"
"NAGK",0.0441977818670022,NA,"NAGK"
"HSPA5",0.0441396228077836,NA,"HSPA5"
"EZR",0.0439437345086947,NA,"EZR"
"AHNAK",0.0438496807571201,NA,"AHNAK"
"ERP29",0.0437440650482146,NA,"ERP29"
"LNPEP",0.043684919447755,NA,"LNPEP"
"SOD2",0.0436172078164568,NA,"SOD2"
"YWHAQ",0.0432526317160022,NA,"YWHAQ"
"ACY1",0.0431096392960597,NA,"ACY1"
"PDK2",0.043053330156076,NA,"PDK2"
"ACAD9",0.0429193055258181,NA,"ACAD9"
"PDK4",0.0429161054755573,NA,"PDK4"
"ANK2",0.0428662807259773,NA,"ANK2"
"TUBB",0.0428478658992146,NA,"TUBB"
"ELOC",0.042655333065818,NA,"ELOC"
"RPL27",0.0422632243665879,NA,"RPL27"
"DCUN1D1",0.0422493571385008,NA,"DCUN1D1"
"AUH",0.0421607863960198,NA,"AUH"
"ENO3",0.0420990754614608,NA,"ENO3"
"ARF5",0.0420607465288431,NA,"ARF5"
"MAP4",0.0418774797875144,NA,"MAP4"
"CACNA2D1",0.0417739323745598,NA,"CACNA2D1"
"CKMT2",0.041765363767072,NA,"CKMT2"
"HNRNPU",0.0415541054506975,NA,"HNRNPU"
"FAM136A",0.0412734287874554,NA,"FAM136A"
"SETD7",0.0412090269965472,NA,"SETD7"
"BDH1",0.0411712342212198,NA,"BDH1"
"DARS2",0.0410380291457095,NA,"DARS2"
"PEA15",0.0409566020980983,NA,"PEA15"
"SLIRP",0.0407854883536229,NA,"SLIRP"
"GNAI2",0.0406610597155935,NA,"GNAI2"
"ALDH1B1",0.0396980808439146,NA,"ALDH1B1"
"UNC45B",0.0395525274291349,NA,"UNC45B"
"ADSS1",0.0392654648482133,NA,"ADSS1"
"IDH3B",0.0389334782440443,NA,"IDH3B"
"SAMM50",0.0389321429068933,NA,"SAMM50"
"MYH13",0.038578007712301,NA,"MYH13"
"APOO",0.0385440882985585,NA,"APOO"
"DYNLL1",0.0383880046597658,NA,"DYNLL1"
"ARL8A",0.0383828907117223,NA,"ARL8A"
"MYH14",0.0383079142064079,NA,"MYH14"
"ANK3",0.038304430865587,NA,"ANK3"
"RPL11",0.0381923991592253,NA,"RPL11"
"CLTC",0.0381083981747636,NA,"CLTC"
"ERP44",0.0378903171892922,NA,"ERP44"
"PPM1A",0.037742721813703,NA,"PPM1A"
"GDI2",0.0377076266853247,NA,"GDI2"
"MAOA",0.0376997356629901,NA,"MAOA"
"CYB5B",0.0376868356889242,NA,"CYB5B"
"SRI",0.0376417568309007,NA,"SRI"
"PMPCB",0.0375777067356076,NA,"PMPCB"
"EIF4E",0.0375422893504875,NA,"EIF4E"
"PTPA",0.0375409390439323,NA,"PTPA"
"AGL",0.0375211121728468,NA,"AGL"
"TFG",0.0374681605826086,NA,"TFG"
"SDHB",0.0372366975497246,NA,"SDHB"
"TMCO1",0.0371772967275153,NA,"TMCO1"
"SUCLG2",0.037116735512964,NA,"SUCLG2"
"MRPL13",0.0370999625260362,NA,"MRPL13"
"STX7",0.0370928968528352,NA,"STX7"
"COPS4",0.0370498866930726,NA,"COPS4"
"TLN1",0.0368759104045573,NA,"TLN1"
"ANKRD2",0.0368073078811178,NA,"ANKRD2"
"ATP2A3",0.036572123675114,NA,"ATP2A3"
"UCHL5",0.0365698289868251,NA,"UCHL5"
"MICOS13",0.0364275140598009,NA,"MICOS13"
"PSMD10",0.0363299104686417,NA,"PSMD10"
"PFKFB1",0.0362991298513225,NA,"PFKFB1"
"CUL4B",0.0362578536443118,NA,"CUL4B"
"SRSF3",0.0362346940294813,NA,"SRSF3"
"SEC23A",0.0361195663971905,NA,"SEC23A"
"C11orf54",0.0360068361525642,NA,"C11orf54"
"MTPN",0.0357103243493727,NA,"MTPN"
"NARS1",0.0356152412498897,NA,"NARS1"
"EEF1A1",0.0354515563848077,NA,"EEF1A1"
"STT3B",0.0350736085251149,NA,"STT3B"
"C6orf136",0.0350239811246704,NA,"C6orf136"
"TXN",0.034911175190566,NA,"TXN"
"PPA1",0.0347757126703018,NA,"PPA1"
"VPS4A",0.0347699863644188,NA,"VPS4A"
"TSN",0.0346846239771736,NA,"TSN"
"SCCPDH",0.0346554409906839,NA,"SCCPDH"
"UFL1",0.0346055223133954,NA,"UFL1"
"DYSF",0.0345013536056948,NA,"DYSF"
"SELENBP1",0.0344288071591013,NA,"SELENBP1"
"PPP3R1",0.034344942503134,NA,"PPP3R1"
"MT-ND1",0.0342631777622808,NA,"MT-ND1"
"LAMP1",0.0342517990806243,NA,"LAMP1"
"TSG101",0.0342431336512216,NA,"TSG101"
"ECI2",0.0339228462537727,NA,"ECI2"
"ARPC2",0.033909628083617,NA,"ARPC2"
"PPCS",0.0336286639962966,NA,"PPCS"
"RBMX",0.0334683271824322,NA,"RBMX"
"FAM114A2",0.0334498025977921,NA,"FAM114A2"
"EEF1A2",0.0334194407500817,NA,"EEF1A2"
"RPL37A",0.0334091138896576,NA,"RPL37A"
"SHMT2",0.0332148254348397,NA,"SHMT2"
"GABARAPL2",0.0331650463419435,NA,"GABARAPL2"
"LRRC47",0.0329565822487769,NA,"LRRC47"
"CPT2",0.032721526512488,NA,"CPT2"
"AFG3L2",0.0326613423313408,NA,"AFG3L2"
"LDHA",0.0326145377742464,NA,"LDHA"
"HSPB3",0.0326114409882022,NA,"HSPB3"
"TWF2",0.0324797045142096,NA,"TWF2"
"LMAN1",0.0323998156175602,NA,"LMAN1"
"TUBA1B",0.0321966967687587,NA,"TUBA1B"
"H2BC4",0.0319605663287797,NA,"H2BC4"
"EEF2",0.0319448275801023,NA,"EEF2"
"MYPN",0.0313800189384,NA,"MYPN"
"DDOST",0.0305100640938814,NA,"DDOST"
"MB",0.0302174808469866,NA,"MB"
"NT5C1A",0.0301004042157797,NA,"NT5C1A"
"UQCRC2",0.0300229299815386,NA,"UQCRC2"
"TMOD4",0.029871019152715,NA,"TMOD4"
"HYOU1",0.0298089256824541,NA,"HYOU1"
"ATP2A1",0.0295327518630527,NA,"ATP2A1"
"DYNC1I2",0.0290717619497995,NA,"DYNC1I2"
"ACTR1A",0.0289156924951239,NA,"ACTR1A"
"MYH3",0.028800503018272,NA,"MYH3"
"SMIM4",0.028492989123225,NA,"SMIM4"
"COQ5",0.0284802711828291,NA,"COQ5"
"AIMP2",0.0283460065946597,NA,"AIMP2"
"VPS4B",0.028329451683463,NA,"VPS4B"
"TSPO",0.0281603196046946,NA,"TSPO"
"PAFAH1B3",0.0280937087781942,NA,"PAFAH1B3"
"GRSF1",0.0280476981320878,NA,"GRSF1"
"SLMAP",0.0278930917372264,NA,"SLMAP"
"PRKAG1",0.0274284541558878,NA,"PRKAG1"
"NFU1",0.0273852607089687,NA,"NFU1"
"CACNB1",0.0273552905210478,NA,"CACNB1"
"ABCE1",0.0270122860951546,NA,"ABCE1"
"CA14",0.0266782089774312,NA,"CA14"
"RPL14",0.0264689751050864,NA,"RPL14"
"SERPINB6",0.0261238817702212,NA,"SERPINB6"
"ALDOC",0.0260940482821396,NA,"ALDOC"
"PPP2R2A",0.0260671855719455,NA,"PPP2R2A"
"MPST",0.0260373592240423,NA,"MPST"
"CARNS1",0.025653467961187,NA,"CARNS1"
"MTHFD1",0.0255625571839575,NA,"MTHFD1"
"ACTB",0.0255072156927168,NA,"ACTB"
"PRXL2A",0.0251239059781292,NA,"PRXL2A"
"GSTP1",0.0249195354099865,NA,"GSTP1"
"ARF6",0.0246752229168872,NA,"ARF6"
"MRPL12",0.024599248123412,NA,"MRPL12"
"CHMP4B",0.0245872764238952,NA,"CHMP4B"
"ATP5F1E",0.0245674419996573,NA,"ATP5F1E"
"HSPB1",0.0245427368500477,NA,"HSPB1"
"NDUFV2",0.0245397024329417,NA,"NDUFV2"
"AAMDC",0.0243416241143466,NA,"AAMDC"
"PHKA1",0.024092897776891,NA,"PHKA1"
"GAPDHS",0.0238988588580556,NA,"GAPDHS"
"MACROD1",0.0238287401274607,NA,"MACROD1"
"PPP2R5D",0.0238020243265127,NA,"PPP2R5D"
"GLUD1",0.0235534030499138,NA,"GLUD1"
"COQ9",0.0235522856008898,NA,"COQ9"
"PHB",0.0233548387209047,NA,"PHB"
"CACNA1S",0.0231242326107953,NA,"CACNA1S"
"ROMO1",0.0229028480120874,NA,"ROMO1"
"CBR1",0.0226416647238158,NA,"CBR1"
"PDLIM5",0.0225087537382023,NA,"PDLIM5"
"STK38",0.0224945974408582,NA,"STK38"
"CAMK2A",0.0224527693412598,NA,"CAMK2A"
"ALDH4A1",0.0223823650933463,NA,"ALDH4A1"
"USP5",0.0222205748859554,NA,"USP5"
"PPTC7",0.0221845403218703,NA,"PPTC7"
"FKBP3",0.0221340620507399,NA,"FKBP3"
"P4HB",0.0219598240124574,NA,"P4HB"
"SYPL1",0.0217842901164041,NA,"SYPL1"
"HINT2",0.0216082892152871,NA,"HINT2"
"MDH1",0.0214395480257973,NA,"MDH1"
"AK2",0.0213856286749898,NA,"AK2"
"ACOT13",0.0212896304523872,NA,"ACOT13"
"SLC25A3",0.0212011919977628,NA,"SLC25A3"
"NDUFA7",0.0211476714822444,NA,"NDUFA7"
"EIF4H",0.021089800176328,NA,"EIF4H"
"PMPCA",0.0209543917671991,NA,"PMPCA"
"RAB8A",0.0208784630465908,NA,"RAB8A"
"MCTS1",0.0208425209364098,NA,"MCTS1"
"IARS1",0.0204270896457867,NA,"IARS1"
"PDHA1",0.0203971921152786,NA,"PDHA1"
"PITHD1",0.0202772042544765,NA,"PITHD1"
"CNBP",0.0200797751497794,NA,"CNBP"
"EIF3I",0.0200137413266894,NA,"EIF3I"
"LSM2",0.0199936758224194,NA,"LSM2"
"PGPEP1",0.019910844448619,NA,"PGPEP1"
"LIMS3",0.0195524110126076,NA,"LIMS3"
"PSMB2",0.0195207930713752,NA,"PSMB2"
"RAB6A",0.0195162315376379,NA,"RAB6A"
"TMEM143",0.0192015817806404,NA,"TMEM143"
"MAN2C1",0.019173067990596,NA,"MAN2C1"
"NNT",0.018870595813745,NA,"NNT"
"HSDL1",0.0185407759065927,NA,"HSDL1"
"MMAB",0.0183018686882874,NA,"MMAB"
"PRUNE1",0.0182761005320572,NA,"PRUNE1"
"SYNPO2",0.0182165534257436,NA,"SYNPO2"
"MYBPH",0.0182149100103355,NA,"MYBPH"
"PRDX1",0.0181325904225047,NA,"PRDX1"
"DCTN2",0.0180627947065621,NA,"DCTN2"
"HECTD1",0.018055795545821,NA,"HECTD1"
"JUP",0.0179202001211488,NA,"JUP"
"RPLP1",0.0179013043457221,NA,"RPLP1"
"ENDOG",0.0178047674992258,NA,"ENDOG"
"NLRX1",0.0177787487847219,NA,"NLRX1"
"PPID",0.0175725717259867,NA,"PPID"
"ATP5MG",0.0175463296384343,NA,"ATP5MG"
"MRPL37",0.0173047699982883,NA,"MRPL37"
"RTCB",0.0171429106987815,NA,"RTCB"
"ASS1",0.0171168900414083,NA,"ASS1"
"BZW2",0.0169650115394484,NA,"BZW2"
"PLN",0.0167218608951874,NA,"PLN"
"ME1",0.0164792098942506,NA,"ME1"
"SLC16A1",0.016425103315635,NA,"SLC16A1"
"DTNA",0.0163735831555196,NA,"DTNA"
"PLCL2",0.0163567420522572,NA,"PLCL2"
"PPP3CA",0.0162708814642315,NA,"PPP3CA"
"EIF5",0.0162312719747683,NA,"EIF5"
"DENR",0.0161296873157882,NA,"DENR"
"PAFAH1B2",0.0159027363925124,NA,"PAFAH1B2"
"CRAT",0.0156705297879328,NA,"CRAT"
"CAVIN1",0.015667888658667,NA,"CAVIN1"
"EHD2",0.0155389641581059,NA,"EHD2"
"PCBP2",0.0155045670865871,NA,"PCBP2"
"LSS",0.0154999342203477,NA,"LSS"
"APPL1",0.0154463372765097,NA,"APPL1"
"RAP2B",0.0154387129948882,NA,"RAP2B"
"LCMT1",0.0154131011318267,NA,"LCMT1"
"XIRP1",0.015267399329697,NA,"XIRP1"
"PGAM1",0.0149980640055915,NA,"PGAM1"
"CLIC5",0.0148194621209416,NA,"CLIC5"
"ATP5PD",0.0145215575055747,NA,"ATP5PD"
"RPL38",0.0143437820945999,NA,"RPL38"
"RABGGTA",0.0143153607319454,NA,"RABGGTA"
"ABCF3",0.0140654787717568,NA,"ABCF3"
"PPP1CB",0.0138137389349698,NA,"PPP1CB"
"ALDH1L1",0.0130264384138107,NA,"ALDH1L1"
"MAVS",0.0129664278897939,NA,"MAVS"
"SKP1",0.0128620141951498,NA,"SKP1"
"FARSA",0.0127573319284426,NA,"FARSA"
"PSMD6",0.0127408665351693,NA,"PSMD6"
"UBE2R2",0.0125397684132152,NA,"UBE2R2"
"GPD1L",0.012461152452489,NA,"GPD1L"
"SNRPG",0.0122344068385122,NA,"SNRPG"
"MSN",0.0122190837670943,NA,"MSN"
"TMEM43",0.0120197583706003,NA,"TMEM43"
"LANCL2",0.012009213885047,NA,"LANCL2"
"PAFAH1B1",0.0119469680322312,NA,"PAFAH1B1"
"LDHD",0.0118540494285397,NA,"LDHD"
"QARS1",0.0117901915703245,NA,"QARS1"
"MRPS16",0.0116895346131866,NA,"MRPS16"
"RPL9",0.0115001524395222,NA,"RPL9"
"CHORDC1",0.0114275606434615,NA,"CHORDC1"
"STUB1",0.0114262338933066,NA,"STUB1"
"TFAM",0.0114032411308571,NA,"TFAM"
"DBT",0.0112158204409591,NA,"DBT"
"COA3",0.0112093949264575,NA,"COA3"
"PFN2",0.0111991376081356,NA,"PFN2"
"XPNPEP1",0.0111276561731578,NA,"XPNPEP1"
"ARHGDIA",0.0111123501232204,NA,"ARHGDIA"
"XPO7",0.0110504061736524,NA,"XPO7"
"CMPK1",0.0109870814863922,NA,"CMPK1"
"PANK4",0.0109617944870825,NA,"PANK4"
"VPS13C",0.0109594613823941,NA,"VPS13C"
"MYH4",0.0107867496815717,NA,"MYH4"
"PGLS",0.0106513923917213,NA,"PGLS"
"MMUT",0.0106001494509978,NA,"MMUT"
"ACACA",0.0105458298264517,NA,"ACACA"
"VBP1",0.0105376178005653,NA,"VBP1"
"FKBP4",0.0105048066412873,NA,"FKBP4"
"RPL13A",0.0105012195104112,NA,"RPL13A"
"CACYBP",0.0103662979615556,NA,"CACYBP"
"EIF1AX",0.0103107776093507,NA,"EIF1AX"
"PLS3",0.010229710182742,NA,"PLS3"
"RAB5C",0.0101139247776082,NA,"RAB5C"
"GPX4",0.0100999796274311,NA,"GPX4"
"GARS1",0.00989906794729459,NA,"GARS1"
"TSNAX",0.00934864028526278,NA,"TSNAX"
"PDCD6",0.00933097170205283,NA,"PDCD6"
"MBNL1",0.00911322584288762,NA,"MBNL1"
"SPRYD4",0.00878920546069283,NA,"SPRYD4"
"ADSS2",0.00861060764574981,NA,"ADSS2"
"ENDOD1",0.00850418893195451,NA,"ENDOD1"
"LARS1",0.00849449279979986,NA,"LARS1"
"PPP1R2",0.00841555219037122,NA,"PPP1R2"
"CRIP2",0.0083435198658669,NA,"CRIP2"
"LAP3",0.0082319085949417,NA,"LAP3"
"NDUFB7",0.00815733721675467,NA,"NDUFB7"
"ACAA2",0.00811433591242914,NA,"ACAA2"
"PRKCQ",0.00807251219656694,NA,"PRKCQ"
"C11orf68",0.00785306524700135,NA,"C11orf68"
"NTMT1",0.00769265326193626,NA,"NTMT1"
"EPDR1",0.00760962648871393,NA,"EPDR1"
"ANXA11",0.0075779690360248,NA,"ANXA11"
"ATP1A2",0.00755798115181684,NA,"ATP1A2"
"DCN",0.0074141566404507,NA,"DCN"
"FTL",0.00738749025802694,NA,"FTL"
"PRKAA2",0.0070700433017571,NA,"PRKAA2"
"HSPB7",0.0069150242902373,NA,"HSPB7"
"RNF123",0.0066744545997013,NA,"RNF123"
"DPP3",0.00652533797772595,NA,"DPP3"
"DEPTOR",0.00639566582469232,NA,"DEPTOR"
"SIRT3",0.00638207668863968,NA,"SIRT3"
"CHMP6",0.0063294736986761,NA,"CHMP6"
"CYCS",0.00600151626177406,NA,"CYCS"
"ANP32A",0.00594363075894416,NA,"ANP32A"
"USO1",0.00592519486195867,NA,"USO1"
"BANF1",0.00575234810633007,NA,"BANF1"
"ETFB",0.00574892791325959,NA,"ETFB"
"PCBP1",0.00565944681294696,NA,"PCBP1"
"RAB7A",0.00545375048558031,NA,"RAB7A"
"TOM1L2",0.00538969771633922,NA,"TOM1L2"
"DDX17",0.00537012646428515,NA,"DDX17"
"NDUFB5",0.00535747446848927,NA,"NDUFB5"
"RPS27A",0.00513760495314115,NA,"RPS27A"
"SAR1B",0.00508088547632277,NA,"SAR1B"
"CFL1",0.00485433189895489,NA,"CFL1"
"TIMM50",0.00469374298458021,NA,"TIMM50"
"PAICS",0.00453317185124833,NA,"PAICS"
"EPHX1",0.00446810504089501,NA,"EPHX1"
"COPB1",0.00440480526910935,NA,"COPB1"
"SPTBN1",0.00389563604514929,NA,"SPTBN1"
"UFM1",0.00366607329185413,NA,"UFM1"
"TXLNB",0.00360663668819807,NA,"TXLNB"
"CHCHD3",0.00341406512025214,NA,"CHCHD3"
"STIM1",0.00339264410423699,NA,"STIM1"
"RRAS2",0.00337663395531241,NA,"RRAS2"
"COPS3",0.00333015435816144,NA,"COPS3"
"SSBP1",0.00322028709496042,NA,"SSBP1"
"NME1",0.00307279828638988,NA,"NME1"
"NDUFV1",0.00271000417720319,NA,"NDUFV1"
"MAPRE2",0.00264340168881741,NA,"MAPRE2"
"PSMA5",0.00263457437966262,NA,"PSMA5"
"S100A6",0.00237026549880356,NA,"S100A6"
"HNRNPA0",0.00222919375639543,NA,"HNRNPA0"
"COPA",0.00218884714788828,NA,"COPA"
"IVD",0.00186932143639527,NA,"IVD"
"GCLM",0.00185770182474771,NA,"GCLM"
"DCAF8",0.00178565772183073,NA,"DCAF8"
"SDHD",0.00176135740113132,NA,"SDHD"
"PAK2",0.00173234284600208,NA,"PAK2"
"RRAGC",0.00155259881182541,NA,"RRAGC"
"DNAJA3",0.0015427107289317,NA,"DNAJA3"
"SH3BGR",0.00151778133258234,NA,"SH3BGR"
"CLIP1",0.00140690062092809,NA,"CLIP1"
"MCEE",0.00140678346841573,NA,"MCEE"
"OGN",0.00134372763990211,NA,"OGN"
"NDUFS8",0.00125881661614281,NA,"NDUFS8"
"ALDH3A2",0.00107401091635555,NA,"ALDH3A2"
"YWHAG",0.000902929136263403,NA,"YWHAG"
"AHCYL1",0.000747124223188342,NA,"AHCYL1"
"TRIM54",0.000565647061259503,NA,"TRIM54"
"RTN2",0.000564165673606109,NA,"RTN2"
"GRB2",0.000515634788493288,NA,"GRB2"
"CLIP2",0.000226768273808545,NA,"CLIP2"
"SLC25A13",0.000221068828418795,NA,"SLC25A13"
"RNH1",0.000120153941022919,NA,"RNH1"
"FHL3",-0.000317374357883351,NA,"FHL3"
"DUSP3",-0.00054727790145038,NA,"DUSP3"
"SUMO2",-0.000602637290703556,NA,"SUMO2"
"HLA-B",-0.000673543158995205,NA,"HLA-B"
"UBE2D3",-0.000674721123942091,NA,"UBE2D3"
"GNB2",-0.000676680781951484,NA,"GNB2"
"PLPBP",-0.000746522819749572,NA,"PLPBP"
"HHATL",-0.00101107490630698,NA,"HHATL"
"NAA50",-0.00104818043935791,NA,"NAA50"
"PRKRA",-0.00120881821695535,NA,"PRKRA"
"SCN1B",-0.00159668485323259,NA,"SCN1B"
"RPL36",-0.00159729478862576,NA,"RPL36"
"ATIC",-0.00167920217800595,NA,"ATIC"
"ABCF1",-0.00185416946296677,NA,"ABCF1"
"DIAPH1",-0.0018620681833713,NA,"DIAPH1"
"IST1",-0.00203975196748864,NA,"IST1"
"SET",-0.00204147888356268,NA,"SET"
"LMCD1",-0.00210333299987939,NA,"LMCD1"
"HPCAL1",-0.00212220785876598,NA,"HPCAL1"
"ALDOA",-0.00224699864268243,NA,"ALDOA"
"COL6A2",-0.0022836259160577,NA,"COL6A2"
"ACTR1B",-0.00232362895664489,NA,"ACTR1B"
"MYH6",-0.00248805839875889,NA,"MYH6"
"PSMD4",-0.00253614969278513,NA,"PSMD4"
"PAIP1",-0.00270309112278837,NA,"PAIP1"
"PRDX5",-0.00273227490495998,NA,"PRDX5"
"RACK1",-0.00295774183271583,NA,"RACK1"
"USP47",-0.00299995851073415,NA,"USP47"
"SEPTIN2",-0.00306392414149375,NA,"SEPTIN2"
"SRM",-0.00323101126270894,NA,"SRM"
"SEC24C",-0.00328465645003582,NA,"SEC24C"
"OLA1",-0.00337257623743394,NA,"OLA1"
"NUDC",-0.00342804066558264,NA,"NUDC"
"RPS9",-0.0034284421853093,NA,"RPS9"
"HNRNPH1",-0.003613109286667,NA,"HNRNPH1"
"MTARC2",-0.00406004561694482,NA,"MTARC2"
"HSPB2",-0.0042386269466744,NA,"HSPB2"
"IDH3G",-0.00445586752510469,NA,"IDH3G"
"PSME3",-0.00458151911128022,NA,"PSME3"
"PSMA2",-0.00470281312567769,NA,"PSMA2"
"EIF5A",-0.00491458583795535,NA,"EIF5A"
"ARPP19",-0.0050009095329459,NA,"ARPP19"
"NDUFA11",-0.00502711688314821,NA,"NDUFA11"
"BLMH",-0.00517044228179166,NA,"BLMH"
"APEH",-0.00523101710286103,NA,"APEH"
"DDB1",-0.00537868877827402,NA,"DDB1"
"PDIA3",-0.00561900518828208,NA,"PDIA3"
"UBE2V1",-0.00566572842378617,NA,"UBE2V1"
"COMTD1",-0.00566944484743125,NA,"COMTD1"
"CAPNS1",-0.00570222032723029,NA,"CAPNS1"
"CDV3",-0.00575877106852665,NA,"CDV3"
"NDUFAF3",-0.005766927476265,NA,"NDUFAF3"
"ABCF2",-0.0060558366802295,NA,"ABCF2"
"FGGY",-0.00612592872887408,NA,"FGGY"
"IDE",-0.00617497844409269,NA,"IDE"
"HLA-C",-0.0062646385294042,NA,"HLA-C"
"ETFRF1",-0.00627571884470353,NA,"ETFRF1"
"PSMD8",-0.00646638771072264,NA,"PSMD8"
"NDUFC2",-0.00647258903336455,NA,"NDUFC2"
"MAOB",-0.00666556944649489,NA,"MAOB"
"CSNK2A1",-0.00667215544319099,NA,"CSNK2A1"
"RDH14",-0.00670996022882585,NA,"RDH14"
"GGCT",-0.00679341291915917,NA,"GGCT"
"NIPSNAP3A",-0.00684910017636289,NA,"NIPSNAP3A"
"IDH1",-0.00695672760423729,NA,"IDH1"
"FECH",-0.00702692856528805,NA,"FECH"
"HSPA8",-0.00703942166940402,NA,"HSPA8"
"PAK1",-0.007345671253363,NA,"PAK1"
"PSMF1",-0.00759152851122078,NA,"PSMF1"
"PBDC1",-0.00759425486506888,NA,"PBDC1"
"ARF4",-0.00764342565112233,NA,"ARF4"
"IPO7",-0.0079141740283105,NA,"IPO7"
"IMPDH2",-0.0080011911452785,NA,"IMPDH2"
"DHRS7B",-0.00829162997537829,NA,"DHRS7B"
"UQCRC1",-0.00876455279399223,NA,"UQCRC1"
"FBXO7",-0.00887576677252046,NA,"FBXO7"
"KIF5B",-0.00902380090784826,NA,"KIF5B"
"ATAD3A",-0.00925706984743815,NA,"ATAD3A"
"ATP1A1",-0.00928631270518354,NA,"ATP1A1"
"GSTM2",-0.00929727174587544,NA,"GSTM2"
"TARDBP",-0.00933671009779564,NA,"TARDBP"
"PRDX6",-0.00935872721607992,NA,"PRDX6"
"RPL22",-0.00941985119901257,NA,"RPL22"
"WDR61",-0.00944526597714569,NA,"WDR61"
"PSMD14",-0.00955767222464565,NA,"PSMD14"
"NSF",-0.00965505390848847,NA,"NSF"
"UQCR10",-0.0097298795982191,NA,"UQCR10"
"SARS2",-0.00975947283070367,NA,"SARS2"
"CAV1",-0.00998153356343722,NA,"CAV1"
"MICU2",-0.0100390537306092,NA,"MICU2"
"H3-3A",-0.0100895325988223,NA,"H3-3A"
"AKR1B1",-0.0101009846098084,NA,"AKR1B1"
"PPP5C",-0.0101907307893266,NA,"PPP5C"
"AP1G1",-0.0104177112922202,NA,"AP1G1"
"PSMC1",-0.0104186841435485,NA,"PSMC1"
"DCXR",-0.0105563210003526,NA,"DCXR"
"PPP1CC",-0.010611427275413,NA,"PPP1CC"
"PCCA",-0.0106833607681455,NA,"PCCA"
"CLIC4",-0.0108118121253473,NA,"CLIC4"
"PGM1",-0.0109449630994355,NA,"PGM1"
"USP14",-0.0110317691218522,NA,"USP14"
"PCBD1",-0.0110606950496821,NA,"PCBD1"
"UFD1",-0.0111529614315476,NA,"UFD1"
"TBCB",-0.0112490570378567,NA,"TBCB"
"PKM",-0.0113255449615872,NA,"PKM"
"GFM1",-0.0113533587216238,NA,"GFM1"
"TRMT112",-0.0114083633077977,NA,"TRMT112"
"RAB10",-0.0114658865360239,NA,"RAB10"
"COX5B",-0.0115575262433605,NA,"COX5B"
"STBD1",-0.0116805395499613,NA,"STBD1"
"PSMD1",-0.0118007405778291,NA,"PSMD1"
"AHSA1",-0.0118037477700482,NA,"AHSA1"
"SGCD",-0.011810694719145,NA,"SGCD"
"CPNE1",-0.011909924725707,NA,"CPNE1"
"RSU1",-0.0119281557256769,NA,"RSU1"
"CTSG",-0.0119395596523058,NA,"CTSG"
"NDUFS7",-0.0119573300831297,NA,"NDUFS7"
"CAVIN4",-0.0121029349806248,NA,"CAVIN4"
"RPL4",-0.0121397295406541,NA,"RPL4"
"CUL5",-0.0122965884560314,NA,"CUL5"
"ETFA",-0.0123133292624933,NA,"ETFA"
"MRPS18B",-0.0123545173482659,NA,"MRPS18B"
"PSMC4",-0.0124170622599835,NA,"PSMC4"
"OSBP",-0.0124404836239202,NA,"OSBP"
"SNRPB",-0.0124825687933816,NA,"SNRPB"
"METTL7A",-0.012635380539023,NA,"METTL7A"
"HSD17B10",-0.012736734871524,NA,"HSD17B10"
"RAB2A",-0.0127629771613272,NA,"RAB2A"
"RPS26",-0.0128610390377488,NA,"RPS26"
"EIF3K",-0.0128940377566205,NA,"EIF3K"
"SEPTIN7",-0.0130666522620282,NA,"SEPTIN7"
"EIF3A",-0.0131509024595933,NA,"EIF3A"
"TIPRL",-0.0131687864592813,NA,"TIPRL"
"NT5C",-0.0132495150330185,NA,"NT5C"
"COPZ1",-0.0132819065454776,NA,"COPZ1"
"GAMT",-0.0135598716426339,NA,"GAMT"
"STRAP",-0.0138174245604411,NA,"STRAP"
"FLNB",-0.0138350337711683,NA,"FLNB"
"TBCA",-0.0138484045136664,NA,"TBCA"
"CISD1",-0.0138598383800212,NA,"CISD1"
"SCP2",-0.0139313901352165,NA,"SCP2"
"CRYAB",-0.0139316554780448,NA,"CRYAB"
"RAB2B",-0.0143747243460565,NA,"RAB2B"
"PRKAR1A",-0.0144312405839989,NA,"PRKAR1A"
"NONO",-0.014518950522338,NA,"NONO"
"RPSA",-0.014765263224136,NA,"RPSA"
"NDUFA2",-0.0148440139208498,NA,"NDUFA2"
"PRKG1",-0.0149854017231539,NA,"PRKG1"
"SMYD1",-0.0150364706843497,NA,"SMYD1"
"PSMD3",-0.0151137234562372,NA,"PSMD3"
"DYNLT1",-0.0151194118991568,NA,"DYNLT1"
"PCCB",-0.0151203336804036,NA,"PCCB"
"PSMB7",-0.0151514161293773,NA,"PSMB7"
"EHD1",-0.0152999543680033,NA,"EHD1"
"MAPK12",-0.0154585841644153,NA,"MAPK12"
"S100A11",-0.0155508619485346,NA,"S100A11"
"SORD",-0.0156101449013873,NA,"SORD"
"MLIP",-0.0157183161802205,NA,"MLIP"
"PGP",-0.015736835812646,NA,"PGP"
"GNPDA1",-0.0157539537947821,NA,"GNPDA1"
"CD63",-0.0157789004166588,NA,"CD63"
"RPS18",-0.0159201836835915,NA,"RPS18"
"COQ10B",-0.0159274456857903,NA,"COQ10B"
"NIBAN1",-0.0161525674365784,NA,"NIBAN1"
"CRKL",-0.0162465120302831,NA,"CRKL"
"SPCS1",-0.0162691813322887,NA,"SPCS1"
"ADK",-0.0163692081819249,NA,"ADK"
"PREB",-0.0164169108214163,NA,"PREB"
"GSR",-0.0164655353617423,NA,"GSR"
"ADPRHL2",-0.0165230184989314,NA,"ADPRHL2"
"RBBP4",-0.0165776504918876,NA,"RBBP4"
"DNPEP",-0.0166986522694324,NA,"DNPEP"
"MYL6B",-0.0167559690200638,NA,"MYL6B"
"GPAT3",-0.0167778404849364,NA,"GPAT3"
"TNNC2",-0.0168755281179048,NA,"TNNC2"
"HUWE1",-0.0170377638748972,NA,"HUWE1"
"SCFD1",-0.0170508276037928,NA,"SCFD1"
"H4C1",-0.0171397782437222,NA,"H4C1"
"NDUFB3",-0.0172202015264142,NA,"NDUFB3"
"AKR1C2",-0.0172202118402838,NA,"AKR1C2"
"CCDC58",-0.0173976161161666,NA,"CCDC58"
"CUL4A",-0.0174379833341259,NA,"CUL4A"
"HSPBP1",-0.0174893606844571,NA,"HSPBP1"
"APOBEC2",-0.0174985957216585,NA,"APOBEC2"
"FH",-0.017620493199393,NA,"FH"
"UBL5",-0.0178373671480026,NA,"UBL5"
"COX7A1",-0.0181821556734615,NA,"COX7A1"
"ANXA4",-0.0182587954929795,NA,"ANXA4"
"ASNA1",-0.0183040639558745,NA,"ASNA1"
"MGST2",-0.0183126971988597,NA,"MGST2"
"TPI1",-0.0184520319758894,NA,"TPI1"
"MRPS36",-0.0184819428210138,NA,"MRPS36"
"TMEM126A",-0.018544665428024,NA,"TMEM126A"
"FIS1",-0.0187069446420592,NA,"FIS1"
"SNRPD3",-0.0188563824419156,NA,"SNRPD3"
"AKT1",-0.0188983124012506,NA,"AKT1"
"TUFM",-0.0189898088760896,NA,"TUFM"
"VDAC1",-0.0190071435814765,NA,"VDAC1"
"KARS1",-0.0190620169048142,NA,"KARS1"
"RAB5B",-0.0191054872209491,NA,"RAB5B"
"BIN3",-0.0192596410581184,NA,"BIN3"
"NDUFB4",-0.019300366198971,NA,"NDUFB4"
"COPS5",-0.0195619001646442,NA,"COPS5"
"GSTO1",-0.0196372040599457,NA,"GSTO1"
"ACO1",-0.0196608853461624,NA,"ACO1"
"ATP5ME",-0.019752399289582,NA,"ATP5ME"
"PHPT1",-0.0199932302749485,NA,"PHPT1"
"TRMT10C",-0.0200689491241907,NA,"TRMT10C"
"TACO1",-0.0202808517744497,NA,"TACO1"
"STAC3",-0.0203407622836268,NA,"STAC3"
"ARPC1B",-0.0204368574920721,NA,"ARPC1B"
"TACC2",-0.0204624985438606,NA,"TACC2"
"PSMB1",-0.0208357908992073,NA,"PSMB1"
"HIST2H2BE",-0.0211627085747025,NA,"HIST2H2BE"
"TIMM10",-0.021203060416124,NA,"TIMM10"
"PPIC",-0.0212227931121342,NA,"PPIC"
"PSMA7",-0.021339530573703,NA,"PSMA7"
"ACOT1",-0.0213586064874905,NA,"ACOT1"
"RPIA",-0.0215110130647514,NA,"RPIA"
"GPHN",-0.021656970859739,NA,"GPHN"
"SLC25A46",-0.0217396269055248,NA,"SLC25A46"
"RPS7",-0.021879193323338,NA,"RPS7"
"FITM1",-0.0219216538482424,NA,"FITM1"
"RPS8",-0.0219528690665047,NA,"RPS8"
"MRPL38",-0.0220189785884421,NA,"MRPL38"
"ECHDC3",-0.0223348589669101,NA,"ECHDC3"
"NDUFS6",-0.022338310936466,NA,"NDUFS6"
"ECH1",-0.0223857861790777,NA,"ECH1"
"GPD1",-0.0225590155294222,NA,"GPD1"
"MT-ND3",-0.0225603160909318,NA,"MT-ND3"
"SLC1A4",-0.0229392711544382,NA,"SLC1A4"
"HDHD5",-0.0230095996666077,NA,"HDHD5"
"HSP90B1",-0.0230335311323797,NA,"HSP90B1"
"TARS1",-0.0230812121230945,NA,"TARS1"
"ALDH16A1",-0.0231681730991855,NA,"ALDH16A1"
"PGRMC2",-0.0232794523865454,NA,"PGRMC2"
"DYNC1LI2",-0.0233612407616671,NA,"DYNC1LI2"
"ACTA1",-0.0233874801857814,NA,"ACTA1"
"EHBP1L1",-0.0234547637312557,NA,"EHBP1L1"
"GNA11",-0.0235278345182292,NA,"GNA11"
"RPS28",-0.0235320455796107,NA,"RPS28"
"TUBB2A",-0.0237133995299581,NA,"TUBB2A"
"SHMT1",-0.0237323793580129,NA,"SHMT1"
"MRPS27",-0.0239492097664061,NA,"MRPS27"
"APOOL",-0.0240067504351701,NA,"APOOL"
"RPL23",-0.0240173275635404,NA,"RPL23"
"RTCA",-0.0243839331330029,NA,"RTCA"
"PPP1R7",-0.0244226559783257,NA,"PPP1R7"
"TOMM22",-0.0244302602273993,NA,"TOMM22"
"FABP4",-0.0245077551869506,NA,"FABP4"
"BROX",-0.0245792929575696,NA,"BROX"
"SLK",-0.0246144445938757,NA,"SLK"
"GLOD4",-0.0247913612895329,NA,"GLOD4"
"CSTB",-0.0248010817164668,NA,"CSTB"
"GARNL3",-0.024817064685225,NA,"GARNL3"
"KYAT3",-0.0248738933327411,NA,"KYAT3"
"LUM",-0.024917583484863,NA,"LUM"
"MRPS17",-0.02511292674983,NA,"MRPS17"
"EIF1",-0.0251314365444315,NA,"EIF1"
"PFDN2",-0.0253231188908095,NA,"PFDN2"
"PRELP",-0.0255647466691848,NA,"PRELP"
"ELOB",-0.0256784935703005,NA,"ELOB"
"QDPR",-0.0258752097048408,NA,"QDPR"
"RUVBL2",-0.026006499355482,NA,"RUVBL2"
"DMD",-0.0261490673761376,NA,"DMD"
"DDX19A",-0.026401401412861,NA,"DDX19A"
"TOMM70",-0.0265407213249352,NA,"TOMM70"
"BCAT2",-0.0265407637129986,NA,"BCAT2"
"TPPP",-0.0266911650302133,NA,"TPPP"
"VAT1",-0.0266912288212393,NA,"VAT1"
"TLN2",-0.026775136559378,NA,"TLN2"
"ADHFE1",-0.0271497262625289,NA,"ADHFE1"
"DECR1",-0.0272282905458928,NA,"DECR1"
"NIPSNAP3B",-0.0272341366027631,NA,"NIPSNAP3B"
"TIMM9",-0.0273725914097806,NA,"TIMM9"
"DNAJC19",-0.0274705506711049,NA,"DNAJC19"
"FYCO1",-0.0274825059802671,NA,"FYCO1"
"SRP9",-0.027489483792779,NA,"SRP9"
"FABP5",-0.027612375815543,NA,"FABP5"
"MRPL46",-0.0276860417225796,NA,"MRPL46"
"FERMT3",-0.0278375177608644,NA,"FERMT3"
"HARS1",-0.0280354612494924,NA,"HARS1"
"IBA57",-0.0282514783700408,NA,"IBA57"
"UBE2N",-0.0284546121693167,NA,"UBE2N"
"PKIA",-0.028483928760547,NA,"PKIA"
"HAGH",-0.0285000410831384,NA,"HAGH"
"DHRS4",-0.0287150317892666,NA,"DHRS4"
"CTPS1",-0.0289131734200359,NA,"CTPS1"
"GOSR2",-0.0289476998504539,NA,"GOSR2"
"JSRP1",-0.0290128537491649,NA,"JSRP1"
"DCTN4",-0.0292514879074872,NA,"DCTN4"
"TXNDC12",-0.029256343323781,NA,"TXNDC12"
"UBE2M",-0.0293430810194065,NA,"UBE2M"
"JAGN1",-0.029447399539471,NA,"JAGN1"
"DNM1L",-0.0294902190973126,NA,"DNM1L"
"PMM2",-0.0295312347305961,NA,"PMM2"
"THY1",-0.0295817615795864,NA,"THY1"
"NDUFA12",-0.0296633577887141,NA,"NDUFA12"
"ERGIC1",-0.0297590167502654,NA,"ERGIC1"
"TNNT3",-0.0298544280931142,NA,"TNNT3"
"LNPK",-0.0300985750660801,NA,"LNPK"
"BCKDK",-0.0301359202007903,NA,"BCKDK"
"GCSH",-0.0302818312859521,NA,"GCSH"
"ETFDH",-0.0303262770584829,NA,"ETFDH"
"STXBP3",-0.0304995230351875,NA,"STXBP3"
"SYNPO2L",-0.0305892078971901,NA,"SYNPO2L"
"FUNDC2",-0.0307481354496905,NA,"FUNDC2"
"PTGES3",-0.0307792806022849,NA,"PTGES3"
"CAPZB",-0.030871853316764,NA,"CAPZB"
"ATPAF1",-0.0309168602825524,NA,"ATPAF1"
"RPL17",-0.0310161424238869,NA,"RPL17"
"UQCC3",-0.0312705300831418,NA,"UQCC3"
"SYNPO",-0.0314642728497337,NA,"SYNPO"
"BCAP29",-0.0315375823185208,NA,"BCAP29"
"PGRMC1",-0.0315519469459431,NA,"PGRMC1"
"MYLK",-0.031686144789073,NA,"MYLK"
"RAB24",-0.0316862455326208,NA,"RAB24"
"KPNA1",-0.0318472912917911,NA,"KPNA1"
"AKR1A1",-0.0318504698499989,NA,"AKR1A1"
"OSBPL11",-0.0318828955272064,NA,"OSBPL11"
"PHKA2",-0.0320048117617046,NA,"PHKA2"
"RAD23A",-0.0320855526859871,NA,"RAD23A"
"PLIN2",-0.0321610231421266,NA,"PLIN2"
"PTGR2",-0.0321919172295208,NA,"PTGR2"
"NACA",-0.0322159785307053,NA,"NACA"
"EIF2S2",-0.0322644048968662,NA,"EIF2S2"
"CASQ2",-0.0323503139617452,NA,"CASQ2"
"NUDT19",-0.0323548765692537,NA,"NUDT19"
"SLC25A12",-0.0323918659778536,NA,"SLC25A12"
"COPS6",-0.0325910880287816,NA,"COPS6"
"ATP5PF",-0.0326211016433162,NA,"ATP5PF"
"SLC25A24",-0.032682560363889,NA,"SLC25A24"
"CD36",-0.0327496192490354,NA,"CD36"
"ECHDC1",-0.0328203885307456,NA,"ECHDC1"
"TMED2",-0.0328563952150718,NA,"TMED2"
"SFXN1",-0.0328671461819817,NA,"SFXN1"
"PDP1",-0.0329157430508688,NA,"PDP1"
"PSME2",-0.0329264047092941,NA,"PSME2"
"ISOC1",-0.0329543854664155,NA,"ISOC1"
"NUDT2",-0.0331303228561199,NA,"NUDT2"
"COL15A1",-0.033262412861821,NA,"COL15A1"
"TMEM38A",-0.0332882149360278,NA,"TMEM38A"
"GNG12",-0.0333249971944777,NA,"GNG12"
"NEDD8",-0.0333351449221477,NA,"NEDD8"
"GMPR",-0.0333383652949171,NA,"GMPR"
"HSPD1",-0.0333492664046692,NA,"HSPD1"
"PLGRKT",-0.0334830899941196,NA,"PLGRKT"
"ACACB",-0.0336124337745287,NA,"ACACB"
"PPP2CA",-0.0336599998610251,NA,"PPP2CA"
"CD9",-0.0336661196855835,NA,"CD9"
"COX7A2",-0.0339114330587072,NA,"COX7A2"
"NAPRT",-0.0340300349863765,NA,"NAPRT"
"RDH13",-0.0340802844282172,NA,"RDH13"
"PDXK",-0.034090716762998,NA,"PDXK"
"HSPB8",-0.0340949395415665,NA,"HSPB8"
"SPEG",-0.0341348005276319,NA,"SPEG"
"PSMB6",-0.0342181465400017,NA,"PSMB6"
"NDUFB8",-0.0343529244084219,NA,"NDUFB8"
"CPT1B",-0.0345207431359332,NA,"CPT1B"
"SMIM11A",-0.034523077912071,NA,"SMIM11A"
"MYH11",-0.0345413872974728,NA,"MYH11"
"PTRHD1",-0.0345585391208048,NA,"PTRHD1"
"CCT8",-0.0345838807901904,NA,"CCT8"
"COL4A2",-0.0345914019526551,NA,"COL4A2"
"CARS1",-0.0346564469299299,NA,"CARS1"
"SNX3",-0.034670964705353,NA,"SNX3"
"IARS2",-0.0348659268562406,NA,"IARS2"
"CAV2",-0.0352179536916034,NA,"CAV2"
"KLHL41",-0.035234661195082,NA,"KLHL41"
"RTRAF",-0.0352352267076884,NA,"RTRAF"
"ATP5MD",-0.035416393355813,NA,"ATP5MD"
"MT-ATP6",-0.0356251500436023,NA,"MT-ATP6"
"TRAPPC3",-0.0357374064192564,NA,"TRAPPC3"
"CSRP3",-0.0361386705464067,NA,"CSRP3"
"MYH8",-0.0361831216083041,NA,"MYH8"
"FLNA",-0.0362044040138846,NA,"FLNA"
"METAP2",-0.0365254752962893,NA,"METAP2"
"PSMC3",-0.0366032014085257,NA,"PSMC3"
"NAP1L4",-0.0367264392367248,NA,"NAP1L4"
"NT5C2",-0.0367721244459703,NA,"NT5C2"
"LPP",-0.0368455408638822,NA,"LPP"
"UCHL3",-0.0368806658969829,NA,"UCHL3"
"PRKAA1",-0.0369576501632109,NA,"PRKAA1"
"CTBP1",-0.0370877076208883,NA,"CTBP1"
"FKBP2",-0.0373272201504282,NA,"FKBP2"
"LIMS1",-0.0373565835519504,NA,"LIMS1"
"RPS2",-0.037368958633362,NA,"RPS2"
"MAPK9",-0.03740071352555,NA,"MAPK9"
"NIT1",-0.0375075635290124,NA,"NIT1"
"GYS1",-0.0375584235728974,NA,"GYS1"
"DAD1",-0.0375744364742271,NA,"DAD1"
"ACP1",-0.0379087550219425,NA,"ACP1"
"SERBP1",-0.0380414536934058,NA,"SERBP1"
"NDUFS3",-0.038052988633042,NA,"NDUFS3"
"RPS13",-0.0380587592968597,NA,"RPS13"
"PDLIM1",-0.0380824557573243,NA,"PDLIM1"
"RPL5",-0.0381088483152556,NA,"RPL5"
"RPS19",-0.0381953513847236,NA,"RPS19"
"DDAH2",-0.0383777122883977,NA,"DDAH2"
"MYOM3",-0.0384350195138844,NA,"MYOM3"
"PPIL3",-0.0385831174738132,NA,"PPIL3"
"INPP1",-0.0388263898471531,NA,"INPP1"
"DAG1",-0.0388886845112274,NA,"DAG1"
"OPA3",-0.038956576356999,NA,"OPA3"
"RPS15A",-0.0391499672524927,NA,"RPS15A"
"PTBP1",-0.0392693910409963,NA,"PTBP1"
"NIPSNAP2",-0.0393415131758966,NA,"NIPSNAP2"
"XPO1",-0.0393574519038979,NA,"XPO1"
"UBQLN1",-0.039427800116683,NA,"UBQLN1"
"RNPEP",-0.0397594072256436,NA,"RNPEP"
"EIF5B",-0.039806387815144,NA,"EIF5B"
"HNRNPH3",-0.039942828127259,NA,"HNRNPH3"
"PSMA1",-0.0401308411729044,NA,"PSMA1"
"ZBTB9",-0.0401357766942999,NA,"ZBTB9"
"RPL27A",-0.0405721161591953,NA,"RPL27A"
"CORO6",-0.040803454383411,NA,"CORO6"
"PACSIN3",-0.0408083768142195,NA,"PACSIN3"
"RAB14",-0.0408993833405449,NA,"RAB14"
"GBE1",-0.0409135793514405,NA,"GBE1"
"EIF3D",-0.0409157378924501,NA,"EIF3D"
"DARS1",-0.0409516713443255,NA,"DARS1"
"GLRX3",-0.0410919307386176,NA,"GLRX3"
"FAM162A",-0.0411774860848148,NA,"FAM162A"
"ALDH7A1",-0.0412388028823369,NA,"ALDH7A1"
"AKR7A2",-0.0413785689152609,NA,"AKR7A2"
"SMYD2",-0.0413837858201438,NA,"SMYD2"
"EIF4G1",-0.0414710526141739,NA,"EIF4G1"
"MPC1",-0.0415000041471859,NA,"MPC1"
"SSB",-0.0415296634587296,NA,"SSB"
"HEBP2",-0.041606697171562,NA,"HEBP2"
"IAH1",-0.0416928154312738,NA,"IAH1"
"OXSR1",-0.0418234324886017,NA,"OXSR1"
"DDT",-0.041975785194339,NA,"DDT"
"FN3K",-0.0419925877573253,NA,"FN3K"
"FLNC",-0.0419981299209943,NA,"FLNC"
"SYNJ2BP",-0.0421874097813308,NA,"SYNJ2BP"
"OBSCN",-0.042237739095594,NA,"OBSCN"
"DTD1",-0.0422531922522081,NA,"DTD1"
"STIP1",-0.0422720612604512,NA,"STIP1"
"ASPA",-0.0423162444833208,NA,"ASPA"
"GHITM",-0.042357417160676,NA,"GHITM"
"LAMC1",-0.042472190366541,NA,"LAMC1"
"CLPP",-0.0431387082741077,NA,"CLPP"
"YKT6",-0.0432557091348782,NA,"YKT6"
"ATP5MC2",-0.0434401502254198,NA,"ATP5MC2"
"RCN1",-0.0435985035085673,NA,"RCN1"
"PPIL1",-0.0437124898511248,NA,"PPIL1"
"PSAP",-0.0438721292937151,NA,"PSAP"
"NAPA",-0.0439281556312195,NA,"NAPA"
"HSPB6",-0.0440302318139308,NA,"HSPB6"
"RAB21",-0.0441005657285468,NA,"RAB21"
"CLUH",-0.0443008953488603,NA,"CLUH"
"NDUFA6",-0.0445114908841738,NA,"NDUFA6"
"HSPG2",-0.044559519985919,NA,"HSPG2"
"TNNI1",-0.0445750491101034,NA,"TNNI1"
"TOMM7",-0.0448112944406247,NA,"TOMM7"
"MYBPC1",-0.0448154221668034,NA,"MYBPC1"
"SLC25A5",-0.0448177104508633,NA,"SLC25A5"
"TNPO1",-0.0449001524541532,NA,"TNPO1"
"PCYT2",-0.044974661039296,NA,"PCYT2"
"MT-CO2",-0.0451492679147914,NA,"MT-CO2"
"PUDP",-0.0451722054627474,NA,"PUDP"
"MRPL55",-0.0451749910666017,NA,"MRPL55"
"PSMA4",-0.0452245969578541,NA,"PSMA4"
"L2HGDH",-0.0453227739899786,NA,"L2HGDH"
"KRT8",-0.0454222845101195,NA,"KRT8"
"APEX1",-0.045498745777722,NA,"APEX1"
"PRKAB2",-0.0455334325878679,NA,"PRKAB2"
"ATP6V1G1",-0.0457538754013076,NA,"ATP6V1G1"
"PRMT5",-0.0457906723567892,NA,"PRMT5"
"PXN",-0.0458108907949632,NA,"PXN"
"PABPC1",-0.0458156386135379,NA,"PABPC1"
"FKBP1A",-0.0458208391737605,NA,"FKBP1A"
"UBE2V2",-0.0459801310804978,NA,"UBE2V2"
"MTIF2",-0.0462313063494433,NA,"MTIF2"
"ENO1",-0.0463266647560212,NA,"ENO1"
"FXR1",-0.0463637870501939,NA,"FXR1"
"CUTC",-0.0464135027511231,NA,"CUTC"
"RPS5",-0.0465074654414825,NA,"RPS5"
"AOC3",-0.0465086762991291,NA,"AOC3"
"PVALB",-0.0465294218633086,NA,"PVALB"
"ADH5",-0.0465547579655235,NA,"ADH5"
"MYL4",-0.0465655859231621,NA,"MYL4"
"TECR",-0.0466245431131178,NA,"TECR"
"ENO2",-0.0466321657245725,NA,"ENO2"
"CHP1",-0.0466395186348414,NA,"CHP1"
"NUBPL",-0.0466421742575122,NA,"NUBPL"
"DDX19B",-0.0468425944530295,NA,"DDX19B"
"RPS14",-0.0470115145926186,NA,"RPS14"
"YWHAE",-0.0470707084598236,NA,"YWHAE"
"CUL2",-0.0471205008567328,NA,"CUL2"
"ADPRH",-0.0471276093947956,NA,"ADPRH"
"HSD17B4",-0.0471588622017569,NA,"HSD17B4"
"CLTB",-0.047216254963961,NA,"CLTB"
"VAMP3",-0.0473290927736157,NA,"VAMP3"
"TIGAR",-0.04746732926039,NA,"TIGAR"
"HINT3",-0.0474924171532514,NA,"HINT3"
"UBA2",-0.0475031342725341,NA,"UBA2"
"RPS15",-0.0478665311572515,NA,"RPS15"
"UBE2L3",-0.0479104915242394,NA,"UBE2L3"
"IMPA1",-0.048157557967559,NA,"IMPA1"
"NUTF2",-0.0481853763375552,NA,"NUTF2"
"MYO6",-0.0482426783337046,NA,"MYO6"
"PARP1",-0.0482953929456218,NA,"PARP1"
"PEBP1",-0.0483046589423716,NA,"PEBP1"
"QKI",-0.0483415837642966,NA,"QKI"
"GSK3B",-0.0484174411026427,NA,"GSK3B"
"IMMT",-0.0486334326402436,NA,"IMMT"
"RBBP7",-0.0486975845634485,NA,"RBBP7"
"NRAP",-0.0487202958500673,NA,"NRAP"
"NEK7",-0.0489792635572113,NA,"NEK7"
"HIGD1A",-0.0490176925955184,NA,"HIGD1A"
"OPTN",-0.0490371742166222,NA,"OPTN"
"POFUT1",-0.0492368634448279,NA,"POFUT1"
"ERO1A",-0.0492727748490087,NA,"ERO1A"
"SLC35A4",-0.0493044681884976,NA,"SLC35A4"
"LYPLA1",-0.0493402767003868,NA,"LYPLA1"
"RIDA",-0.0493653497063666,NA,"RIDA"
"IPO5",-0.0494677447213129,NA,"IPO5"
"NLN",-0.0495612139679294,NA,"NLN"
"GORASP2",-0.0495855800359149,NA,"GORASP2"
"RO60",-0.0497671267637316,NA,"RO60"
"GRHPR",-0.0497767853209439,NA,"GRHPR"
"PLIN3",-0.0499882650832512,NA,"PLIN3"
"EHD4",-0.0500461656412764,NA,"EHD4"
"PFDN5",-0.0501477143011134,NA,"PFDN5"
"TPM1",-0.0501503229767625,NA,"TPM1"
"ACO2",-0.0503305172399988,NA,"ACO2"
"PFKL",-0.0503584167383335,NA,"PFKL"
"SFPQ",-0.0505206529511594,NA,"SFPQ"
"PDIA4",-0.0505673518897118,NA,"PDIA4"
"MT-CO1",-0.0505764580656017,NA,"MT-CO1"
"PPP2CB",-0.0505978931630066,NA,"PPP2CB"
"SPG7",-0.0506694402126831,NA,"SPG7"
"AKAP12",-0.0508861640087434,NA,"AKAP12"
"ME2",-0.0510598924573482,NA,"ME2"
"UROD",-0.0511030072581677,NA,"UROD"
"USP9X",-0.0511428703691407,NA,"USP9X"
"GSK3A",-0.0511752475253022,NA,"GSK3A"
"VIM",-0.0512631392187506,NA,"VIM"
"CCT3",-0.0514968792549814,NA,"CCT3"
"ALDH1A1",-0.0515559662304713,NA,"ALDH1A1"
"TIMMDC1",-0.051635241266581,NA,"TIMMDC1"
"PLAA",-0.05171450758766,NA,"PLAA"
"CSRP1",-0.051971487096851,NA,"CSRP1"
"NEXN",-0.0521133790889177,NA,"NEXN"
"MUSTN1",-0.0522658315288309,NA,"MUSTN1"
"PSMD13",-0.0522748871888319,NA,"PSMD13"
"RCN2",-0.052322312937917,NA,"RCN2"
"KPNB1",-0.0523641203545073,NA,"KPNB1"
"CDC37",-0.0523982738898362,NA,"CDC37"
"CSE1L",-0.0526344318616639,NA,"CSE1L"
"ATG3",-0.0526965322565452,NA,"ATG3"
"MTAP",-0.0528535218429651,NA,"MTAP"
"CHCHD2",-0.0530256645580262,NA,"CHCHD2"
"RAC1",-0.053040174852216,NA,"RAC1"
"BCL2L13",-0.0531025437817751,NA,"BCL2L13"
"MYL6",-0.0531592045104478,NA,"MYL6"
"ABHD14B",-0.0533625995751795,NA,"ABHD14B"
"CDNF",-0.0534660044142715,NA,"CDNF"
"SAR1A",-0.0535374386811195,NA,"SAR1A"
"MYOZ3",-0.0535800987728869,NA,"MYOZ3"
"SEC31A",-0.0536466643062607,NA,"SEC31A"
"FBLN1",-0.0538481687340243,NA,"FBLN1"
"CARM1",-0.0539621161712448,NA,"CARM1"
"MARCKS",-0.0539695731053887,NA,"MARCKS"
"RPL32",-0.0539719722189,NA,"RPL32"
"WDR1",-0.0539909773038878,NA,"WDR1"
"ADIRF",-0.0540967725690812,NA,"ADIRF"
"ADPRHL1",-0.054120031132389,NA,"ADPRHL1"
"TMEM109",-0.0542894832739286,NA,"TMEM109"
"PRDX3",-0.0545872338309133,NA,"PRDX3"
"SIRT2",-0.0545919709588132,NA,"SIRT2"
"RBKS",-0.0548751886208716,NA,"RBKS"
"NTPCR",-0.0549511768010913,NA,"NTPCR"
"PGM5",-0.0550011914814807,NA,"PGM5"
"CAPZA1",-0.0551628384075564,NA,"CAPZA1"
"RPS11",-0.0553679086605611,NA,"RPS11"
"CCT5",-0.0554823347355697,NA,"CCT5"
"RPL18A",-0.0556227923603439,NA,"RPL18A"
"CALM1",-0.055778161481181,NA,"CALM1"
"MAPK1",-0.0557849418731019,NA,"MAPK1"
"PPA2",-0.0558345660423218,NA,"PPA2"
"EEF1G",-0.0559226124175375,NA,"EEF1G"
"TUBB4B",-0.0560813175448473,NA,"TUBB4B"
"PFKM",-0.0561407585689617,NA,"PFKM"
"TAGLN2",-0.0562047718817384,NA,"TAGLN2"
"SRP14",-0.05627596397163,NA,"SRP14"
"MTM1",-0.0563565610339623,NA,"MTM1"
"HSPA9",-0.0565114930662261,NA,"HSPA9"
"DMAC2L",-0.0565115442498669,NA,"DMAC2L"
"PARK7",-0.0565607034663778,NA,"PARK7"
"LZIC",-0.0566371121883853,NA,"LZIC"
"ETHE1",-0.0566577768597017,NA,"ETHE1"
"SURF1",-0.0567954273493066,NA,"SURF1"
"MEMO1",-0.0569683561484788,NA,"MEMO1"
"UGGT1",-0.0571233654795778,NA,"UGGT1"
"SCARB2",-0.0572027348377864,NA,"SCARB2"
"HSPH1",-0.0573936694673845,NA,"HSPH1"
"UGP2",-0.057503153083987,NA,"UGP2"
"ACTN3",-0.0575911263551984,NA,"ACTN3"
"MECR",-0.0576954575855655,NA,"MECR"
"BCAM",-0.0577272317201062,NA,"BCAM"
"CYC1",-0.0578986940366399,NA,"CYC1"
"SND1",-0.0579020488075888,NA,"SND1"
"DCTN1",-0.0579211203222617,NA,"DCTN1"
"SBDS",-0.0579447739627731,NA,"SBDS"
"RNF114",-0.0579670634454821,NA,"RNF114"
"TXNL1",-0.0579856780539332,NA,"TXNL1"
"ERAP1",-0.0581785450888083,NA,"ERAP1"
"VKORC1L1",-0.0582078960417533,NA,"VKORC1L1"
"AP2B1",-0.0584448315236158,NA,"AP2B1"
"SPR",-0.0585738624003375,NA,"SPR"
"UBE2K",-0.0587061758463609,NA,"UBE2K"
"EYA3",-0.0587432967330686,NA,"EYA3"
"EIF2S1",-0.0588684169810458,NA,"EIF2S1"
"ARL8B",-0.0588851549323654,NA,"ARL8B"
"ARPC3",-0.0588889981668668,NA,"ARPC3"
"TXNDC17",-0.0589761787321577,NA,"TXNDC17"
"CLCC1",-0.0590363417177379,NA,"CLCC1"
"RNF126",-0.0590478837023506,NA,"RNF126"
"DDAH1",-0.0591994085294468,NA,"DDAH1"
"NUDT3",-0.0592552374918674,NA,"NUDT3"
"MAT2B",-0.0593865336958081,NA,"MAT2B"
"AP1B1",-0.0594836402591566,NA,"AP1B1"
"CAST",-0.0598142801439618,NA,"CAST"
"SYPL2",-0.0598995719580417,NA,"SYPL2"
"ACOT2",-0.0601013043640774,NA,"ACOT2"
"DDX3X",-0.0601986622191207,NA,"DDX3X"
"PPP1CA",-0.0602368849881407,NA,"PPP1CA"
"ADH1B",-0.0602922289493493,NA,"ADH1B"
"MPO",-0.0605475955399445,NA,"MPO"
"TYMP",-0.0606955181172154,NA,"TYMP"
"FBP1",-0.0607051510166035,NA,"FBP1"
"TXNRD2",-0.0607913188542314,NA,"TXNRD2"
"NSFL1C",-0.0610865167171793,NA,"NSFL1C"
"OCIAD1",-0.0610977790394555,NA,"OCIAD1"
"ACADM",-0.0612120853919568,NA,"ACADM"
"PDAP1",-0.0613295762711893,NA,"PDAP1"
"EIF4G2",-0.0613555114137203,NA,"EIF4G2"
"HSD17B8",-0.0613714602052686,NA,"HSD17B8"
"HIBCH",-0.061375071177035,NA,"HIBCH"
"ITGA7",-0.0614109601032169,NA,"ITGA7"
"YWHAH",-0.0614544329940349,NA,"YWHAH"
"PRPSAP1",-0.0616181958886913,NA,"PRPSAP1"
"NDUFS1",-0.0617560622611305,NA,"NDUFS1"
"RPN1",-0.061896051738364,NA,"RPN1"
"DES",-0.061938047271743,NA,"DES"
"CAPZA2",-0.0620753002163432,NA,"CAPZA2"
"DRG1",-0.0620822289659907,NA,"DRG1"
"KLHL40",-0.0620933288347519,NA,"KLHL40"
"PDLIM7",-0.0623707974270753,NA,"PDLIM7"
"DSTN",-0.062431092558956,NA,"DSTN"
"FBLN5",-0.062453271838369,NA,"FBLN5"
"KRAS",-0.0625031761355767,NA,"KRAS"
"KPNA6",-0.0626232748064079,NA,"KPNA6"
"ALDH2",-0.0626706666106933,NA,"ALDH2"
"MPC2",-0.0628286345460242,NA,"MPC2"
"LAMP2",-0.0629297811577995,NA,"LAMP2"
"TMEM14C",-0.0629704235660632,NA,"TMEM14C"
"NDUFA5",-0.0631115865902782,NA,"NDUFA5"
"PSMA3",-0.0631804452483775,NA,"PSMA3"
"MYOZ1",-0.0632107896916562,NA,"MYOZ1"
"OSBPL1A",-0.0633647096068633,NA,"OSBPL1A"
"DPYSL2",-0.0634536812783068,NA,"DPYSL2"
"GPT",-0.0635236348718171,NA,"GPT"
"CORO1A",-0.0636211542421399,NA,"CORO1A"
"YWHAZ",-0.0636968449464271,NA,"YWHAZ"
"DNPH1",-0.063810170766126,NA,"DNPH1"
"ACTN4",-0.0638340309147483,NA,"ACTN4"
"ASPH",-0.0639293279276608,NA,"ASPH"
"MYL3",-0.0639617791828774,NA,"MYL3"
"ENSA",-0.0641063468168778,NA,"ENSA"
"DLD",-0.0645090903261856,NA,"DLD"
"DHRS11",-0.0645975883951579,NA,"DHRS11"
"RPL24",-0.0646429362321994,NA,"RPL24"
"ATP6V1E1",-0.0648139193468351,NA,"ATP6V1E1"
"RPL23A",-0.0653359089181447,NA,"RPL23A"
"PLEC",-0.0654466250703699,NA,"PLEC"
"UBE2B",-0.0654515536608228,NA,"UBE2B"
"RPL35",-0.0654920096815029,NA,"RPL35"
"KRT1",-0.0658787774602479,NA,"KRT1"
"THOP1",-0.0661769900560542,NA,"THOP1"
"GALM",-0.0663646568634144,NA,"GALM"
"UBAP2L",-0.0664690185982248,NA,"UBAP2L"
"NIF3L1",-0.0666026568247872,NA,"NIF3L1"
"CLIC6",-0.0666107754261666,NA,"CLIC6"
"CAB39L",-0.0666268551722642,NA,"CAB39L"
"PHYKPL",-0.0667338185063941,NA,"PHYKPL"
"CISD2",-0.0667386663654455,NA,"CISD2"
"PRDX4",-0.0667958996143345,NA,"PRDX4"
"HADH",-0.0669472059929559,NA,"HADH"
"KYAT1",-0.0670504508684314,NA,"KYAT1"
"TTN",-0.0671404233492666,NA,"TTN"
"CAP2",-0.067319574267185,NA,"CAP2"
"MRPL9",-0.0673403375497784,NA,"MRPL9"
"GCN1",-0.0677339662527553,NA,"GCN1"
"ILVBL",-0.0678153581737466,NA,"ILVBL"
"SHOC2",-0.0678970474218935,NA,"SHOC2"
"HTRA2",-0.0679010532631586,NA,"HTRA2"
"PTCD3",-0.0679055807167452,NA,"PTCD3"
"GMFB",-0.0679590170232355,NA,"GMFB"
"DPYSL3",-0.0680112469054417,NA,"DPYSL3"
"GDI1",-0.0680610049568166,NA,"GDI1"
"FAM49B",-0.0682754165138905,NA,"FAM49B"
"DBI",-0.0683176462153699,NA,"DBI"
"TRIM72",-0.0683412459861232,NA,"TRIM72"
"MOB2",-0.0686097067117856,NA,"MOB2"
"EEF1B2",-0.0686781301007338,NA,"EEF1B2"
"LMNB2",-0.0687060841870058,NA,"LMNB2"
"SOD1",-0.0688048627016262,NA,"SOD1"
"ECHS1",-0.0688647613405887,NA,"ECHS1"
"EML2",-0.0689141440084644,NA,"EML2"
"COQ10A",-0.0689846600415972,NA,"COQ10A"
"PYGB",-0.0690272522002086,NA,"PYGB"
"LAMA2",-0.0694495067009705,NA,"LAMA2"
"MT-ND2",-0.0694709016057439,NA,"MT-ND2"
"ATP2A2",-0.0695297201448425,NA,"ATP2A2"
"CRYM",-0.0695678000784704,NA,"CRYM"
"ISOC2",-0.0695765200354068,NA,"ISOC2"
"KRT2",-0.0696063880410796,NA,"KRT2"
"TPM3",-0.0696917381467842,NA,"TPM3"
"SGCG",-0.0697803341092675,NA,"SGCG"
"PCMT1",-0.0699102248387304,NA,"PCMT1"
"BCKDHA",-0.0699694246944745,NA,"BCKDHA"
"ARL3",-0.070109060586576,NA,"ARL3"
"GANAB",-0.0701258876840332,NA,"GANAB"
"MRPL40",-0.0702124922941144,NA,"MRPL40"
"EIF3J",-0.0702173756041436,NA,"EIF3J"
"PEPD",-0.070356567997658,NA,"PEPD"
"CRIP1",-0.0703873734630407,NA,"CRIP1"
"NDUFA9",-0.0704089519412669,NA,"NDUFA9"
"MAP2K4",-0.0704433581858122,NA,"MAP2K4"
"GPD2",-0.0707591823492683,NA,"GPD2"
"ACYP2",-0.0708810643730018,NA,"ACYP2"
"MTX2",-0.0709271469497682,NA,"MTX2"
"LSM4",-0.0709445529217384,NA,"LSM4"
"HSD17B12",-0.0711187106642811,NA,"HSD17B12"
"DCAF6",-0.0713565316757422,NA,"DCAF6"
"SH3GLB1",-0.0714538673086939,NA,"SH3GLB1"
"UBXN6",-0.0714728744254188,NA,"UBXN6"
"SNTB2",-0.0715610966860188,NA,"SNTB2"
"ANP32E",-0.0715997959779395,NA,"ANP32E"
"SARS1",-0.0716408286612163,NA,"SARS1"
"TATDN1",-0.071709734520192,NA,"TATDN1"
"ARF1",-0.0717247318616308,NA,"ARF1"
"COPB2",-0.0718484536999616,NA,"COPB2"
"VAMP2",-0.0719310751833922,NA,"VAMP2"
"RPS27",-0.0719833280744056,NA,"RPS27"
"TAGLN",-0.0720583366107968,NA,"TAGLN"
"DGLUCY",-0.0720854437496812,NA,"DGLUCY"
"ITGB1",-0.0721918222199217,NA,"ITGB1"
"MT-CYB",-0.0724697507493427,NA,"MT-CYB"
"MRPS22",-0.0726371463276555,NA,"MRPS22"
"JPH2",-0.0726979713820589,NA,"JPH2"
"BZW1",-0.0728799418872198,NA,"BZW1"
"ATAD1",-0.0731129366107836,NA,"ATAD1"
"CAPN1",-0.0731542965797135,NA,"CAPN1"
"BTF3L4",-0.0732343898290707,NA,"BTF3L4"
"C12orf73",-0.0734130291640588,NA,"C12orf73"
"VAPB",-0.0734807899889828,NA,"VAPB"
"RMDN1",-0.0735219545089928,NA,"RMDN1"
"JPH1",-0.0737411156666878,NA,"JPH1"
"LTA4H",-0.073833365221618,NA,"LTA4H"
"ZADH2",-0.0738537744384712,NA,"ZADH2"
"AK3",-0.0738905353205544,NA,"AK3"
"CCT4",-0.0739239826030613,NA,"CCT4"
"BAG3",-0.0739362637041854,NA,"BAG3"
"CCDC22",-0.0739584128277257,NA,"CCDC22"
"NEB",-0.0739626533625018,NA,"NEB"
"MRPS28",-0.0740190710234313,NA,"MRPS28"
"YBX3",-0.074103893635955,NA,"YBX3"
"HLA-A",-0.0741181365330442,NA,"HLA-A"
"RAP1B",-0.0741625504405616,NA,"RAP1B"
"MME",-0.0742395942584699,NA,"MME"
"MYH7",-0.0742658893362324,NA,"MYH7"
"GSTZ1",-0.074323712087852,NA,"GSTZ1"
"PSMD2",-0.0745768481817732,NA,"PSMD2"
"TNNI2",-0.0746194209959432,NA,"TNNI2"
"TMED5",-0.0746197063303817,NA,"TMED5"
"RALA",-0.0747819853880999,NA,"RALA"
"COX4I1",-0.0749270595820802,NA,"COX4I1"
"MCU",-0.0750075089485684,NA,"MCU"
"MSI2",-0.0750633927440753,NA,"MSI2"
"NDUFB1",-0.0750701854654944,NA,"NDUFB1"
"ANXA6",-0.0751883587761565,NA,"ANXA6"
"COL6A3",-0.0755691545916553,NA,"COL6A3"
"MIEN1",-0.0758341356105893,NA,"MIEN1"
"RIC8A",-0.0762073885695708,NA,"RIC8A"
"CBR4",-0.0762498510230842,NA,"CBR4"
"PYURF",-0.0763613426252156,NA,"PYURF"
"MYL1",-0.0763877700245775,NA,"MYL1"
"MYL2",-0.0764353028912241,NA,"MYL2"
"GAPDH",-0.0765367629820575,NA,"GAPDH"
"SDR39U1",-0.0765910731193133,NA,"SDR39U1"
"HIKESHI",-0.0767441736021257,NA,"HIKESHI"
"CALD1",-0.076846398195102,NA,"CALD1"
"HLA-DRB5",-0.0768646660964619,NA,"HLA-DRB5"
"VPS29",-0.0769136574818059,NA,"VPS29"
"ALDH6A1",-0.0769461144140317,NA,"ALDH6A1"
"THAP4",-0.0769798245706472,NA,"THAP4"
"NDUFV3",-0.0772775976856417,NA,"NDUFV3"
"KPNA4",-0.0773436834477833,NA,"KPNA4"
"LACTB2",-0.0774965322432869,NA,"LACTB2"
"VCL",-0.077524623697631,NA,"VCL"
"ST13",-0.0776169659941508,NA,"ST13"
"DNAJA2",-0.0779509039736532,NA,"DNAJA2"
"PPP2R1A",-0.0779613956759532,NA,"PPP2R1A"
"RNF7",-0.0779890546908483,NA,"RNF7"
"TPM2",-0.0780429246547916,NA,"TPM2"
"MRPL41",-0.0780647921582728,NA,"MRPL41"
"PTGR1",-0.0781415154140916,NA,"PTGR1"
"NDUFA10",-0.0781820230373458,NA,"NDUFA10"
"KPNA3",-0.0784124823601866,NA,"KPNA3"
"UBXN1",-0.0785066421776811,NA,"UBXN1"
"AGMAT",-0.0785684796059068,NA,"AGMAT"
"MYOM2",-0.078672515081929,NA,"MYOM2"
"ARIH2",-0.0787797961826707,NA,"ARIH2"
"ISCA2",-0.07896460663279,NA,"ISCA2"
"SCRN2",-0.0790754824546009,NA,"SCRN2"
"NXN",-0.0790869630198033,NA,"NXN"
"HIST2H2AA3",-0.0795651587107663,NA,"HIST2H2AA3"
"SLC25A20",-0.0798319654994659,NA,"SLC25A20"
"RASA4",-0.0799858027073195,NA,"RASA4"
"DHTKD1",-0.0801102501840923,NA,"DHTKD1"
"UQCRQ",-0.08075698554068,NA,"UQCRQ"
"EIF6",-0.0807672798014336,NA,"EIF6"
"ATL2",-0.0808740345899921,NA,"ATL2"
"CUL3",-0.0809042320051603,NA,"CUL3"
"MTFP1",-0.081117219124604,NA,"MTFP1"
"LACTB",-0.081143283694895,NA,"LACTB"
"ABHD10",-0.0814399140424416,NA,"ABHD10"
"ATP5F1C",-0.0816796261023042,NA,"ATP5F1C"
"ACTN2",-0.0822607415210226,NA,"ACTN2"
"DNM2",-0.0826222613886888,NA,"DNM2"
"GSTM4",-0.082652817356245,NA,"GSTM4"
"PLIN5",-0.0829631308697304,NA,"PLIN5"
"EIF4EBP1",-0.0830248956625656,NA,"EIF4EBP1"
"S100A10",-0.0833096897343579,NA,"S100A10"
"COPS8",-0.0834128962622848,NA,"COPS8"
"ILK",-0.0839930393911514,NA,"ILK"
"FAHD1",-0.0840033993557263,NA,"FAHD1"
"GNB1",-0.0841049042141539,NA,"GNB1"
"ABHD16A",-0.0841307473315871,NA,"ABHD16A"
"HOOK3",-0.0843092863895224,NA,"HOOK3"
"GALK1",-0.0843445670320767,NA,"GALK1"
"CYSTM1",-0.0843933828532183,NA,"CYSTM1"
"TNNC1",-0.0844337128492155,NA,"TNNC1"
"SQOR",-0.0844442881293449,NA,"SQOR"
"YWHAB",-0.0847095329475694,NA,"YWHAB"
"CCT7",-0.0848172807228705,NA,"CCT7"
"FDPS",-0.0850890453280317,NA,"FDPS"
"RAB18",-0.0851250975322046,NA,"RAB18"
"PPP1R14B",-0.0852124538141895,NA,"PPP1R14B"
"CHMP1B",-0.0853250052681087,NA,"CHMP1B"
"PARVB",-0.0855575158986737,NA,"PARVB"
"PGK1",-0.0855908762663484,NA,"PGK1"
"WDR77",-0.0857282667613518,NA,"WDR77"
"EMC1",-0.0857680217750363,NA,"EMC1"
"FAM98A",-0.0858010193614394,NA,"FAM98A"
"AARS1",-0.0860281385454512,NA,"AARS1"
"BCAP31",-0.0861305975296436,NA,"BCAP31"
"HMGB1",-0.0861541637856364,NA,"HMGB1"
"COL6A1",-0.0861750347596646,NA,"COL6A1"
"NDUFB6",-0.0862906039553409,NA,"NDUFB6"
"TPM4",-0.0863002561461474,NA,"TPM4"
"PSMB4",-0.0864978490242077,NA,"PSMB4"
"UQCR11",-0.0865112031548635,NA,"UQCR11"
"CRYZ",-0.0866876668274683,NA,"CRYZ"
"ERLIN2",-0.0867047369087063,NA,"ERLIN2"
"MRPL1",-0.0867066698521644,NA,"MRPL1"
"AHCY",-0.0867578718222198,NA,"AHCY"
"RPS17",-0.0868376861265432,NA,"RPS17"
"CDC42",-0.0869351661849351,NA,"CDC42"
"DYNLRB1",-0.0869499991463664,NA,"DYNLRB1"
"LDB3",-0.086972638459285,NA,"LDB3"
"GLRX",-0.0870573003769185,NA,"GLRX"
"CAVIN2",-0.0872781016013366,NA,"CAVIN2"
"ATXN10",-0.0875813210916789,NA,"ATXN10"
"ASPN",-0.0877745488922023,NA,"ASPN"
"PPME1",-0.0880806428447863,NA,"PPME1"
"NME2",-0.0881175412669399,NA,"NME2"
"GSTM3",-0.0882461308030331,NA,"GSTM3"
"FERMT2",-0.0883790999297554,NA,"FERMT2"
"MXRA7",-0.0885135290380994,NA,"MXRA7"
"RYR1",-0.0885374118690804,NA,"RYR1"
"ATP1B1",-0.0886113711869718,NA,"ATP1B1"
"DYNLL2",-0.0889763135265386,NA,"DYNLL2"
"NIT2",-0.0890899960396815,NA,"NIT2"
"PPP1R12B",-0.0891899619048337,NA,"PPP1R12B"
"CRADD",-0.089191678729462,NA,"CRADD"
"SMS",-0.0893049610563911,NA,"SMS"
"TMED1",-0.0893814512772025,NA,"TMED1"
"PDCD6IP",-0.0893930386807423,NA,"PDCD6IP"
"MYLPF",-0.0896409429147124,NA,"MYLPF"
"MYH2",-0.0897982609811857,NA,"MYH2"
"SGCB",-0.0898339226481585,NA,"SGCB"
"GPS1",-0.0898638083826199,NA,"GPS1"
"RPS10",-0.08995672747166,NA,"RPS10"
"TIMM44",-0.090043356260991,NA,"TIMM44"
"RPS24",-0.0901820323571967,NA,"RPS24"
"HDDC2",-0.0903988030309995,NA,"HDDC2"
"LDHB",-0.0904323844538009,NA,"LDHB"
"APIP",-0.0904642145501911,NA,"APIP"
"COL1A2",-0.0905424451704819,NA,"COL1A2"
"TMED10",-0.0906529651899276,NA,"TMED10"
"TMEM205",-0.091043591287262,NA,"TMEM205"
"RPS21",-0.0910447273048609,NA,"RPS21"
"RHOA",-0.0911598687241834,NA,"RHOA"
"PSMA6",-0.0912416288776762,NA,"PSMA6"
"PRMT1",-0.0913495078939096,NA,"PRMT1"
"DNAJB1",-0.0914824133930729,NA,"DNAJB1"
"PYGL",-0.0921526337738195,NA,"PYGL"
"CPPED1",-0.0924179819982068,NA,"CPPED1"
"STAT3",-0.092439164810808,NA,"STAT3"
"UTRN",-0.092608556885894,NA,"UTRN"
"RBM38",-0.0926249627963224,NA,"RBM38"
"CAND2",-0.092922839070196,NA,"CAND2"
"IQGAP1",-0.0929540327458363,NA,"IQGAP1"
"SMPX",-0.0933704630531568,NA,"SMPX"
"AARSD1",-0.0933914007069844,NA,"AARSD1"
"TUBB6",-0.0934317020131332,NA,"TUBB6"
"IL18",-0.0935404045679186,NA,"IL18"
"PPP2R5A",-0.0936309302125009,NA,"PPP2R5A"
"ACTN1",-0.0938279482652157,NA,"ACTN1"
"UQCRFS1",-0.0938615822894216,NA,"UQCRFS1"
"MOCS2",-0.0940578107952363,NA,"MOCS2"
"NQO2",-0.0940762487471019,NA,"NQO2"
"FNTA",-0.0942068498216845,NA,"FNTA"
"RPS16",-0.0945365168309644,NA,"RPS16"
"CARS2",-0.0945447251391446,NA,"CARS2"
"GYG1",-0.0946996862459434,NA,"GYG1"
"CCT6A",-0.0947424417133363,NA,"CCT6A"
"EPS15L1",-0.0948117827806336,NA,"EPS15L1"
"LMNA",-0.0949193225185435,NA,"LMNA"
"UBE2I",-0.0949246716015999,NA,"UBE2I"
"MT-ATP8",-0.0950997083643391,NA,"MT-ATP8"
"CCT2",-0.0951094238984406,NA,"CCT2"
"NDUFA4",-0.0952987098426882,NA,"NDUFA4"
"PTGES2",-0.0954485761899868,NA,"PTGES2"
"NDUFA8",-0.095662655616114,NA,"NDUFA8"
"ATP6V1A",-0.0960223198809654,NA,"ATP6V1A"
"NDUFA13",-0.0960414853959779,NA,"NDUFA13"
"RPL13",-0.0960787873903534,NA,"RPL13"
"MYH1",-0.0961388878992802,NA,"MYH1"
"GSTM1",-0.096337361516682,NA,"GSTM1"
"TNNT1",-0.096405016937862,NA,"TNNT1"
"SUGT1",-0.0965546910594098,NA,"SUGT1"
"RPS3A",-0.0968118228588725,NA,"RPS3A"
"APRT",-0.0969098308687526,NA,"APRT"
"ACSL3",-0.0969859664856744,NA,"ACSL3"
"BCKDHB",-0.0970021989554917,NA,"BCKDHB"
"PFDN6",-0.0971603846466952,NA,"PFDN6"
"EEA1",-0.0974530401753046,NA,"EEA1"
"CNPY2",-0.097820241369292,NA,"CNPY2"
"NGLY1",-0.0978566103486847,NA,"NGLY1"
"ATP5F1D",-0.09785996320606,NA,"ATP5F1D"
"SNTB1",-0.097876889333794,NA,"SNTB1"
"SRL",-0.098069788611986,NA,"SRL"
"MT-ND5",-0.09879920691082,NA,"MT-ND5"
"MYBPC2",-0.098947498091886,NA,"MYBPC2"
"LRPAP1",-0.0990051095214149,NA,"LRPAP1"
"RPL31",-0.099381575722734,NA,"RPL31"
"RPN2",-0.0995631249708956,NA,"RPN2"
"TRIP10",-0.0996216933714261,NA,"TRIP10"
"NID1",-0.0998554318108342,NA,"NID1"
"COQ6",-0.0998870443316857,NA,"COQ6"
"MGST3",-0.100100400234012,NA,"MGST3"
"SNX2",-0.100212298129216,NA,"SNX2"
"RRAS",-0.100218830274476,NA,"RRAS"
"MSRB2",-0.100260124820139,NA,"MSRB2"
"NDUFS2",-0.100689195426227,NA,"NDUFS2"
"ASAH1",-0.100926871549515,NA,"ASAH1"
"ACADS",-0.101268009236231,NA,"ACADS"
"TPT1",-0.101452996673378,NA,"TPT1"
"MRC2",-0.101755326934503,NA,"MRC2"
"CZIB",-0.101832785622583,NA,"CZIB"
"TBC1D17",-0.102132274440577,NA,"TBC1D17"
"SDHC",-0.102650720784061,NA,"SDHC"
"PSMD11",-0.103146669540802,NA,"PSMD11"
"COPS2",-0.103158864658819,NA,"COPS2"
"MOGS",-0.103385219928299,NA,"MOGS"
"PITRM1",-0.10367460170773,NA,"PITRM1"
"RPL19",-0.10387173361003,NA,"RPL19"
"MYOF",-0.103926776558261,NA,"MYOF"
"ACOT9",-0.104003771470698,NA,"ACOT9"
"GSPT1",-0.104278241281339,NA,"GSPT1"
"COX7C",-0.104375031304025,NA,"COX7C"
"TNS1",-0.105326259404859,NA,"TNS1"
"MYOM1",-0.105649291354789,NA,"MYOM1"
"H1-0",-0.105943411135401,NA,"H1-0"
"ATP6V1B2",-0.106316057347642,NA,"ATP6V1B2"
"MT-ND4",-0.106350218501365,NA,"MT-ND4"
"CUL1",-0.1065619907698,NA,"CUL1"
"GSS",-0.106660735914655,NA,"GSS"
"OPA1",-0.106693556971083,NA,"OPA1"
"STT3A",-0.10695011239883,NA,"STT3A"
"COX17",-0.107001578639897,NA,"COX17"
"CDH13",-0.107051938438612,NA,"CDH13"
"RARS1",-0.107465050275264,NA,"RARS1"
"COASY",-0.107516436689299,NA,"COASY"
"GLO1",-0.107729823738905,NA,"GLO1"
"HSPA1A",-0.108913903531111,NA,"HSPA1A"
"PSMC2",-0.109198704838546,NA,"PSMC2"
"BCS1L",-0.110166235310879,NA,"BCS1L"
"CYB5A",-0.110294416635118,NA,"CYB5A"
"PDIA6",-0.110718854281813,NA,"PDIA6"
"CAPN3",-0.111382478237832,NA,"CAPN3"
"FAHD2A",-0.112051806115835,NA,"FAHD2A"
"SEPTIN11",-0.112365949743501,NA,"SEPTIN11"
"DHODH",-0.112971602275982,NA,"DHODH"
"EPHX2",-0.114953651266363,NA,"EPHX2"
"RPL10",-0.115455039600794,NA,"RPL10"
"PDCL3",-0.116263331304682,NA,"PDCL3"
"NAXD",-0.118569681401745,NA,"NAXD"
"AGO2",-0.119034767563196,NA,"AGO2"
"FBLN2",-0.119151756792706,NA,"FBLN2"
"MYOT",-0.119347222453447,NA,"MYOT"
"PTMS",-0.119949116127045,NA,"PTMS"
