gene,logFC,neg_log10_p,pi_score,adj_pval,direction
TNPO3,1.9255,3.4072,0,0.72406,Up
S100A1,1.8216,2.9129,5e-6,0.739994,Up
MRPL47,1.3342,2.861,1.52e-4,0.739994,Up
CPT1A,-1.2511,2.7489,3.64e-4,0.739994,Down
C4A,2.5467,1.2875,5.26e-4,0.990301,Up
FXYD1,-1.7223,1.7532,9.56e-4,0.990301,Down
TMED5,-1.465,1.9413,0.001432,0.990301,Down
DYNLT1,-1.2725,2.069,0.002329,0.990301,Down
CFI,-1.4162,1.8017,0.002808,0.990301,Down
ATP6V1H,1.1239,2.0472,0.005002,0.990301,Up
TRMT112,1.3346,1.569,0.008053,0.990301,Up
MFN2,-0.9163,2.2448,0.00877,0.990301,Down
LAMP1,1.802,1.1144,0.009815,0.990301,Up
AKT2,1.078,1.8178,0.010974,0.990301,Up
DRG1,1.6895,1.0913,0.014334,0.990301,Up
HIGD1A,1.0908,1.6851,0.014517,0.990301,Up
LAMTOR3,0.6743,2.6987,0.01514,0.739994,Up
CHMP2A,0.7939,2.2058,0.017738,0.990301,Up
LMAN2,-0.942,1.8531,0.017966,0.990301,Down
MRC2,-1.6337,1.0553,0.018877,0.990301,Down
HNRNPDL,-0.7953,2.0088,0.025256,0.990301,Down
ISCU,-1.1978,1.3137,0.026694,0.990301,Down
PVALB,1.4897,1.0364,0.028579,0.990301,Up
LYPLA2,0.6315,2.4405,0.028756,0.990301,Up
CACNG6,-1.5244,0.9819,0.031861,0.990301,Down
AMPD1,-0.8434,1.7217,0.035308,0.990301,Down
CUL4B,1.0095,1.4134,0.037423,0.990301,Up
ADD1,1.566,0.8994,0.039049,0.990301,Up
PMPCB,-1.1176,1.254,0.039672,0.990301,Down
ECHDC2,-1.035,1.3523,0.039848,0.990301,Down
ATP5F1E,-0.9129,1.5255,0.040498,0.990301,Down
EIF3B,-0.7273,1.9045,0.041192,0.990301,Down
SND1,1.2785,1.0799,0.041625,0.990301,Up
PPP1CC,1.0207,1.3507,0.041822,0.990301,Up
SLC16A1,-0.8265,1.6441,0.043763,0.990301,Down
MRPS18B,1.0916,1.2141,0.047281,0.990301,Up
C1QC,1.466,0.8888,0.049773,0.990301,Up
ACAA1,-0.7846,1.6368,0.051978,0.990301,NS
NDUFS4,-0.7199,1.7706,0.053125,0.990301,NS
NDUFS7,-0.8712,1.4609,0.053371,0.990301,NS
FAH,0.6126,2.0566,0.05496,0.990301,NS
NDUFB9,-0.6911,1.7936,0.057607,0.990301,NS
HDHD2,0.7095,1.7435,0.057951,0.990301,NS
AMPD3,-0.7705,1.5667,0.062066,0.990301,NS
PALMD,-0.8664,1.3928,0.06213,0.990301,NS
VBP1,0.7064,1.6879,0.064216,0.990301,NS
RAB8A,1.2023,0.98740000000000006,0.064986,0.990301,NS
COL18A1,0.8106,1.4559,0.06605,0.990301,NS
TMEM143,-0.7932,1.4649,0.068862,0.990301,NS
CPNE1,0.746,1.5501,0.069773,0.990301,NS
COX20,0.7971,1.43,0.072467,0.990301,NS
NT5C2,-0.8857,1.2822,0.073165,0.990301,NS
MTCH2,-0.6046,1.8619,0.074856,0.990301,NS
S100A6,1.1809,0.9357,0.078526,0.990301,NS
NDRG2,0.5191,2.1236,0.078997,0.990301,NS
SDHD,-0.7832,1.3904,0.081481,0.990301,NS
AP2M1,0.6342,1.706,0.08279,0.990301,NS
MT-ND1,-0.7933,1.357,0.083852,0.990301,NS
API5,0.8903,1.1966,0.086028,0.990301,NS
VDAC3,-0.5289,2.0121000000000002,0.086268,0.990301,NS
STK38L,0.7541,1.3903,0.089452,0.990301,NS
RTN4IP1,-0.8817,1.1803,0.091049,0.990301,NS
ZYX,-0.6193,1.6753,0.091713,0.990301,NS
TOMM40,-0.8093,1.2723,0.093398,0.990301,NS
MYH3,1.0647,0.9623,0.09449,0.990301,NS
VDAC2,-0.5183,1.961,0.096297,0.990301,NS
CMPK1,0.8686,1.1348,0.103352,0.990301,NS
ILF2,1.1602,0.8495,0.10337,0.990301,NS
GFM1,-0.6615,1.4343,0.112526,0.990301,NS
VPS13C,0.6801,1.3657,0.117829,0.990301,NS
AHCYL2,0.63,1.4679,0.118904,0.990301,NS
ATP5MC2,1.0843,0.8408,0.122551,0.990301,NS
TMEM11,-0.5745,1.5742,0.124613,0.990301,NS
SYNPO2L,1.0462,0.8622,0.125286,0.990301,NS
NPEPL1,0.612,1.4544,0.128804,0.990301,NS
B2M,0.8505,1.0367,0.131311,0.990301,NS
COX6C,-0.6625,1.32,0.133513,0.990301,NS
PUDP,0.7141,1.2216,0.134178,0.990301,NS
MRPL22,0.7006,1.2369,0.135963,0.990301,NS
SEPTIN9,-0.8423,1.0279,0.136201,0.990301,NS
MLIP,0.8361,1.0283,0.138104,0.990301,NS
SGCA,-0.5565,1.5436,0.138347,0.990301,NS
METTL26,-0.6491,1.3226,0.138514,0.990301,NS
LTF,1.7972,0.4758,0.139579,0.990301,NS
MLYCD,0.7226,1.1749,0.141604,0.990301,NS
SERPINF2,1.0236,0.8255,0.142915,0.990301,NS
NDUFA7,-0.7157,1.1791,0.143253,0.990301,NS
CD9,-1.2608,0.6675,0.144011,0.990301,NS
USP15,-0.595,1.3996,0.147003,0.990301,NS
STAT5B,-0.738,1.1268,0.147379,0.990301,NS
CLTB,-0.7416,1.114,0.14922,0.990301,NS
ACSF2,-0.5881,1.3889,0.152488,0.990301,NS
STX7,-0.5697,1.4081,0.157676,0.990301,NS
GAPDHS,-0.8552,0.9291,0.160485,0.990301,NS
HNRNPA3,-0.7752,1.0067,0.165829,0.990301,NS
IDI1,-0.5331,1.4621,0.166137,0.990301,NS
RAB21,0.7639,0.9984,0.172711,0.990301,NS
S100A13,0.8289,0.9188,0.173145,0.990301,NS
NT5C,0.7925,0.9568,0.174469,0.990301,NS
HINT1,0.5233,1.4391,0.176561,0.990301,NS
OTUB1,0.4405,1.7047,0.17743,0.990301,NS
CNIH4,0.5987,1.2428,0.180261,0.990301,NS
TIMM21,-0.6327,1.1749,0.180593,0.990301,NS
LGALS3,0.6618,1.1046,0.18578,0.990301,NS
WARS1,0.4437,1.6002,0.194945,0.990301,NS
HMGCL,-0.5543,1.2596,0.200348,0.990301,NS
COX5A,-0.5016,1.3745,0.204437,0.990301,NS
SCCPDH,0.4593,1.4973,0.205247,0.990301,NS
MAPRE2,0.5302,1.2924,0.206396,0.990301,NS
EZR,0.9963,0.6819,0.20922,0.990301,NS
SMTNL1,0.5623,1.1984,0.211905,0.990301,NS
SLC25A11,-0.504,1.3342,0.212589,0.990301,NS
ERO1A,0.7385,0.8994,0.216675,0.990301,NS
OSBPL11,0.6744,0.9775,0.219164,0.990301,NS
PDPR,-0.6185,1.0642,0.219716,0.990301,NS
RPA2,0.6005,1.0955,0.219844,0.990301,NS
CNDP2,0.5494,1.1967,0.220035,0.990301,NS
SH3BGRL3,0.8023,0.8079,0.224827,0.990301,NS
ARMT1,0.515,1.2498,0.22719,0.990301,NS
RAB2B,0.5894,1.0918,0.227214,0.990301,NS
ACTR1B,0.5321,1.2078,0.22769,0.990301,NS
IGKV4-1,-0.8581,0.7465,0.228786,0.990301,NS
CRIP1,-0.9962,0.6391,0.230822,0.990301,NS
PPP1R1A,0.6572,0.9642,0.232459,0.990301,NS
FGGY,0.705,0.8936,0.234404,0.990301,NS
GRSF1,0.5591,1.1225,0.23575,0.990301,NS
PAIP1,0.6193,1.0121,0.236157,0.990301,NS
COX6B1,-0.5617,1.1055,0.239368,0.990301,NS
MAP2K2,0.5463,1.1203,0.244339,0.990301,NS
DDI2,0.9254,0.6614,0.244339,0.990301,NS
HBS1L,-0.4349,1.3987,0.246419,0.990301,NS
NDUFA12,-0.5008,1.2078,0.248347,0.990301,NS
SIRT3,0.8275,0.7221,0.252625,0.990301,NS
ELOB,-0.4099,1.455,0.253274,0.990301,NS
PTPN11,0.6097,0.9666,0.257407,0.990301,NS
COMT,-0.4481,1.3055,0.260055,0.990301,NS
AKAP12,0.9995,0.5844,0.260556,0.990301,NS
SAMM50,-0.4602,1.2649,0.261748,0.990301,NS
CARS1,0.5346,1.0864,0.262554,0.990301,NS
TIMM9,-0.6279,0.9206,0.264244,0.990301,NS
ECHDC3,-0.6726,0.8511,0.267618,0.990301,NS
FDXR,-0.6772,0.8422,0.268979,0.990301,NS
XRCC5,0.5579,1.0211,0.269373,0.990301,NS
NDUFV2,-0.4444,1.2754,0.271118,0.990301,NS
NDUFS5,-0.5136,1.0978,0.273011,0.990301,NS
UCHL1,0.6912,0.8139,0.273781,0.990301,NS
NDUFAB1,0.4994,1.1237,0.274707,0.990301,NS
ATIC,0.432,1.2966,0.275328,0.990301,NS
PPBP,1.012,0.5533,0.275467,0.990301,NS
PURA,0.748,0.7457,0.276824,0.990301,NS
FITM2,0.6244,0.8905,0.277977,0.990301,NS
EIF3M,0.6778,0.8171,0.279356,0.990301,NS
LDHA,0.4712,1.1714,0.28056,0.990301,NS
MYH13,0.7323,0.7521,0.281319,0.990301,NS
CHORDC1,1.0298,0.5346,0.281496,0.990301,NS
HSPA4,-0.3879,1.4131,0.283083,0.990301,NS
NDUFB8,-0.5978,0.9066,0.287069,0.990301,NS
DNAJA3,-0.7147,0.7541,0.289105,0.990301,NS
CAMK2G,0.5317,1.0041,0.292546,0.990301,NS
LYZ,1.4434,0.3698,0.292565,0.990301,NS
BCKDK,0.8505,0.6253,0.293895,0.990301,NS
MIF,-0.6555,0.809,0.294922,0.990301,NS
LASP1,-0.5989,0.8818,0.296418,0.990301,NS
HLA-A,0.5647,0.9348,0.296596,0.990301,NS
PLGRKT,-0.5689,0.9269,0.296943,0.990301,NS
MAP3K20,-0.3635,1.4357,0.300662,0.990301,NS
FLOT2,0.5465,0.954,0.301071,0.990301,NS
ECPAS,0.3742,1.3882,0.302411,0.990301,NS
LANCL1,0.4698,1.1047,0.302654,0.990301,NS
AKR1C1,0.6359,0.8127,0.304236,0.990301,NS
USP47,-0.4409,1.1699,0.304898,0.990301,NS
EIF5B,-0.7035,0.7311,0.305949,0.990301,NS
YBX1,-0.4421,1.1605,0.306895,0.990301,NS
ANXA5,0.4254,1.1997,0.308824,0.990301,NS
MAPK9,-0.6539,0.7793,0.309328,0.990301,NS
DDX19B,0.8029,0.6347,0.309349,0.990301,NS
TXNDC12,0.5267,0.9609,0.311789,0.990301,NS
TMX4,0.4272,1.1842,0.311957,0.990301,NS
USO1,-0.3999,1.2638,0.312348,0.990301,NS
RTN2,-0.5382,0.9341,0.3142,0.990301,NS
HSPB3,0.4027,1.2486,0.314215,0.990301,NS
ALPK3,0.7986,0.6287,0.314698,0.990301,NS
PGD,0.4448,1.1282,0.314919,0.990301,NS
PRKACA,0.396,1.2631,0.316107,0.990301,NS
HSD17B4,0.5369,0.9306,0.316474,0.990301,NS
DCUN1D1,0.7341,0.674,0.320037,0.990301,NS
UBE2O,0.7234,0.6833,0.320406,0.990301,NS
STXBP3,0.45,1.0941,0.321848,0.990301,NS
UFL1,-0.5896,0.8316,0.323365,0.990301,NS
COX5B,-0.5129,0.9498,0.325745,0.990301,NS
IGKV3-20,-0.7245,0.6676,0.328338,0.990301,NS
HPCAL1,0.4796,1.0003,0.331352,0.990301,NS
NHLRC2,0.4899,0.9733,0.333583,0.990301,NS
REEP5,0.4793,0.9947,0.333585,0.990301,NS
MAP2K1,0.4942,0.9634,0.334137,0.990301,NS
MDP1,0.5255,0.9033,0.335217,0.990301,NS
PGPEP1,0.5335,0.8887,0.335676,0.990301,NS
NDUFA11,-0.5613,0.8432,0.336297,0.990301,NS
IVD,-0.4803,0.9798,0.338387,0.990301,NS
NDUFB10,-0.5043,0.929,0.340026,0.990301,NS
MOB2,-0.5998,0.7788,0.341079,0.990301,NS
MYO1C,0.4429,1.0535,0.341531,0.990301,NS
IST1,0.5675,0.8217,0.341708,0.990301,NS
RAB11B,0.4233,1.0974,0.343114,0.990301,NS
NDUFA2,-0.413,1.1167,0.345773,0.990301,NS
MCEE,-0.544,0.8443,0.347285,0.990301,NS
HNRNPUL2,0.7076,0.6463,0.348859,0.990301,NS
EPS15L1,0.5932,0.77,0.349298,0.990301,NS
ANXA4,0.4563,1.0003,0.349558,0.990301,NS
NUBP2,0.6695,0.6817,0.349581,0.990301,NS
XPNPEP1,0.4765,0.9577,0.349661,0.990301,NS
TIPRL,0.6303,0.7238,0.349754,0.990301,NS
TOLLIP,0.4067,1.1085,0.354119,0.990301,NS
TPD52L1,0.5988,0.7492,0.355917,0.990301,NS
ATP2B4,0.5738,0.7754,0.35895,0.990301,NS
GPX1,-0.3844,1.1574,0.359013,0.990301,NS
ARL1,0.6646,0.669,0.359243,0.990301,NS
PREP,0.2974,1.4791,0.363113,0.990301,NS
RPL5,-0.6482,0.6778,0.363643,0.990301,NS
RPL27A,-0.712,0.6167,0.363854,0.990301,NS
CHMP6,0.5876,0.7454,0.364787,0.990301,NS
FN1,0.8194,0.532,0.366505,0.990301,NS
ETFRF1,0.6681,0.6466,0.369836,0.990301,NS
GLOD4,0.3567,1.2094,0.370364,0.990301,NS
PFKFB2,0.6453,0.6669,0.371196,0.990301,NS
GCDH,-0.4187,1.0278,0.371254,0.990301,NS
VAPA,-0.5032,0.8528,0.372275,0.990301,NS
ACO1,0.4067,1.0393,0.377809,0.990301,NS
FTH1,0.5514,0.766,0.378131,0.990301,NS
LGALS1,0.4168,1.0122,0.378497,0.990301,NS
ATP5MF,0.4683,0.8997,0.379033,0.990301,NS
ADPRH,-0.6254,0.6732,0.379317,0.990301,NS
ABCF1,-0.5258,0.8005,0.379419,0.990301,NS
RTN3,0.5223,0.8041,0.380248,0.990301,NS
APOD,-0.6862,0.61,0.381397,0.990301,NS
OPLAH,-0.4579,0.9142,0.381428,0.990301,NS
HHATL,-0.4987,0.8326,0.38435,0.990301,NS
ERI3,0.4078,1.0093,0.387632,0.990301,NS
SRSF2,-0.5046,0.8102,0.390072,0.990301,NS
CPNE3,-0.3341,1.2214,0.390779,0.990301,NS
STOML2,-0.3896,1.0429,0.392307,0.990301,NS
HSPB8,-0.4191,0.9683,0.392784,0.990301,NS
LONP1,-0.3705,1.088,0.395276,0.990301,NS
APOO,-0.4574,0.8784,0.396475,0.990301,NS
PBDC1,0.4895,0.8151,0.398986,0.990301,NS
CARNS1,0.4441,0.8986,0.399,0.990301,NS
COL6A2,0.835,0.4776,0.399168,0.990301,NS
MAPKAPK2,0.4287,0.9232,0.402017,0.990301,NS
SMIM4,-0.515,0.7685,0.402023,0.990301,NS
PSME2,0.5276,0.7451,0.404515,0.990301,NS
ELOC,-0.4049,0.9698,0.40487,0.990301,NS
UQCR10,-0.5345,0.7294,0.407527,0.990301,NS
ANXA7,0.2806,1.3888,0.407718,0.990301,NS
FUBP1,0.5996,0.649,0.408157,0.990301,NS
HSPA2,0.433,0.8969,0.40892,0.990301,NS
ALDH1A1,-0.4414,0.8743,0.411217,0.990301,NS
CAND1,0.4428,0.8652,0.413879,0.990301,NS
NDUFB11,-0.4389,0.8707,0.414808,0.990301,NS
RAB24,-0.6467,0.5895,0.415695,0.990301,NS
APOL1,0.886,0.4256,0.419663,0.990301,NS
EIF3C,-0.3338,1.127,0.420589,0.990301,NS
ADHFE1,-0.5721,0.6531,0.42297,0.990301,NS
C1QB,0.7591,0.4915,0.42353,0.990301,NS
MRPL55,0.5253,0.7091,0.424144,0.990301,NS
CD59,-0.4946,0.7528,0.424262,0.990301,NS
UBE2L3,0.6293,0.5909,0.424794,0.990301,NS
UBE2R2,0.5694,0.6461,0.428629,0.990301,NS
TMX3,0.4329,0.8484,0.429269,0.990301,NS
SGCD,-0.3168,1.1591,0.429374,0.990301,NS
PGRMC1,-0.4762,0.7702,0.429762,0.990301,NS
SLC25A13,-0.3903,0.9354,0.431401,0.990301,NS
CD81,0.521,0.6998,0.43194,0.990301,NS
EIF4EBP1,0.8295,0.4346,0.436012,0.990301,NS
DDT,0.5139,0.6987,0.437439,0.990301,NS
THY1,1.0972,0.3258,0.439097,0.990301,NS
PLN,-0.5591,0.637,0.440406,0.990301,NS
CAPNS1,0.3646,0.9679,0.443721,0.990301,NS
MAN2C1,-0.4565,0.7722,0.444077,0.990301,NS
TRMT10C,0.477,0.7375,0.444854,0.990301,NS
RUVBL2,-0.4707,0.7468,0.44509,0.990301,NS
MYBPC1,-0.5037,0.6959,0.44618,0.990301,NS
CPPED1,0.4199,0.8346,0.446239,0.990301,NS
MRPL9,0.7108,0.4922,0.446849,0.990301,NS
ANKRD2,0.4285,0.816,0.447063,0.990301,NS
MT-ND3,-0.5721,0.6081,0.448852,0.990301,NS
RPL30,-0.493,0.7041,0.449639,0.990301,NS
DENR,-0.463,0.7454,0.451767,0.990301,NS
MYH1,-0.6829,0.5048,0.452161,0.990301,NS
TIMM13,-0.5353,0.6419,0.453347,0.990301,NS
CSRP3,0.4188,0.8177,0.454554,0.990301,NS
RAD23A,0.3647,0.938,0.454891,0.990301,NS
MRPS17,0.4759,0.7173,0.455604,0.990301,NS
EIF3L,-0.3883,0.8783,0.455957,0.990301,NS
EIF3I,-0.3718,0.9173,0.455999,0.990301,NS
CAV2,-0.6774,0.5032,0.456148,0.990301,NS
SEC22B,0.4128,0.8243,0.456814,0.990301,NS
CFB,0.5042,0.6665,0.461291,0.990301,NS
ITGA7,-0.4039,0.8268,0.463504,0.990301,NS
NIT1,-0.3795,0.86,0.471689,0.990301,NS
SLC25A4,-0.3302,0.9872,0.472117,0.990301,NS
TBCB,0.4061,0.7997,0.473437,0.990301,NS
CALR,-0.3738,0.8651,0.47489,0.990301,NS
ALDH5A1,-0.3302,0.9793,0.474952,0.990301,NS
HSPH1,-0.6478,0.4946,0.478174,0.990301,NS
RUVBL1,-0.3886,0.8217,0.479422,0.990301,NS
ACAD8,-0.4055,0.7865,0.479808,0.990301,NS
COA3,-0.4737,0.6715,0.480717,0.990301,NS
ADK,-0.4279,0.7415,0.481676,0.990301,NS
FABP5,-0.4111,0.7675,0.483599,0.990301,NS
NXN,0.4701,0.6699,0.484288,0.990301,NS
EIF1AX,-0.4456,0.7057,0.48478,0.990301,NS
COL15A1,0.5208,0.6014,0.486123,0.990301,NS
MTAP,0.4088,0.7613,0.488417,0.990301,NS
EIF3D,0.4476,0.6876,0.49227,0.990301,NS
PDLIM5,0.4115,0.7468,0.492791,0.990301,NS
PRKRA,0.5922,0.5177,0.493663,0.990301,NS
PSMD1,0.3088,0.9855,0.496195,0.990301,NS
MYOM3,0.5337,0.5689,0.497028,0.990301,NS
ACYP2,-0.3503,0.8664,0.497204,0.990301,NS
NDUFS8,-0.3652,0.8266,0.499021,0.990301,NS
MCTS1,0.3688,0.818,0.49927,0.990301,NS
UBA3,0.3394,0.8769,0.503949,0.990301,NS
TMX1,0.3881,0.7615,0.506366,0.990301,NS
ADH5,0.3067,0.9531,0.510164,0.990301,NS
DNAJC19,-0.4717,0.619,0.510549,0.990301,NS
FXN,-0.387,0.7504,0.512422,0.990301,NS
BCKDHA,-0.4782,0.607,0.512582,0.990301,NS
UQCRC2,-0.2938,0.9843,0.513798,0.990301,NS
EPB41L2,0.6064,0.4764,0.514217,0.990301,NS
YKT6,0.416,0.6936,0.514599,0.990301,NS
FKBP4,-0.3726,0.7717,0.515782,0.990301,NS
ANXA2,0.4118,0.696,0.516855,0.990301,NS
LETM1,-0.3665,0.7755,0.519726,0.990301,NS
PRKAG1,0.3346,0.8384,0.524198,0.990301,NS
RDH11,-0.4244,0.6608,0.524252,0.990301,NS
MT-ATP6,-0.5674,0.4939,0.52448,0.990301,NS
NLRX1,-0.3643,0.7651,0.526396,0.990301,NS
JAGN1,0.3859,0.7221,0.526428,0.990301,NS
RPL15,0.463,0.6018,0.526493,0.990301,NS
UBE2B,-0.5973,0.4649,0.527656,0.990301,NS
CLUH,-0.3565,0.7781,0.527928,0.990301,NS
ESYT1,0.445,0.6215,0.528986,0.990301,NS
SETD7,0.3412,0.8077,0.53012,0.990301,NS
AK1,0.257,1.0675,0.531651,0.990301,NS
MYH2,-0.538,0.5065,0.53397,0.990301,NS
PSMD7,0.3899,0.6878,0.53929,0.990301,NS
LAMTOR2,0.4429,0.6054,0.539374,0.990301,NS
MAPRE1,0.3472,0.7702,0.540285,0.990301,NS
SCP2,0.4807,0.5547,0.541222,0.990301,NS
GSN,0.3938,0.6766,0.541417,0.990301,NS
SYNCRIP,0.3112,0.8545,0.542137,0.990301,NS
PPIL1,-0.3569,0.74,0.54432,0.990301,NS
RAB10,0.4297,0.6103,0.546715,0.990301,NS
MT-CO2,-0.3885,0.673,0.547696,0.990301,NS
STRAP,-0.3015,0.8653,0.548367,0.990301,NS
PDCD5,-0.3481,0.7473,0.549426,0.990301,NS
CES2,-0.4093,0.6352,0.549587,0.990301,NS
C8G,0.5591,0.4642,0.550128,0.990301,NS
NDUFV1,-0.33,0.7855,0.550569,0.990301,NS
COQ5,-0.361,0.7129,0.552894,0.990301,NS
JCHAIN,-0.7127,0.3596,0.554213,0.990301,NS
CASQ1,0.2632,0.9667,0.556658,0.990301,NS
AKR7A2,-0.3966,0.6408,0.557062,0.990301,NS
ARL6IP5,0.3321,0.7642,0.557458,0.990301,NS
PPP1R12B,0.685,0.3699,0.557947,0.990301,NS
HSPBP1,-0.3822,0.6596,0.559657,0.990301,NS
GSTM4,-0.8616,0.292,0.56028,0.990301,NS
LRG1,-0.6833,0.3678,0.560687,0.990301,NS
S100A4,0.5036,0.4974,0.561738,0.990301,NS
SLC25A6,-0.3081,0.8127,0.561829,0.990301,NS
UBE2G1,0.4641,0.5379,0.562771,0.990301,NS
HUWE1,0.4015,0.6197,0.563892,0.990301,NS
CST3,-0.469,0.5286,0.565049,0.990301,NS
FKBP3,-0.2695,0.9133,0.567383,0.990301,NS
LYRM7,-0.4303,0.5719,0.567392,0.990301,NS
TKFC,-0.4026,0.6081,0.569104,0.990301,NS
RASA4,0.4566,0.5348,0.569941,0.990301,NS
MYH8,0.6364,0.3829,0.570582,0.990301,NS
DEPTOR,-0.3329,0.7294,0.57171400000000006,0.990301,NS
AHCYL1,0.3198,0.7583,0.572134,0.990301,NS
COX19,-0.3775,0.641,0.572845,0.990301,NS
PRUNE1,0.3916,0.6157,0.573998,0.990301,NS
NDUFA3,-0.4106,0.5864,0.574439,0.990301,NS
HSDL1,0.3583,0.6666,0.576978,0.990301,NS
PHB2,-0.2483,0.9602,0.57758,0.990301,NS
NDUFS3,-0.3243,0.7345,0.577849,0.990301,NS
AQP1,-0.4172,0.5693,0.578762,0.990301,NS
ARL8A,0.3709,0.6401,0.578844,0.990301,NS
UBL5,-0.417,0.5665,0.580463,0.990301,NS
PRPS1,0.343,0.6874,0.581033,0.990301,NS
PSME1,0.3221,0.727,0.583251,0.990301,NS
SEPTIN6,-0.7155,0.3269,0.583612,0.990301,NS
MTX1,-0.4158,0.5622,0.583757,0.990301,NS
RPL4,-0.4693,0.4958,0.585183,0.990301,NS
EIF3G,0.3829,0.6062,0.585963,0.990301,NS
GLUL,0.3474,0.6659,0.587035,0.990301,NS
ENSA,0.448,0.5132,0.58902,0.990301,NS
RPS13,-0.5849,0.3913,0.590404,0.990301,NS
FBP1,-0.5162,0.4407,0.592246,0.990301,NS
XRCC6,0.3422,0.6644,0.59245,0.990301,NS
TSN,-0.3621,0.6272,0.592822,0.990301,NS
SHMT1,-0.3532,0.6418,0.593316,0.990301,NS
IPO7,-0.3876,0.584,0.593782,0.990301,NS
ARPC3,0.4727,0.4778,0.594511,0.990301,NS
CRIP2,-0.4796,0.4698,0.595277,0.990301,NS
MTHFD1,0.2442,0.9207,0.595877,0.990301,NS
MYBPH,0.5006,0.4488,0.596106,0.990301,NS
MYBPC2,-0.5261,0.4266,0.596464,0.990301,NS
NDUFB7,-0.3653,0.614,0.596668,0.990301,NS
FBLN1,0.4363,0.5074,0.600639,0.990301,NS
TPP2,-0.3198,0.6908,0.601304,0.990301,NS
DLST,-0.2355,0.9329,0.602924,0.990301,NS
RTRAF,0.3946,0.5559,0.603447,0.990301,NS
POLDIP2,0.5005,0.4382,0.603514,0.990301,NS
HTRA2,-0.4321,0.5056,0.604686,0.990301,NS
AKR1B1,0.3531,0.6185,0.604755,0.990301,NS
TCP1,-0.2937,0.7412,0.605764,0.990301,NS
VDAC1,-0.2606,0.8334,0.606433,0.990301,NS
C6orf136,0.4887,0.4442,0.606631,0.990301,NS
HNRNPK,0.2776,0.7817,0.60667,0.990301,NS
RTN4,0.3153,0.6876,0.606977,0.990301,NS
MRPL40,0.6193,0.3493,0.607676,0.990301,NS
EPM2A,-0.4007,0.5383,0.608531,0.990301,NS
PRKAR1A,0.2504,0.8598,0.609165,0.990301,NS
SPRYD4,0.3092,0.694,0.610117,0.990301,NS
RBKS,0.5437,0.3942,0.610532,0.990301,NS
PGAM1,0.2451,0.8708,0.611791,0.990301,NS
PEA15,0.65,0.3282,0.611881,0.990301,NS
RPL24,-0.4226,0.5034,0.612675,0.990301,NS
GABARAPL2,-0.4244,0.4986,0.614339,0.990301,NS
NDUFC2,-0.3595,0.5875,0.61486,0.990301,NS
LAMA2,0.4151,0.5087,0.614931,0.990301,NS
ALDH1B1,-0.3979,0.5297,0.615514,0.990301,NS
ATP1A1,-0.269,0.7821,0.61599,0.990301,NS
COQ10B,0.5575,0.3752,0.617784,0.990301,NS
CHCHD7,-0.3334,0.6217,0.620511,0.990301,NS
MAPT,0.3094,0.6657,0.622324,0.990301,NS
STK38,-0.3877,0.53,0.623033,0.990301,NS
RPS8,-0.3766,0.5444,0.623716,0.990301,NS
IMPA2,-0.3428,0.5973,0.624053,0.990301,NS
TOM1,0.2812,0.7277,0.624263,0.990301,NS
RPS4X,-0.3033,0.6739,0.624579,0.990301,NS
HSD17B12,0.3285,0.6209,0.625264,0.990301,NS
CDV3,-0.3951,0.5145,0.62618,0.990301,NS
RRAD,0.5373,0.3758,0.628187,0.990301,NS
GAMT,0.2739,0.7305,0.630892,0.990301,NS
RAP1A,0.4151,0.4815,0.6312,0.990301,NS
GPX4,-0.2895,0.6893,0.631635,0.990301,NS
PSMB5,-0.2271,0.8781,0.631815,0.990301,NS
ACADSB,-0.3149,0.6327,0.632077,0.990301,NS
CSRP1,-0.4863,0.4056,0.634979,0.990301,NS
VPS4B,-0.2712,0.7273,0.635017,0.990301,NS
PAFAH1B1,0.2444,0.805,0.635705,0.990301,NS
MTRES1,-0.3456,0.5682,0.636235,0.990301,NS
TPD52L2,-0.309,0.6291,0.63916,0.990301,NS
C1QBP,0.2422,0.7992,0.640404,0.990301,NS
ABHD10,0.3139,0.616,0.640691,0.990301,NS
ACTB,0.3803,0.5078,0.641028,0.990301,NS
RBMX,0.5814,0.3311,0.641911,0.990301,NS
LACTB2,-0.3624,0.5308,0.642141,0.990301,NS
UBA1,0.2407,0.7962,0.643185,0.990301,NS
STBD1,-0.3037,0.6309,0.643298,0.990301,NS
PDHX,-0.2685,0.7126,0.643692,0.990301,NS
BLVRA,0.2476,0.7728,0.643709,0.990301,NS
GPAT3,-0.3664,0.5198,0.64498200000000006,0.990301,NS
NNT,-0.2472,0.7681,0.645845,0.990301,NS
OPA3,-0.4534,0.4135,0.64937,0.990301,NS
TOMM7,0.5717,0.327,0.650194,0.990301,NS
PNPO,-0.2845,0.655,0.651068,0.990301,NS
DYNC1LI2,-0.3093,0.5968,0.653708,0.990301,NS
CA3,0.325,0.5678,0.653856,0.990301,NS
YWHAZ,0.4124,0.4474,0.653898,0.990301,NS
PABPC4,-0.2744,0.6648,0.657041,0.990301,NS
UQCRB,-0.2493,0.7309,0.657269,0.990301,NS
NDUFAF4,-0.3843,0.4726,0.658224,0.990301,NS
RRAGC,-0.3749,0.4843,0.658346,0.990301,NS
ZBTB9,-0.3643,0.4969,0.659184,0.990301,NS
NUTF2,0.2506,0.7214,0.659495,0.990301,NS
FBN1,0.4319,0.4184,0.659664,0.990301,NS
CFL1,0.2544,0.7091,0.660049,0.990301,NS
ARHGDIA,0.2409,0.7473,0.660661,0.990301,NS
CAVIN1,0.2827,0.6355,0.661231,0.990301,NS
PPCS,-0.414,0.4327,0.662003,0.990301,NS
SEPTIN2,-0.3423,0.5203,0.663627,0.990301,NS
GNG12,0.3807,0.467,0.664027,0.990301,NS
COPA,-0.5448,0.3262,0.664126,0.990301,NS
LAP3,0.3139,0.5653,0.664633,0.990301,NS
TPSB2,-0.3501,0.5045,0.665808,0.990301,NS
SLC35A4,0.4858,0.3628,0.666407,0.990301,NS
MYH11,-0.4602,0.381,0.667844,0.990301,NS
PPIL3,0.3885,0.4505,0.668325,0.990301,NS
MT-ATP8,-0.3798,0.46,0.668806,0.990301,NS
RPL13,-0.3872,0.451,0.668918,0.990301,NS
BDH1,-0.338,0.5149,0.669819,0.990301,NS
NDUFA6,-0.4055,0.4287,0.670125,0.990301,NS
CANX,0.2206,0.7851,0.671156,0.990301,NS
MYOZ3,0.5039,0.3436,0.671192,0.990301,NS
PLIN2,0.4094,0.4191,0.673656,0.990301,NS
EIF5A,0.2274,0.7529,0.674265,0.990301,NS
P4HB,0.2191,0.7812,0.67432,0.990301,NS
METAP2,0.3425,0.4991,0.674635,0.990301,NS
NSF,-0.2888,0.5916,0.674728,0.990301,NS
RPL23,-0.3407,0.5012,0.674938,0.990301,NS
HADHB,-0.1958,0.8711,0.675234,0.990301,NS
COX4I1,-0.2995,0.5692,0.675328,0.990301,NS
SUMO2,0.3047,0.559,0.675583,0.990301,NS
HNRNPR,-0.2574,0.6577,0.677173,0.990301,NS
CTSD,0.3083,0.5491,0.677207,0.990301,NS
ANK3,0.3451,0.4864,0.679415,0.990301,NS
SRP9,-0.2998,0.5576,0.680494,0.990301,NS
CFL2,0.2093,0.7901,0.683299,0.990301,NS
EIF3E,-0.2596,0.6367,0.683466,0.990301,NS
PSMC5,0.1979,0.8327,0.684246,0.990301,NS
ATP5PB,0.1882,0.874,0.684766,0.990301,NS
MYH7,-0.444,0.3678,0.686599,0.990301,NS
HDGF,0.2618,0.6227,0.687043,0.990301,NS
NDUFB4,-0.358,0.4534,0.688125,0.990301,NS
ITGB1,-0.2639,0.6138,0.68866,0.990301,NS
GARNL3,-0.39,0.4153,0.688726,0.990301,NS
RPL22,-0.3084,0.5208,0.690837,0.990301,NS
NDUFS6,-0.3282,0.4884,0.691355,0.990301,NS
ANXA11,0.1863,0.8601,0.691429,0.990301,NS
LAMC1,0.4305,0.372,0.691561,0.990301,NS
FN3K,0.2905,0.54990000000000006,0.69223,0.990301,NS
NDUFB3,-0.2744,0.5803,0.693065,0.990301,NS
BPGM,-0.3965,0.4,0.694028,0.990301,NS
UGGT1,0.2928,0.5414,0.694183,0.990301,NS
ACADVL,-0.2,0.7907,0.694847,0.990301,NS
ETF1,-0.2589,0.6015,0.698703,0.990301,NS
FITM1,-0.4181,0.3707,0.699859,0.990301,NS
SLC44A2,-0.3991,0.3883,0.699883,0.990301,NS
NDUFS1,-0.2422,0.6396,0.699968,0.990301,NS
UBA2,-0.2896,0.5311,0.701801,0.990301,NS
TFRC,0.417,0.3685,0.702002,0.990301,NS
HCCS,-0.3106,0.4911,0.703834,0.990301,NS
TFAM,-0.3319,0.4592,0.704058,0.990301,NS
NT5C1A,0.2924,0.5178,0.705667,0.990301,NS
RBP4,0.447,0.3387,0.705697,0.990301,NS
SMIM20,-0.2744,0.5487,0.706989,0.990301,NS
NDUFB5,-0.3383,0.445,0.70707,0.990301,NS
ACOT1,-0.4588,0.3276,0.707484,0.990301,NS
DYSF,0.1903,0.7889,0.707738,0.990301,NS
YWHAQ,-0.304,0.4902,0.709498,0.990301,NS
AKR1C3,0.4073,0.3658,0.709607,0.990301,NS
TUBA4A,0.2948,0.504,0.710295,0.990301,NS
APEH,0.1883,0.787,0.710962,0.990301,NS
ANP32A,0.2885,0.5104,0.712441,0.990301,NS
PPP1R3A,0.3647,0.4029,0.712932,0.990301,NS
DNPEP,0.2219,0.6595,0.713949,0.990301,NS
GPI,0.1953,0.7465,0.714894,0.990301,NS
SOD2,0.2677,0.5414,0.716295,0.990301,NS
NEK7,-0.3151,0.4595,0.716483,0.990301,NS
ARL3,0.3566,0.4052,0.716977,0.990301,NS
VAMP3,0.3002,0.4806,0.717339,0.990301,NS
ISYNA1,0.4317,0.3331,0.718151,0.990301,NS
CDNF,0.3489,0.4082,0.720395,0.990301,NS
IGKV3-15,-0.3769,0.3777,0.720525,0.990301,NS
MRPL37,0.3452,0.412,0.720769,0.990301,NS
MEMO1,0.4485,0.3148,0.722447,0.990301,NS
ATAD1,-0.2778,0.5075,0.722841,0.990301,NS
PPP3CB,-0.236,0.5954,0.723559,0.990301,NS
CBR4,-0.2783,0.5043,0.723883,0.990301,NS
SCRN3,0.3082,0.4525,0.725292,0.990301,NS
CTBP1,0.3931,0.3539,0.725884,0.990301,NS
SPEG,-0.354,0.393,0.72591,0.990301,NS
GART,0.2823,0.4918,0.726348,0.990301,NS
CLEC3B,0.4199,0.3304,0.72655,0.990301,NS
ENDOG,-0.332,0.4178,0.726575,0.990301,NS
RAD23B,0.215,0.6451,0.726619,0.990301,NS
JPT2,0.3073,0.4512,0.726708,0.990301,NS
DCTN2,0.218,0.6346,0.727188,0.990301,NS
MUSTN1,0.3633,0.3806,0.727374,0.990301,NS
EHD2,0.2501,0.5511,0.728028,0.990301,NS
UQCRC1,-0.1923,0.7154,0.728543,0.990301,NS
CPT2,-0.2576,0.5338,0.728623,0.990301,NS
LANCL2,0.2616,0.5249,0.728985,0.990301,NS
HLA-B,0.3569,0.3836,0.729619,0.990301,NS
EYA3,0.3418,0.3984,0.730837,0.990301,NS
RPL31,-0.4426,0.30620000000000003,0.731926,0.990301,NS
UCHL3,0.2111,0.6382,0.733253,0.990301,NS
PGRMC2,0.2273,0.5905,0.734101,0.990301,NS
QARS1,-0.2176,0.6141,0.735165,0.990301,NS
HOOK3,-0.7189,0.1856,0.735502,0.990301,NS
HNRNPH3,-0.3429,0.3884,0.735917,0.990301,NS
MAPK12,0.2728,0.4882,0.735946,0.990301,NS
SSB,-0.4474,0.2971,0.73635,0.990301,NS
SYNPO2,0.3792,0.3504,0.736393,0.990301,NS
ACTA1,0.3514,0.3769,0.737183,0.990301,NS
KRT8,-0.5184,0.2546,0.737908,0.990301,NS
SEC31A,0.2544,0.5181,0.738269,0.990301,NS
CSE1L,0.2031,0.6476,0.738731,0.990301,NS
PSMB3,0.2825,0.465,0.739007,0.990301,NS
MYH4,0.5146,0.2541,0.740015,0.990301,NS
TOMM70,0.2957,0.4422,0.740037,0.990301,NS
ARPC4,0.2997,0.4341,0.741176,0.990301,NS
LUM,0.2836,0.4577,0.74167400000000006,0.990301,NS
ERGIC1,0.2875,0.451,0.741896,0.990301,NS
SET,0.3232,0.4004,0.74235,0.990301,NS
SFPQ,0.4043,0.3189,0.743106,0.990301,NS
EPRS1,0.188,0.6857,0.743117,0.990301,NS
LMAN1,0.2248,0.5731,0.743271,0.990301,NS
HP,0.4066,0.316,0.743928,0.990301,NS
ATPAF1,-0.2632,0.488,0.743928,0.990301,NS
UQCRH,0.2727,0.4695,0.744718,0.990301,NS
HDHD5,0.3044,0.4192,0.745389,0.990301,NS
DCXR,-0.2471,0.516,0.745545,0.990301,NS
PDCD6,0.2552,0.4997,0.745569,0.990301,NS
ARIH2,0.3591,0.3539,0.746283,0.990301,NS
DCAF6,-0.24,0.5259,0.747772,0.990301,NS
S100A11,0.453,0.2777,0.74856,0.990301,NS
ATP5MG,-0.2788,0.4501,0.749065,0.990301,NS
SDHA,-0.1777,0.7054,0.749318,0.990301,NS
GSTP1,0.1877,0.667,0.7496,0.990301,NS
VARS1,0.2771,0.4502,0.750341,0.990301,NS
SHMT2,-0.3481,0.3567,0.751363,0.990301,NS
SLC1A4,-0.3861,0.3212,0.751611,0.990301,NS
CCDC22,0.4195,0.2943,0.752543,0.990301,NS
TMLHE,-0.2671,0.4609,0.753178,0.990301,NS
STIM1,0.2946,0.4165,0.753922,0.990301,NS
SELENOW,-0.4062,0.3019,0.753949,0.990301,NS
TNPO1,0.3385,0.3622,0.754007,0.990301,NS
DCN,-0.2719,0.4508,0.754089,0.990301,NS
ACAA2,-0.1865,0.6571,0.754089,0.990301,NS
RPS26,-0.3068,0.3994,0.754119,0.990301,NS
OCIAD1,-0.2927,0.418,0.754517,0.990301,NS
MAOB,-0.2639,0.4618,0.755308,0.990301,NS
CAPN2,0.2565,0.4749,0.755378,0.990301,NS
CHCHD3,-0.2413,0.5022,0.756541,0.990301,NS
MYH9,0.2501,0.4808,0.758089,0.990301,NS
TWF2,-0.2562,0.4675,0.758981,0.990301,NS
CD63,-0.4505,0.2654,0.75935,0.990301,NS
SHOC2,0.4219,0.2828,0.759749,0.990301,NS
COPS3,-0.2779,0.4211,0.763822,0.990301,NS
JUP,-0.3463,0.3378,0.763868,0.990301,NS
SUGT1,0.5116,0.2275,0.76486,0.990301,NS
ISOC1,0.2767,0.4199,0.765263,0.990301,NS
HNRNPA0,0.4078,0.2834,0.766364,0.990301,NS
H1-0,-0.4295,0.2673,0.767722,0.990301,NS
BIN1,0.1887,0.6083,0.767801,0.990301,NS
ADSL,0.2329,0.4919,0.768099,0.990301,NS
PSMB7,0.225,0.5071,0.768974,0.990301,NS
DNAJB1,0.4335,0.2626,0.769394,0.990301,NS
ACAD10,-0.2646,0.428,0.770476,0.990301,NS
ESD,0.2127,0.531,0.77097,0.990301,NS
CAV1,0.2952,0.3825,0.771105,0.990301,NS
PNPT1,0.2727,0.4126,0.771782,0.990301,NS
GOT1,0.1733,0.6489,0.771816,0.990301,NS
METTL7A,-0.2502,0.4489,0.772123,0.990301,NS
CLIC1,0.2964,0.3785,0.772382,0.990301,NS
GNA11,0.3088,0.362,0.773077,0.990301,NS
MFAP4,0.3652,0.3058,0.773242,0.990301,NS
PAFAH1B2,0.2546,0.4364,0.774292,0.990301,NS
PITRM1,0.2574,0.43120000000000003,0.77445,0.990301,NS
APOE,0.4127,0.2682,0.774985,0.990301,NS
PSMB4,0.2152,0.513,0.77555,0.990301,NS
TMEM14C,0.3772,0.2912,0.776501,0.990301,NS
APIP,-0.4018,0.2727,0.777042,0.990301,NS
PDXK,0.2502,0.4378,0.777083,0.990301,NS
DYNC1H1,0.1867,0.5865,0.777159,0.990301,NS
XPO1,0.2814,0.3883,0.777558,0.990301,NS
ETFB,-0.1988,0.549,0.777746,0.990301,NS
FUNDC2,-0.2613,0.4152,0.778953,0.990301,NS
SNTB2,-0.2495,0.433,0.779755,0.990301,NS
PSMD13,0.2245,0.4808,0.779962,0.990301,NS
GNAS,0.2291,0.4674,0.781474,0.990301,NS
ACTN4,0.4331,0.2464,0.782178,0.990301,NS
MYL2,-0.3601,0.2958,0.782492,0.990301,NS
HPRT1,0.2863,0.3716,0.782683,0.990301,NS
TCAP,-0.3064,0.3472,0.782731,0.990301,NS
GSTZ1,-0.2973,0.3571,0.783107,0.990301,NS
RO60,0.4738,0.224,0.783207,0.990301,NS
COPS6,0.1886,0.5589,0.784507,0.990301,NS
CRAT,-0.1969,0.5346,0.784759,0.990301,NS
GSK3B,-0.2728,0.3858,0.784787,0.990301,NS
AP2B1,-0.2618,0.4009,0.785273,0.990301,NS
PDIA4,0.3356,0.3128,0.785287,0.990301,NS
LCMT1,-0.2332,0.4496,0.785512,0.990301,NS
SDHB,-0.1779,0.5886,0.785771,0.990301,NS
HSPB6,0.2475,0.421,0.786649,0.990301,NS
CMBL,0.2029,0.5134,0.786779,0.990301,NS
VPS26A,-0.2293,0.4511,0.788075,0.990301,NS
ANXA1,0.3441,0.3001,0.788402,0.990301,NS
CLIP1,-0.1969,0.5243,0.788456,0.990301,NS
ARL8B,0.2085,0.4948,0.788553,0.990301,NS
SNCA,-0.4206,0.2451,0.788682,0.990301,NS
MAP2K3,0.2035,0.5065,0.788753,0.990301,NS
ATP2A1,-0.1936,0.5322,0.788807,0.990301,NS
RNH1,0.1733,0.5924,0.789411,0.990301,NS
ALDH9A1,-0.1784,0.5755,0.789488,0.990301,NS
GHITM,-0.347,0.2951,0.789969,0.990301,NS
TPM2,-0.3396,0.2995,0.791205,0.990301,NS
ACSS2,-0.2682,0.3788,0.791401,0.990301,NS
IGHA2,-0.4828,0.2103,0.791484,0.990301,NS
FKBP2,0.3134,0.3241,0.791484,0.990301,NS
FABP4,0.2014,0.5022,0.792249,0.990301,NS
RANBP1,0.3251,0.3107,0.792533,0.990301,NS
MACROD1,0.1971,0.5115,0.792817,0.990301,NS
NIBAN1,-0.2544,0.396,0.793009,0.990301,NS
PGP,-0.1733,0.5781,0.794002,0.990301,NS
NUBP1,-0.3186,0.308,0.79779,0.990301,NS
DARS1,-0.2303,0.4254,0.798045,0.990301,NS
LARS1,0.2099,0.4653,0.798636,0.990301,NS
ARHGAP19,0.3335,0.2925,0.798852,0.990301,NS
AP1G1,-0.3308,0.2945,0.799038,0.990301,NS
PRDX3,0.1903,0.51,0.79975,0.990301,NS
RNF114,-0.3072,0.3159,0.799754,0.990301,NS
CFH,0.3075,0.3154,0.799914,0.990301,NS
SNTA1,-0.2158,0.449,0.800068,0.990301,NS
NDUFA10,-0.2253,0.43,0.800077,0.990301,NS
AKT1,0.3903,0.2472,0.800763,0.990301,NS
UQCRQ,-0.2319,0.416,0.800796,0.990301,NS
MPI,0.1693,0.5694,0.800899,0.990301,NS
MTPN,-0.2345,0.4083,0.802197,0.990301,NS
PCBD2,0.1841,0.5199,0.802228,0.990301,NS
TMOD1,0.3533,0.2698,0.802956,0.990301,NS
COL4A2,0.4114,0.2304,0.803911,0.990301,NS
SUCLG2,-0.2384,0.3954,0.804872,0.990301,NS
ACAT1,-0.1861,0.5062,0.805037,0.990301,NS
SLIRP,-0.2159,0.4355,0.805319,0.990301,NS
ARHGAP1,0.2984,0.3144,0.805709,0.990301,NS
JSRP1,0.2411,0.3876,0.806401,0.990301,NS
SLC25A5,0.2719,0.3435,0.806482,0.990301,NS
HBA1,-0.3193,0.2923,0.806622,0.990301,NS
PSMA1,-0.173,0.5328,0.808815,0.990301,NS
MPP1,-0.3045,0.3019,0.809214,0.990301,NS
RMDN1,-0.2452,0.3738,0.809738,0.990301,NS
MRPS36,0.2553,0.3584,0.810053,0.990301,NS
TMEM205,-0.2254,0.4031,0.811207,0.990301,NS
SDHC,-0.267,0.3403,0.811228,0.990301,NS
HAGH,0.1597,0.5683,0.811424,0.990301,NS
JPH2,-0.3211,0.2824,0.811582,0.990301,NS
ACTR1A,0.1777,0.5095,0.811805,0.990301,NS
PFKM,-0.1481,0.611,0.811878,0.990301,NS
ABCF3,0.2859,0.3159,0.8122,0.990301,NS
CAB39,0.1969,0.4574,0.812747,0.990301,NS
CUL4A,0.2828,0.3177,0.813141,0.990301,NS
PSMB6,-0.2446,0.3672,0.813185,0.990301,NS
OGN,0.2962,0.3027,0.813481,0.990301,NS
HEBP2,0.1859,0.482,0.813593,0.990301,NS
COPB2,-0.2945,0.3029,0.814348,0.990301,NS
GCLC,0.3542,0.2504,0.815288,0.990301,NS
ILK,-0.2205,0.402,0.815382,0.990301,NS
TUBB4B,0.1776,0.4968,0.816164,0.990301,NS
MYLK2,0.25,0.3527,0.816279,0.990301,NS
ARPC5L,0.2408,0.3653,0.816682,0.990301,NS
PAICS,-0.1806,0.4869,0.816692,0.990301,NS
MOGS,-0.3697,0.2376,0.816853,0.990301,NS
TPPP3,0.4373,0.2008,0.816968,0.990301,NS
COX7A2,-0.2302,0.3812,0.817018,0.990301,NS
ENO3,-0.1786,0.4901,0.817486,0.990301,NS
COX7A1,-0.2451,0.357,0.817522,0.990301,NS
ATP5PD,0.1725,0.5039,0.818644,0.990301,NS
ATXN10,0.3065,0.2833,0.818765,0.990301,NS
KPNB1,0.2684,0.3232,0.81893,0.990301,NS
RPA3,0.3146,0.2758,0.818935,0.990301,NS
LRRC47,-0.1797,0.4826,0.818958,0.990301,NS
CAMK2B,-0.176,0.4923,0.819164,0.990301,NS
RPS17,0.2904,0.2979,0.819372,0.990301,NS
FTL,0.3645,0.2373,0.819428,0.990301,NS
PARVA,0.2607,0.3299,0.820334,0.990301,NS
SLC37A4,0.24,0.355,0.821861,0.990301,NS
TUBB2A,0.2567,0.331,0.822313,0.990301,NS
HSP90B1,0.2051,0.414,0.822386,0.990301,NS
TACC2,-0.2429,0.3488,0.822751,0.990301,NS
SNX3,-0.2248,0.3768,0.822781,0.990301,NS
PLEC,0.233,0.3635,0.822795,0.990301,NS
LMOD3,0.257,0.328,0.823607,0.990301,NS
COQ10A,0.2581,0.3255,0.824128,0.990301,NS
PSMB2,-0.1729,0.4849,0.824405,0.990301,NS
GSTO1,0.1983,0.4202,0.825373,0.990301,NS
PPIC,-0.3199,0.2597,0.825886,0.990301,NS
ISCA2,-0.2386,0.3447,0.827474,0.990301,NS
DCTN3,-0.2857,0.2876,0.827628,0.990301,NS
PSMA5,0.1468,0.557,0.828354,0.990301,NS
ARCN1,0.2183,0.3732,0.828955,0.990301,NS
RPS18,-0.2123,0.3813,0.829959,0.990301,NS
COPS8,0.2039,0.3946,0.830862,0.990301,NS
SORD,0.2616,0.3074,0.830942,0.990301,NS
VAT1,0.2877,0.2794,0.831074,0.990301,NS
PGM5,-0.2288,0.3511,0.831126,0.990301,NS
NIF3L1,-0.2453,0.3237,0.832922,0.990301,NS
SPTBN1,-0.2742,0.2889,0.833313,0.990301,NS
MYH14,0.1815,0.4352,0.833726,0.990301,NS
FLNB,0.1881,0.4186,0.834218,0.990301,NS
NOL3,0.1872,0.4204,0.834304,0.990301,NS
PSMD14,-0.1746,0.45,0.834538,0.990301,NS
FLNA,0.206,0.3805,0.834817,0.990301,NS
VPS4A,-0.2037,0.3847,0.834922,0.990301,NS
SRSF3,-0.2531,0.3094,0.835053,0.990301,NS
MT-ND5,-0.2477,0.3151,0.835466,0.990301,NS
ARHGDIB,0.4179,0.1862,0.835931,0.990301,NS
AIMP1,0.1857,0.4186,0.836133,0.990301,NS
ESYT2,0.2862,0.2714,0.836209,0.990301,NS
UBQLN1,-0.2076,0.3699,0.837959,0.990301,NS
DARS2,0.269,0.2852,0.838038,0.990301,NS
DNM1L,0.1988,0.3861,0.838046,0.990301,NS
PRPSAP2,-0.2971,0.2564,0.839136,0.990301,NS
EIF1,-0.2037,0.3723,0.839748,0.990301,NS
BCKDHB,-0.3435,0.2207,0.839831,0.990301,NS
PFN2,0.2057,0.3676,0.84019,0.990301,NS
DYNLL1,0.2461,0.3035,0.841994,0.990301,NS
TNNI1,0.3064,0.2436,0.842129,0.990301,NS
MAVS,-0.2119,0.3518,0.84227,0.990301,NS
NAXE,0.1575,0.4725,0.842526,0.990301,NS
EEF2,0.1482,0.4999,0.843166,0.990301,NS
OSTC,0.2554,0.2897,0.843372,0.990301,NS
BLMH,0.1711,0.43120000000000003,0.843752,0.990301,NS
PMM2,0.222,0.3322,0.843819,0.990301,NS
ADSS2,-0.2627,0.28,0.844214,0.990301,NS
ATAD3A,-0.2529,0.2899,0.844656,0.990301,NS
SOD3,-0.2991,0.2439,0.845391,0.990301,NS
KPNA6,-0.204,0.3573,0.8455,0.990301,NS
RPS5,0.313,0.2321,0.845987,0.990301,NS
EPB41,0.3864,0.1873,0.846468,0.990301,NS
PDIA3,0.1989,0.3619,0.847247,0.990301,NS
IGHV3-7,-0.2677,0.2685,0.847488,0.990301,NS
FHL1,0.1607,0.4457,0.847955,0.990301,NS
PRDX1,0.1575,0.4521,0.84879,0.990301,NS
PAK1,0.2429,0.2925,0.849042,0.990301,NS
GCLM,0.2162,0.3256,0.850357,0.990301,NS
NMT1,-0.2703,0.2603,0.850427,0.990301,NS
LIMS3,-0.3041,0.2311,0.850613,0.990301,NS
DPYSL3,0.2314,0.3032,0.850794,0.990301,NS
SRPRB,0.2035,0.3446,0.850921,0.990301,NS
CALU,0.1599,0.438,0.851094,0.990301,NS
AHSA1,0.2422,0.2885,0.851383,0.990301,NS
SMPX,-0.2961,0.2354,0.851755,0.990301,NS
STOM,-0.2961,0.235,0.851986,0.990301,NS
TKT,-0.3384,0.2055,0.852053,0.990301,NS
DES,0.3113,0.2232,0.852154,0.990301,NS
STAT3,0.2545,0.2727,0.852345,0.990301,NS
OBSCN,0.2194,0.3146,0.853095,0.990301,NS
PAFAH1B3,0.2754,0.2504,0.853139,0.990301,NS
PSMD12,0.1499,0.4594,0.853399,0.990301,NS
CIRBP,0.1949,0.3522,0.853824,0.990301,NS
RDH13,0.2501,0.2736,0.854213,0.990301,NS
FAM98A,-0.2475,0.2758,0.854508,0.990301,NS
SAR1B,0.2526,0.2693,0.855036,0.990301,NS
RAP1B,0.1975,0.3429,0.85563,0.990301,NS
SGTA,-0.1859,0.3628,0.856145,0.990301,NS
MECR,-0.2182,0.3089,0.856252,0.990301,NS
MYL3,-0.2864,0.2352,0.856275,0.990301,NS
UBE2K,0.2224,0.3029,0.856361,0.990301,NS
PSMC6,0.1515,0.4435,0.856678,0.990301,NS
CUTA,0.1684,0.399,0.856688,0.990301,NS
NDUFA9,-0.193,0.3468,0.857165,0.990301,NS
COQ8A,0.1517,0.4403,0.85742,0.990301,NS
LMCD1,0.1776,0.3754,0.857664,0.990301,NS
DHRS7C,0.2078,0.3203,0.857892,0.990301,NS
RPL17,-0.2847,0.2338,0.857899,0.990301,NS
STIP1,0.146,0.4558,0.857959,0.990301,NS
DDX1,0.1873,0.3551,0.858006,0.990301,NS
RPL9,0.2555,0.2603,0.858016,0.990301,NS
CBR1,0.1809,0.3671,0.858202,0.990301,NS
PDCL3,0.3075,0.2155,0.858491,0.990301,NS
DSTN,-0.212,0.3115,0.858938,0.990301,NS
MYL4,0.2872,0.2283,0.859859,0.990301,NS
CASQ2,0.1978,0.3306,0.860202,0.990301,NS
ALDH2,-0.2378,0.2731,0.861062,0.990301,NS
PPP2CA,0.1453,0.4458,0.861445,0.990301,NS
FYCO1,0.2011,0.3211,0.861817,0.990301,NS
YBX3,0.1672,0.3859,0.861954,0.990301,NS
RNF126,-0.1857,0.3467,0.862204,0.990301,NS
PGAM2,-0.1469,0.4381,0.86229,0.990301,NS
SAR1A,-0.2288,0.2794,0.863143,0.990301,NS
CUL5,0.1626,0.3913,0.863672,0.990301,NS
RPSA,-0.2176,0.2923,0.863738,0.990301,NS
ACACA,-0.2581,0.2463,0.863802,0.990301,NS
PLAA,0.1833,0.3465,0.863912,0.990301,NS
RPS6,-0.1943,0.3239,0.865107,0.990301,NS
BROX,0.1918,0.3276,0.865308,0.990301,NS
MRPL1,0.3509,0.1789,0.865383,0.990301,NS
TXNRD1,-0.151,0.4153,0.865587,0.990301,NS
RABGGTA,-0.1897,0.3303,0.865666,0.990301,NS
DDX39B,0.2076,0.3016,0.865749,0.990301,NS
CHMP1B,-0.2542,0.2459,0.865956,0.990301,NS
UGP2,0.1411,0.4418,0.86628,0.990301,NS
BANF1,0.1938,0.3216,0.866352,0.990301,NS
KPNA3,0.1828,0.3393,0.866914,0.990301,NS
MSN,0.1727,0.3582,0.86723,0.990301,NS
RPS19,-0.1927,0.3197,0.867763,0.990301,NS
MB,0.1663,0.3701,0.867844,0.990301,NS
ASAH1,-0.2128,0.2868,0.868915,0.990301,NS
ATP6V1G1,0.1995,0.3055,0.869084,0.990301,NS
GOT2,-0.1529,0.3987,0.869086,0.990301,NS
NAPRT,-0.2131,0.2859,0.869089,0.990301,NS
PPP1R14B,0.2817,0.216,0.869252,0.990301,NS
MOCS2,-0.3335,0.1823,0.869407,0.990301,NS
IAH1,0.2097,0.2893,0.869628,0.990301,NS
TARS1,-0.2625,0.2307,0.869861,0.990301,NS
GLUD1,0.1536,0.3936,0.870069,0.990301,NS
PKIA,-0.2084,0.2899,0.870088,0.990301,NS
DNAJA4,-0.1965,0.3071,0.870274,0.990301,NS
ALDH1L1,-0.1589,0.3797,0.870288,0.990301,NS
SMS,0.2257,0.2672,0.870353,0.990301,NS
NEDD8,-0.1856,0.3246,0.870481,0.990301,NS
GNB2,0.1665,0.3593,0.871352,0.990301,NS
APMAP,0.2224,0.2687,0.871433,0.990301,NS
NPEPPS,0.1219,0.4867,0.872329,0.990301,NS
APOOL,-0.1656,0.3578,0.872465,0.990301,NS
PRMT1,-0.1858,0.3184,0.872668,0.990301,NS
PMPCA,0.2313,0.2553,0.872884,0.990301,NS
RPS27,0.274,0.2155,0.872892,0.990301,NS
PTGR2,0.1609,0.3668,0.872917,0.990301,NS
SUB1,0.166,0.3548,0.873197,0.990301,NS
PSMA6,0.1416,0.4127,0.874118,0.990301,NS
SYNGR2,0.1863,0.3136,0.874139,0.990301,NS
RPL18,-0.1987,0.2922,0.874861,0.990301,NS
QKI,0.1782,0.3231,0.875836,0.990301,NS
STUB1,-0.1998,0.288,0.8759,0.990301,NS
LYPLA1,0.1589,0.362,0.875932,0.990301,NS
SSBP1,0.1642,0.35,0.876046,0.990301,NS
ADSS1,0.1605,0.358,0.876063,0.990301,NS
PPP1CA,0.138,0.4151,0.876407,0.990301,NS
SLC25A12,-0.1491,0.3842,0.876472,0.990301,NS
GGCT,-0.172,0.3326,0.876556,0.990301,NS
VAMP2,-0.1978,0.2886,0.876854,0.990301,NS
PXN,-0.2853,0.1987,0.87765,0.990301,NS
JPH1,-0.2117,0.2676,0.877699,0.990301,NS
GPD1L,-0.1622,0.3475,0.878323,0.990301,NS
CAPN1,0.1268,0.4418,0.879013,0.990301,NS
TRIM72,0.1425,0.393,0.879025,0.990301,NS
TMEM109,-0.214,0.2617,0.879053,0.990301,NS
AGT,0.2827,0.1978,0.8792,0.990301,NS
RPS7,0.2626,0.2128,0.879268,0.990301,NS
SERPINA1,-0.2194,0.2535,0.879807,0.990301,NS
PGM1,0.1306,0.4229,0.880597,0.990301,NS
PHYKPL,-0.1998,0.2764,0.880603,0.990301,NS
DYNC1I2,0.1597,0.3419,0.88186,0.990301,NS
EIF4G2,0.2404,0.2268,0.882011,0.990301,NS
COA6,-0.1754,0.3097,0.882439,0.990301,NS
HIBCH,0.1941,0.2799,0.882442,0.990301,NS
AK2,-0.1306,0.4139,0.882988,0.990301,NS
AIFM1,-0.1232,0.4363,0.88355,0.990301,NS
C3,0.236,0.2273,0.883812,0.990301,NS
LGALS3BP,-0.2802,0.1914,0.883827,0.990301,NS
TATDN1,0.2027,0.2642,0.883955,0.990301,NS
RTCB,0.1475,0.363,0.884035,0.990301,NS
FHOD1,-0.143,0.3734,0.884327,0.990301,NS
ALDH4A1,-0.1341,0.3978,0.88441,0.990301,NS
LAMTOR1,-0.2151,0.2477,0.884575,0.990301,NS
HSPG2,-0.2142,0.2445,0.886398,0.990301,NS
ATP6V1E1,0.2235,0.2339,0.886614,0.990301,NS
SPCS1,0.2212,0.2361,0.886727,0.990301,NS
RPL12,-0.2087,0.2494,0.887034,0.990301,NS
PDLIM3,0.1664,0.3112,0.887611,0.990301,NS
UTRN,-0.2286,0.2262,0.887732,0.990301,NS
NIT2,0.1638,0.3144,0.888173,0.990301,NS
RAB6A,-0.1824,0.2821,0.888259,0.990301,NS
PPA1,-0.1414,0.363,0.888553,0.990301,NS
RALA,0.1513,0.3388,0.888683,0.990301,NS
CCT6A,0.1588,0.3223,0.888809,0.990301,NS
STT3B,-0.2018,0.2536,0.888862,0.990301,NS
SCFD1,-0.225,0.2269,0.889093,0.990301,NS
ALDOA,-0.1198,0.4247,0.889401,0.990301,NS
L2HGDH,-0.1737,0.2924,0.889618,0.990301,NS
NDUFB6,-0.2231,0.2275,0.889681,0.990301,NS
PSMD2,-0.1446,0.3508,0.889795,0.990301,NS
DUSP28,-0.2109,0.2401,0.889949,0.990301,NS
HSPB1,0.1489,0.3393,0.890227,0.990301,NS
TNNI2,-0.2373,0.2116,0.890779,0.990301,NS
FAHD2A,0.1985,0.2527,0.890906,0.990301,NS
SLC25A3,-0.156,0.3213,0.89102,0.990301,NS
PRKAA2,-0.1426,0.3506,0.891272,0.990301,NS
RAB5C,-0.2123,0.2349,0.89153,0.990301,NS
GSR,0.1421,0.3497,0.891864,0.990301,NS
PSMA4,0.1382,0.3582,0.892265,0.990301,NS
CHCHD10,0.2302,0.214,0.892803,0.990301,NS
FNTA,0.1818,0.2702,0.893047,0.990301,NS
CISD1,-0.1354,0.3604,0.893697,0.990301,NS
OLA1,0.1357,0.3596,0.893733,0.990301,NS
UQCR11,0.2426,0.201,0.893824,0.990301,NS
BCAP31,-0.2361,0.2064,0.893899,0.990301,NS
COPS7A,-0.1169,0.4166,0.893939,0.990301,NS
THOP1,0.2526,0.1927,0.89396,0.990301,NS
H2BC4,0.2502,0.194,0.894226,0.990301,NS
UBE2N,0.1188,0.4083,0.894353,0.990301,NS
IGHM,-0.2613,0.1853,0.894505,0.990301,NS
MME,-0.2644,0.1824,0.894856,0.990301,NS
CDC37,0.1973,0.2438,0.895158,0.990301,NS
TTR,-0.2091,0.23,0.895167,0.990301,NS
IQGAP1,-0.2029,0.2368,0.895271,0.990301,NS
RPLP0,-0.177,0.2712,0.895345,0.990301,NS
ALDOC,-0.1804,0.266,0.895404,0.990301,NS
TAGLN,-0.2951,0.1621,0.895689,0.990301,NS
RPL27,0.2169,0.22,0.89594,0.990301,NS
ENDOD1,0.1697,0.281,0.896051,0.990301,NS
BSG,-0.1284,0.3692,0.896564,0.990301,NS
A2M,-0.2289,0.2071,0.896566,0.990301,NS
CAPZB,0.1728,0.2742,0.896632,0.990301,NS
NME2,0.1496,0.3164,0.896726,0.990301,NS
KPNA4,0.1518,0.3111,0.896967,0.990301,NS
DDAH2,0.2012,0.2341,0.897229,0.990301,NS
PIN1,0.1398,0.3365,0.897313,0.990301,NS
PHKB,0.1694,0.2758,0.897985,0.990301,NS
HNRNPC,0.3414,0.1369,0.897993,0.990301,NS
MIEN1,0.205,0.2277,0.898099,0.990301,NS
ABCF2,-0.21560000000000001,0.2162,0.898242,0.990301,NS
ALDH6A1,-0.1741,0.2668,0.898559,0.990301,NS
PPP2R1A,0.1588,0.2919,0.898767,0.990301,NS
PSMA3,-0.1367,0.3376,0.899151,0.990301,NS
RWDD1,-0.2408,0.1917,0.899163,0.990301,NS
THAP4,0.2061,0.2208,0.90053,0.990301,NS
CAPZA1,-0.2507,0.1794,0.901635,0.990301,NS
NDUFB1,-0.1683,0.2661,0.901992,0.990301,NS
DDX3X,0.1802,0.247,0.902561,0.990301,NS
ACP1,-0.1512,0.2943,0.902649,0.990301,NS
H6PD,-0.184,0.2408,0.903015,0.990301,NS
FXR1,0.1865,0.2354,0.903873,0.990301,NS
HSPB2,0.1343,0.3262,0.904065,0.990301,NS
CRKL,-0.1751,0.2485,0.904644,0.990301,NS
CAST,-0.1619,0.2679,0.904954,0.990301,NS
TBCA,-0.1481,0.2921,0.905202,0.990301,NS
SPR,0.1974,0.2191,0.905204,0.990301,NS
GNB1,-0.1431,0.3017,0.905363,0.990301,NS
KPNA1,0.1763,0.2419,0.906477,0.990301,NS
RPS3A,-0.1592,0.2679,0.906479,0.990301,NS
IGHG2,-0.2093,0.2033,0.906681,0.990301,NS
RPL10A,0.211,0.1999,0.907448,0.990301,NS
CAPN3,-0.1859,0.2261,0.907749,0.990301,NS
CUL3,-0.1555,0.27,0.907848,0.990301,NS
C11orf54,0.1517,0.2766,0.907907,0.990301,NS
PRKCSH,0.1388,0.3007,0.908382,0.990301,NS
PPP1R7,0.1251,0.3322,0.908738,0.990301,NS
YWHAG,0.1456,0.2854,0.908771,0.990301,NS
COQ9,0.1236,0.3337,0.909406,0.990301,NS
ALAD,0.1934,0.2122,0.909835,0.990301,NS
PTGES2,0.1519,0.2685,0.910374,0.990301,NS
ATP1A2,0.1225,0.3316,0.91073,0.990301,NS
MYL1,-0.2146,0.189,0.910848,0.990301,NS
MTIF2,-0.1907,0.2125,0.910906,0.990301,NS
DDX17,0.1887,0.2136,0.911345,0.990301,NS
COPB1,0.1874,0.2148,0.911469,0.990301,NS
S100A9,0.2999,0.1339,0.911654,0.990301,NS
ADH1B,-0.2014,0.199,0.911851,0.990301,NS
NUDT3,0.1623,0.2469,0.911862,0.990301,NS
UBE2V2,0.1291,0.3097,0.912033,0.990301,NS
ATP5PF,-0.1314,0.3029,0.912429,0.990301,NS
ATP5PO,-0.1131,0.3503,0.912849,0.990301,NS
EEF1G,-0.1228,0.322,0.912987,0.990301,NS
MYO18A,0.1837,0.2152,0.913003,0.990301,NS
CACNG1,0.1618,0.2441,0.913059,0.990301,NS
MTM1,0.2929,0.1345,0.913262,0.990301,NS
FARSB,-0.1909,0.206,0.913426,0.990301,NS
ENOPH1,0.1464,0.2682,0.913565,0.990301,NS
MSI2,-0.1443,0.2716,0.913683,0.990301,NS
SLC25A20,-0.1522,0.2572,0.91379,0.990301,NS
PPTC7,-0.1858,0.2101,0.914033,0.990301,NS
IDH1,0.1592,0.2446,0.914222,0.990301,NS
PRKCQ,-0.1623,0.2393,0.914488,0.990301,NS
PRDX2,0.1489,0.2606,0.914511,0.990301,NS
F13A1,-0.2396,0.1609,0.915087,0.990301,NS
ISOC2,0.1484,0.2589,0.915328,0.990301,NS
NDUFS2,-0.1359,0.2822,0.915493,0.990301,NS
RHOA,0.127,0.3012,0.915669,0.990301,NS
EIF4A1,0.1204,0.3175,0.91575,0.990301,NS
MXRA7,-0.2212,0.1703,0.916882,0.990301,NS
TPM4,-0.2077,0.1812,0.917003,0.990301,NS
DLAT,-0.1184,0.3165,0.917363,0.990301,NS
RNF7,-0.1459,0.2565,0.917452,0.990301,NS
KYAT1,-0.1858,0.2008,0.917685,0.990301,NS
ETFA,0.1085,0.3438,0.917697,0.990301,NS
IMMT,-0.1235,0.302,0.917714,0.990301,NS
EIF3K,-0.1311,0.2843,0.917728,0.990301,NS
CCT8,-0.1193,0.312,0.917839,0.990301,NS
AAMDC,0.1694,0.2184,0.91833,0.990301,NS
AHCY,0.1186,0.311,0.918549,0.990301,NS
PPM1A,-0.1382,0.2654,0.919,0.990301,NS
PRKAB2,-0.164,0.2232,0.919189,0.990301,NS
COX7C,-0.15310000000000001,0.2388,0.919252,0.990301,NS
PTGES3,-0.1608,0.2271,0.919349,0.990301,NS
DEFA3,0.4232,0.0862,0.919454,0.990301,NS
PRMT5,-0.1304,0.2791,0.919586,0.990301,NS
HARS1,-0.1221,0.2956,0.920226,0.990301,NS
GSTM1,0.2983,0.121,0.920229,0.990301,NS
NAA50,-0.1608,0.2239,0.920448,0.990301,NS
TIMM8A,-0.1617,0.2211,0.920977,0.990301,NS
CPT1B,0.1418,0.2521,0.920996,0.990301,NS
COPS4,0.114,0.312,0.921331,0.990301,NS
SKP1,0.1291,0.275,0.92152,0.990301,NS
RAB7A,-0.108,0.3287,0.921521,0.990301,NS
PLIN3,0.125,0.2829,0.921792,0.990301,NS
ABCE1,-0.1514,0.2333,0.92192,0.990301,NS
DTNA,-0.1502,0.2344,0.922139,0.990301,NS
DYNLL2,0.123,0.2857,0.922253,0.990301,NS
ATP6V1B2,-0.1321,0.2656,0.922388,0.990301,NS
TTN,0.2337,0.1495,0.922677,0.990301,NS
MCU,-0.1592,0.2193,0.922767,0.990301,NS
RPS25,0.1493,0.2327,0.923103,0.990301,NS
EIF4H,0.1193,0.2897,0.923503,0.990301,NS
VKORC1L1,-0.1797,0.1922,0.92355,0.990301,NS
PCBP1,-0.124,0.2744,0.924633,0.990301,NS
PLIN4,-0.137,0.2481,0.924713,0.990301,NS
CHCHD2,-0.1783,0.1902,0.924892,0.990301,NS
CLASP2,0.1691,0.2005,0.924931,0.990301,NS
EIF3A,-0.1262,0.2683,0.925034,0.990301,NS
GARS1,0.1547,0.2183,0.925203,0.990301,NS
SDR39U1,0.2077,0.1625,0.925223,0.990301,NS
PARK7,0.119,0.2827,0.925476,0.990301,NS
NEB,0.2351,0.143,0.925533,0.990301,NS
MRPS16,0.2276,0.1475,0.925625,0.990301,NS
TSFM,0.1284,0.261,0.925716,0.990301,NS
EHD1,0.1165,0.2867,0.92597,0.990301,NS
HSPA9,-0.1041,0.3209,0.925977,0.990301,NS
GALM,0.194,0.1709,0.926512,0.990301,NS
IGKC,-0.1887,0.1752,0.92668,0.990301,NS
TXLNB,0.1353,0.2411,0.927645,0.990301,NS
NPLOC4,0.1231,0.2636,0.927982,0.990301,NS
COL6A1,-0.2369,0.1369,0.928056,0.990301,NS
PTCD3,0.2187,0.1476,0.928366,0.990301,NS
NAGK,0.1626,0.1978,0.928625,0.990301,NS
CHP1,0.1518,0.2116,0.928698,0.990301,NS
SOD1,0.1368,0.234,0.928943,0.990301,NS
GAA,0.1822,0.1752,0.92915,0.990301,NS
GPD1,-0.1189,0.2683,0.929209,0.990301,NS
ACTN2,0.2757,0.1156,0.929247,0.990301,NS
MYOF,-0.1298,0.2454,0.92927,0.990301,NS
PIP4K2B,-0.1613,0.1932,0.930761,0.990301,NS
CLIC6,0.1838,0.1692,0.930886,0.990301,NS
FAHD1,-0.149,0.2085,0.930969,0.990301,NS
C12orf73,-0.1765,0.1757,0.931094,0.990301,NS
TALDO1,-0.1231,0.2493,0.931736,0.990301,NS
GSS,0.1314,0.2317,0.932295,0.990301,NS
PLCL2,0.2255,0.135,0.932307,0.990301,NS
EEF1D,0.0955,0.3165,0.932762,0.990301,NS
CKB,-0.1158,0.2592,0.93321,0.990301,NS
SEC24C,-0.1609,0.186,0.933419,0.990301,NS
GRHPR,0.0987,0.302,0.933693,0.990301,NS
AKR1A1,0.1315,0.2257,0.933921,0.990301,NS
ANK2,0.116,0.2557,0.933982,0.990301,NS
ACSL1,-0.1052,0.2817,0.934017,0.990301,NS
ADPRHL1,-0.146,0.2018,0.934432,0.990301,NS
EPDR1,0.1498,0.1964,0.934487,0.990301,NS
ETHE1,0.1364,0.2152,0.93462,0.990301,NS
MAPK1,0.1367,0.2124,0.935316,0.990301,NS
BCAT2,-0.1442,0.2002,0.935669,0.990301,NS
HNRNPH1,-0.1246,0.2306,0.935986,0.990301,NS
SYPL2,-0.1228,0.2339,0.93599,0.990301,NS
TPI1,0.0907,0.3158,0.93615,0.990301,NS
PDLIM1,-0.1554,0.1842,0.936233,0.990301,NS
PRDX4,0.1249,0.229,0.936252,0.990301,NS
RPL6,-0.1641,0.1743,0.936255,0.990301,NS
PPP3R1,-0.1224,0.2328,0.936493,0.990301,NS
RSU1,-0.1102,0.2572,0.936812,0.990301,NS
RYR1,-0.1015,0.2782,0.937035,0.990301,NS
PPP2R2A,-0.1003,0.2807,0.937245,0.990301,NS
DUSP3,0.0963,0.2903,0.937678,0.990301,NS
PYGL,0.2239,0.1244,0.93788,0.990301,NS
ASPA,0.1815,0.15310000000000001,0.938035,0.990301,NS
PPP5C,0.1062,0.261,0.938165,0.990301,NS
MYL6,-0.1559,0.1776,0.938253,0.990301,NS
VAPB,-0.1421,0.1936,0.938609,0.990301,NS
PPP2R5A,0.1724,0.1595,0.938669,0.990301,NS
RAB9A,-0.1391,0.1974,0.93873,0.990301,NS
PCYOX1,0.1004,0.2733,0.938799,0.990301,NS
NAMPT,0.1413,0.1937,0.938901,0.990301,NS
INPP1,-0.2271,0.1203,0.939014,0.990301,NS
DGLUCY,-0.1715,0.1591,0.939095,0.990301,NS
PHPT1,0.1402,0.1939,0.939321,0.990301,NS
SCN1B,0.1808,0.1504,0.939326,0.990301,NS
EIF4A2,0.1065,0.2551,0.939386,0.990301,NS
RAB2A,-0.1087,0.2486,0.939694,0.990301,NS
GSTM3,-0.1451,0.1855,0.939914,0.990301,NS
USP9X,-0.1729,0.1551,0.940125,0.990301,NS
IGKV3-11,0.1698,0.1576,0.940243,0.990301,NS
RPL7,-0.1428,0.1874,0.940255,0.990301,NS
RBBP4,-0.1414,0.1888,0.940361,0.990301,NS
H3-3A,0.1997,0.1337,0.940389,0.990301,NS
DPYSL2,0.1246,0.2141,0.940443,0.990301,NS
CZIB,-0.1763,0.1512,0.940454,0.990301,NS
CSDE1,-0.1237,0.2124,0.941266,0.990301,NS
MAOA,-0.1404,0.1868,0.9414,0.990301,NS
PRPSAP1,-0.2234,0.1171,0.94155199999999994,0.990301,NS
PTPA,-0.1602,0.1621,0.941938,0.990301,NS
TRAPPC3,0.156,0.1665,0.941944,0.990301,NS
SGCB,-0.1162,0.2227,0.942125,0.990301,NS
SBDS,0.1141,0.2261,0.942312,0.990301,NS
EEA1,-0.1432,0.1802,0.942314,0.990301,NS
PA2G4,0.1098,0.2316,0.943116,0.990301,NS
IGLC2,-0.168,0.1513,0.943153,0.990301,NS
FABP3,0.1157,0.2176,0.94367,0.990301,NS
HSP90AB1,-0.0952,0.2638,0.943816,0.990301,NS
SEPTIN11,0.165,0.1522,0.943825,0.990301,NS
SH3GLB1,0.1253,0.2002,0.943907,0.990301,NS
CCT5,-0.1016,0.2449,0.944301,0.990301,NS
MTX2,-0.1841,0.1346,0.944556,0.990301,NS
CAMK2A,0.1438,0.172,0.944627,0.990301,NS
LXN,0.2421,0.1018,0.944822,0.990301,NS
IGHG1,-0.1602,0.1538,0.944867,0.990301,NS
UBE2D3,-0.1235,0.1959,0.945813,0.990301,NS
RIC8A,0.2165,0.1115,0.945928,0.990301,NS
RPL19,-0.1693,0.1417,0.946258,0.990301,NS
SLC2A1,-0.1924,0.1246,0.946295,0.990301,NS
ARPP19,0.1387,0.1717,0.946624,0.990301,NS
TMED2,0.1718,0.1386,0.946626,0.990301,NS
ACADS,0.1411,0.1686,0.946681,0.990301,NS
DIABLO,0.1175,0.2024,0.9467,0.990301,NS
SRM,0.1758,0.1352,0.946745,0.990301,NS
DNAJA2,0.1057,0.2248,0.946774,0.990301,NS
HSP90AA1,-0.0995,0.237,0.947155,0.990301,NS
TLN1,0.1181,0.198,0.947566,0.990301,NS
SRI,-0.1848,0.1252,0.948129,0.990301,NS
RPS6KA3,-0.0906,0.2542,0.948369,0.990301,NS
EIF2S3,0.1013,0.2253,0.948807,0.990301,NS
DHRS11,0.1645,0.1383,0.94896,0.990301,NS
IMPDH2,0.1031,0.2204,0.949043,0.990301,NS
VCP,0.0927,0.2425,0.949549,0.990301,NS
RPS20,-0.1262,0.1772,0.94982,0.990301,NS
TIMM10,0.1566,0.1415,0.95024,0.990301,NS
RRAS2,0.1576,0.1404,0.950353,0.990301,NS
RACK1,-0.1161,0.1905,0.950369,0.990301,NS
SERPINB1,-0.1209,0.1825,0.950473,0.990301,NS
FH,0.078,0.2829,0.950491,0.990301,NS
FBLN5,-0.1753,0.1255,0.950582,0.990301,NS
SERPINA3,-0.1603,0.1367,0.950802,0.990301,NS
CKM,0.0872,0.251,0.950863,0.990301,NS
TACO1,-0.1142,0.1911,0.951005,0.990301,NS
NIPSNAP3B,-0.1272,0.1691,0.951691,0.990301,NS
BTF3L4,-0.1166,0.1838,0.951821,0.990301,NS
PAK2,-0.0966,0.2212,0.951988,0.990301,NS
NDUFA5,0.1195,0.1788,0.952018,0.990301,NS
CCS,0.1703,0.1254,0.95202,0.990301,NS
SERPINB6,-0.1274,0.167,0.952212,0.990301,NS
SLMAP,0.1159,0.1835,0.952219,0.990301,NS
UBE3C,0.1166,0.1805,0.952702,0.990301,NS
SNX2,-0.105,0.2002,0.95273,0.990301,NS
PRDX5,0.0868,0.2418,0.952816,0.990301,NS
DMD,0.0941,0.2227,0.952912,0.990301,NS
RNPEP,-0.1006,0.2079,0.953002,0.990301,NS
GMPR,0.126,0.1653,0.953168,0.990301,NS
PPID,0.1314,0.1583,0.953232,0.990301,NS
BLVRB,0.1132,0.1827,0.953486,0.990301,NS
GSTM2,0.1061,0.1941,0.953689,0.990301,NS
NTMT1,0.1436,0.1409,0.95448,0.990301,NS
CYCS,-0.1075,0.1862,0.954964,0.990301,NS
RPS21,0.1196,0.1673,0.954975,0.990301,NS
CD36,0.1394,0.1428,0.955216,0.990301,NS
MAPRE3,-0.1136,0.1746,0.955352,0.990301,NS
TNNT1,0.1681,0.1178,0.95544,0.990301,NS
LSM4,-0.1718,0.1151,0.955509,0.990301,NS
PDK2,-0.1325,0.1483,0.955774,0.990301,NS
LCP1,0.1809,0.1085,0.955787,0.990301,NS
RPS10,-0.1693,0.1156,0.955925,0.990301,NS
HSPE1,-0.0872,0.2237,0.956093,0.990301,NS
GPX3,-0.1335,0.1453,0.956311,0.990301,NS
OSBP,-0.117,0.1657,0.956339,0.990301,NS
CP,0.1633,0.1179,0.956645,0.990301,NS
PLPBP,-0.0978,0.1967,0.95668,0.990301,NS
GDI1,0.0809,0.2371,0.956797,0.990301,NS
CHMP4B,-0.1173,0.1629,0.95695,0.990301,NS
LSM2,-0.1708,0.1117,0.957015,0.990301,NS
SARS1,-0.1516,0.125,0.957308,0.990301,NS
RBM38,-0.1243,0.152,0.957429,0.990301,NS
DBI,-0.1335,0.1398,0.957934,0.990301,NS
PANK4,0.0997,0.187,0.957987,0.990301,NS
TMCO1,0.1585,0.1173,0.95809,0.990301,NS
NAP1L1,-0.1089,0.1707,0.958124,0.990301,NS
ATP2A3,-0.107,0.1734,0.958184,0.990301,NS
GLRX,-0.1183,0.1568,0.958204,0.990301,NS
GSTK1,-0.0971,0.1892,0.9586,0.990301,NS
PFKFB1,-0.1082,0.1694,0.958659,0.990301,NS
GPS1,-0.0942,0.1944,0.958689,0.990301,NS
CALD1,-0.1699,0.1076,0.958774,0.990301,NS
MDH2,-0.0775,0.2351,0.958934,0.990301,NS
IGHG3,-0.184,0.0988,0.959018,0.990301,NS
LACTB,-0.1256,0.1442,0.959154,0.990301,NS
WDR77,-0.1314,0.1367,0.959476,0.990301,NS
TUBA1B,0.0991,0.1808,0.959596,0.990301,NS
HNRNPU,-0.1358,0.1318,0.959615,0.990301,NS
TMED1,0.1289,0.1386,0.959718,0.990301,NS
CUL2,0.0872,0.2042,0.959849,0.990301,NS
OXSR1,-0.1072,0.166,0.959858,0.990301,NS
FERMT2,0.1176,0.1512,0.959877,0.990301,NS
QDPR,-0.0823,0.21560000000000001,0.959962,0.990301,NS
RRAS,-0.1129,0.1567,0.960073,0.990301,NS
HSPA8,-0.0749,0.2361,0.960092,0.990301,NS
RTCA,0.1152,0.1534,0.960114,0.990301,NS
RCN1,0.1211,0.1449,0.960407,0.990301,NS
MAP4,0.0917,0.1909,0.960497,0.990301,NS
TMED10,0.1098,0.159,0.960591,0.990301,NS
TSPO,0.1413,0.1229,0.96079,0.990301,NS
PCBD1,-0.0887,0.1956,0.960814,0.990301,NS
MT-CYB,0.1529,0.113,0.961012,0.990301,NS
MRPS27,0.1677,0.1023,0.961277,0.990301,NS
CTSB,0.1203,0.1405,0.961837,0.990301,NS
MAP2K4,0.1221,0.1368,0.962295,0.990301,NS
SQOR,-0.1207,0.1382,0.962316,0.990301,NS
PSMA7,0.0832,0.2005,0.962326,0.990301,NS
TUBB6,-0.1183,0.1398,0.96265,0.990301,NS
S100A10,0.1255,0.1315,0.962717,0.990301,NS
MGLL,0.1202,0.1366,0.962887,0.990301,NS
APEX1,0.1107,0.1483,0.962903,0.990301,NS
TIMM50,0.1202,0.1357,0.963113,0.990301,NS
LRRC20,-0.1044,0.1557,0.963276,0.990301,NS
KLHL40,-0.1296,0.1245,0.963516,0.990301,NS
PITHD1,0.1456,0.1101,0.963745,0.990301,NS
TMEM43,-0.1188,0.1345,0.963898,0.990301,NS
MYOM2,0.1098,0.1451,0.963972,0.990301,NS
SNRPD3,0.116,0.1371,0.964041,0.990301,NS
CAT,-0.1337,0.1183,0.964231,0.990301,NS
PPA2,-0.0976,0.1594,0.964816,0.990301,NS
HNRNPA1,-0.114,0.1364,0.964821,0.990301,NS
CLU,0.1345,0.1146,0.965131,0.990301,NS
C11orf68,0.0832,0.1836,0.965433,0.990301,NS
PSMC4,0.0782,0.1951,0.965463,0.990301,NS
SRL,-0.0949,0.1599,0.965656,0.990301,NS
NDUFA8,-0.1008,0.1501,0.965756,0.990301,NS
MYOT,-0.1487,0.1017,0.965775,0.990301,NS
RPL38,-0.1177,0.1282,0.965857,0.990301,NS
DDOST,-0.0933,0.1615,0.965924,0.990301,NS
ACY1,-0.0884,0.1697,0.966035,0.990301,NS
OPA1,0.1062,0.141,0.966095,0.990301,NS
IDH3B,0.0824,0.1816,0.966124,0.990301,NS
PHKA1,0.096,0.1553,0.966268,0.990301,NS
ORM1,0.1204,0.1237,0.966295,0.990301,NS
CARM1,-0.113,0.1307,0.966571,0.990301,NS
SYNM,0.1294,0.1138,0.966654,0.990301,NS
CSNK1A1,-0.1344,0.1095,0.966685,0.990301,NS
NDUFA13,-0.0937,0.1563,0.966847,0.990301,NS
BCL2L13,0.0815,0.1792,0.966937,0.990301,NS
SCRN2,-0.1171,0.124,0.967118,0.990301,NS
PSMD6,-0.0985,0.1474,0.96712,0.990301,NS
KRAS,0.1043,0.139,0.967162,0.990301,NS
PSME3,0.097,0.1495,0.967165,0.990301,NS
RPS27A,-0.1189,0.1215,0.967291,0.990301,NS
OGDH,0.0653,0.2203,0.967433,0.990301,NS
FSCN1,-0.1503,0.0954,0.967517,0.990301,NS
TXNDC17,-0.0819,0.175,0.96752,0.990301,NS
TXN,0.0928,0.1541,0.967591,0.990301,NS
ACTR3,-0.0996,0.1436,0.967594,0.990301,NS
LPP,-0.1493,0.0957,0.967645,0.990301,NS
SERPINF1,-0.1236,0.1154,0.967695,0.990301,NS
PPIB,0.0968,0.1471,0.967732,0.990301,NS
UFD1,-0.0946,0.1502,0.967823,0.990301,NS
FLNC,0.0783,0.1799,0.968074,0.990301,NS
CAP2,0.1036,0.1358,0.968121,0.990301,NS
CS,-0.0713,0.1971,0.968145,0.990301,NS
USP14,0.073,0.191,0.968413,0.990301,NS
MRPL49,0.14,0.0992,0.968526,0.990301,NS
HNRNPUL1,0.1227,0.1128,0.968635,0.990301,NS
RPS2,-0.0945,0.1465,0.968642,0.990301,NS
PSAP,0.0963,0.1431,0.968765,0.990301,NS
DDAH1,0.092,0.1498,0.968768,0.990301,NS
ABCB7,-0.1217,0.1128,0.968888,0.990301,NS
PFN1,0.083,0.1649,0.968973,0.990301,NS
GCSH,0.0949,0.1442,0.96898,0.990301,NS
HBB,-0.1264,0.1082,0.969008,0.990301,NS
DHRS4,-0.115,0.1187,0.969043,0.990301,NS
IDH3A,0.0724,0.1885,0.969091,0.990301,NS
CNBP,-0.0806,0.1687,0.969179,0.990301,NS
CALM1,-0.0869,0.1557,0.969319,0.990301,NS
RAB1A,0.1275,0.1058,0.969413,0.990301,NS
CYB5B,0.0871,0.1542,0.96955,0.990301,NS
CYB5R3,0.0819,0.1637,0.969593,0.990301,NS
DYNC1LI1,-0.1021,0.1312,0.969633,0.990301,NS
MRPL12,0.0949,0.1407,0.969727,0.990301,NS
IPO5,0.0792,0.1685,0.969732,0.990301,NS
PLS3,0.1124,0.1182,0.969882,0.990301,NS
HSD17B10,-0.0752,0.1763,0.969933,0.990301,NS
NQO2,0.1718,0.0769,0.970033,0.990301,NS
HNRNPD,0.0735,0.1793,0.970095,0.990301,NS
CAND2,-0.0922,0.1429,0.970127,0.990301,NS
TLN2,0.1087,0.1189,0.970681,0.990301,NS
MCCC2,-0.1122,0.1147,0.970804,0.990301,NS
CA14,0.1717,0.0747,0.970891,0.990301,NS
TUBA8,-0.0866,0.1482,0.970896,0.990301,NS
RPS24,-0.1159,0.1103,0.970988,0.990301,NS
CAPZA2,0.0974,0.131,0.971053,0.990301,NS
SNTB1,0.1107,0.1148,0.971152,0.990301,NS
NEXN,-0.1173,0.1083,0.971153,0.990301,NS
RBBP7,0.1248,0.1015,0.971251,0.990301,NS
NDUFA4,0.096,0.1317,0.97133,0.990301,NS
AIMP2,-0.0906,0.1391,0.971402,0.990301,NS
NUDC,0.089,0.1415,0.971422,0.990301,NS
RPS9,-0.1166,0.107,0.971674,0.990301,NS
HNRNPA2B1,-0.1107,0.1126,0.9717,0.990301,NS
YWHAH,0.0813,0.1527,0.971827,0.990301,NS
RPLP2,-0.0925,0.134,0.971871,0.990301,NS
PRKAA1,-0.0841,0.1468,0.971963,0.990301,NS
RDX,-0.0668,0.1847,0.972005,0.990301,NS
PTGR1,-0.0957,0.1286,0.972064,0.990301,NS
FECH,-0.0912,0.1343,0.97219,0.990301,NS
CACNA2D1,0.0727,0.1655,0.972685,0.990301,NS
PEBP1,0.0678,0.1771,0.972715,0.990301,NS
RAC1,0.0807,0.1484,0.972804,0.990301,NS
DDX6,0.11,0.1088,0.972821,0.990301,NS
PSMC2,0.084,0.1422,0.972876,0.990301,NS
BZW2,0.0828,0.1432,0.973061,0.990301,NS
APPL1,0.0963,0.1225,0.973221,0.990301,NS
GOSR2,-0.1453,0.0806,0.973387,0.990301,NS
TUFM,0.0672,0.1718,0.973761,0.990301,NS
SNRPB,0.108,0.105,0.974243,0.990301,NS
PLCD4,0.0768,0.1457,0.974565,0.990301,NS
PPIA,0.0842,0.1327,0.974604,0.990301,NS
DDX19A,-0.0768,0.1453,0.974622,0.990301,NS
UFM1,0.0879,0.1257,0.974899,0.990301,NS
RAN,0.0664,0.1662,0.974926,0.990301,NS
MT-CO1,-0.1201,0.0917,0.974958,0.990301,NS
ASPN,0.1395,0.0777,0.975361,0.990301,NS
WDR1,-0.072,0.1503,0.975403,0.990301,NS
RAB5B,-0.1084,0.0991,0.975566,0.990301,NS
AZGP1,0.1065,0.1007,0.975612,0.990301,NS
SMTN,-0.0859,0.1247,0.975628,0.990301,NS
GNAI2,-0.0872,0.1208,0.976047,0.990301,NS
GMFB,-0.1165,0.0897,0.976229,0.990301,NS
MRPS23,0.0963,0.1082,0.976296,0.990301,NS
GANAB,0.0888,0.1165,0.976464,0.990301,NS
PFDN4,-0.0774,0.1334,0.97649,0.990301,NS
ENO1,-0.0619,0.1666,0.976539,0.990301,NS
SEPTIN7,-0.0838,0.1229,0.976563,0.990301,NS
ALDH3A2,0.0908,0.1133,0.976589,0.990301,NS
PDCD6IP,0.0683,0.1483,0.976946,0.990301,NS
ITIH4,0.1161,0.0869,0.977029,0.990301,NS
SCARB2,0.1005,0.1005,0.977031,0.990301,NS
SUCLG1,-0.067,0.1498,0.977141,0.990301,NS
ACOT9,-0.0883,0.1127,0.977344,0.990301,NS
UBXN1,-0.0797,0.1235,0.977584,0.990301,NS
LZIC,-0.0945,0.1041,0.977623,0.990301,NS
RPL14,-0.0976,0.1003,0.977719,0.990301,NS
PRELP,0.1184,0.0819,0.977919,0.990301,NS
EIF2A,0.1062,0.0905,0.978116,0.990301,NS
EML1,-0.0814,0.1177,0.978186,0.990301,NS
GCN1,-0.192,0.0497,0.978247,0.991539,NS
AUH,-0.0788,0.1204,0.978388,0.990301,NS
SYNJ2BP,-0.0655,0.1448,0.978399,0.990301,NS
CDH13,0.0843,0.1124,0.978421,0.990301,NS
PCMT1,0.0544,0.1731,0.978541,0.990301,NS
TUBB,0.075,0.1257,0.978545,0.990301,NS
CCT2,0.0732,0.1286,0.978555,0.990301,NS
RPS14,-0.0999,0.094,0.978598,0.990301,NS
PEPD,-0.082,0.1143,0.978638,0.990301,NS
PHKA2,-0.0952,0.0979,0.978778,0.990301,NS
DBT,-0.0836,0.1114,0.978782,0.990301,NS
TBC1D17,-0.1028,0.0905,0.978809,0.990301,NS
PSMD9,0.0788,0.1179,0.978846,0.990301,NS
ATP5ME,0.0626,0.1477,0.978945,0.990301,NS
LRPPRC,-0.0554,0.1643,0.979257,0.990301,NS
PDAP1,0.0926,0.098,0.979327,0.990301,NS
LTA4H,-0.0611,0.1482,0.979365,0.990301,NS
RCN2,-0.0788,0.1149,0.979371,0.990301,NS
MGST2,-0.0924,0.0975,0.97945,0.990301,NS
GYG1,0.0729,0.1236,0.979467,0.990301,NS
SFXN1,0.0933,0.0959,0.979624,0.990301,NS
DHRS7B,0.0825,0.1079,0.979711,0.990301,NS
NUDT16,0.0787,0.1128,0.979759,0.990301,NS
RAB12,0.0841,0.1052,0.979834,0.990301,NS
YWHAB,-0.0711,0.1235,0.979973,0.990301,NS
COBL,0.0846,0.1026,0.980215,0.990301,NS
EEF1B2,0.0742,0.1169,0.980225,0.990301,NS
CAVIN4,-0.0775,0.1118,0.980248,0.990301,NS
CDC42,0.0826,0.1045,0.98033,0.990301,NS
COQ6,0.0705,0.1216,0.980453,0.990301,NS
FAM162A,-0.0666,0.1285,0.980486,0.990301,NS
EEF1A1,0.0743,0.1141,0.980671,0.990301,NS
ENO2,-0.1011,0.0838,0.980674,0.990301,NS
KRT1,-0.1241,0.0663,0.981224,0.990301,NS
HRC,0.0708,0.1156,0.981326,0.990301,NS
KRT10,0.1199,0.0682,0.981349,0.990301,NS
TNNT3,0.101,0.081,0.981351,0.990301,NS
NDUFV3,-0.0927,0.0876,0.98148,0.990301,NS
EEF1A2,0.0871,0.0925,0.981617,0.990301,NS
TARDBP,-0.1056,0.0761,0.981674,0.990301,NS
GLO1,0.0613,0.1305,0.981749,0.990301,NS
MBNL1,0.0687,0.1163,0.981766,0.990301,NS
COASY,0.092,0.0869,0.981773,0.990301,NS
MAT2B,-0.076,0.1041,0.981954,0.990301,NS
PRXL2A,0.0828,0.0954,0.981972,0.990301,NS
FHL3,0.0842,0.0925,0.982222,0.990301,NS
IARS1,0.0695,0.1119,0.982262,0.990301,NS
RPLP1,-0.0905,0.085,0.982446,0.990301,NS
KARS1,-0.0608,0.1255,0.982584,0.990301,NS
ARPC2,-0.1029,0.0742,0.982588,0.990301,NS
NAP1L4,0.08,0.095,0.982657,0.990301,NS
MPST,-0.0624,0.1209,0.982785,0.990301,NS
SIRT5,0.0673,0.1119,0.9828,0.990301,NS
NUBPL,-0.0793,0.0948,0.982824,0.990301,NS
TPM1,0.095,0.0791,0.982839,0.990301,NS
CLIC5,-0.0724,0.1038,0.98285,0.990301,NS
ERAP1,0.0879,0.0851,0.982927,0.990301,NS
SYPL1,0.0726,0.1029,0.982949,0.990301,NS
NCL,0.0657,0.1103,0.983455,0.990301,NS
AOC3,0.0999,0.0724,0.98348,0.990301,NS
VCL,-0.0525,0.1373,0.983545,0.990301,NS
RIDA,-0.0524,0.1362,0.983705,0.990301,NS
ACADM,-0.0599,0.118,0.983853,0.990301,NS
CISD2,0.0915,0.0769,0.983933,0.990301,NS
CA2,0.0734,0.0953,0.984027,0.990301,NS
UBAC1,-0.0587,0.1192,0.984032,0.990301,NS
ERP44,-0.0656,0.1065,0.984036,0.990301,NS
ACAD9,0.0818,0.0846,0.984181,0.990301,NS
RCSD1,-0.0643,0.1064,0.984377,0.990301,NS
HSDL2,-0.0549,0.1244,0.984394,0.990301,NS
PM20D2,0.0985,0.0691,0.984454,0.990301,NS
FKBP1A,0.0553,0.123,0.984466,0.990301,NS
PTBP1,-0.1105,0.0614,0.984512,0.991539,NS
SEC23A,-0.0845,0.0798,0.984608,0.990301,NS
ARF1,0.0639,0.1053,0.98462,0.990301,NS
PNP,0.1027,0.0655,0.984624,0.990301,NS
ATPAF2,0.078,0.0853,0.984798,0.990301,NS
PARVB,0.0891,0.0746,0.984814,0.990301,NS
HINT3,-0.0588,0.1127,0.984853,0.990301,NS
ARF4,0.0641,0.1023,0.984998,0.990301,NS
PSMC3,0.0552,0.1185,0.98506,0.990301,NS
TST,-0.0779,0.0824,0.985321,0.990301,NS
MYPN,0.0764,0.0839,0.985338,0.990301,NS
ECHDC1,-0.0845,0.075,0.985524,0.990301,NS
ATL2,0.0809,0.0781,0.985556,0.990301,NS
NME1,0.0788,0.0785,0.985865,0.990301,NS
COQ3,-0.0676,0.091,0.985937,0.990301,NS
MSRB2,0.0769,0.0798,0.985956,0.990301,NS
CSNK2A1,0.064,0.0956,0.986,0.990301,NS
CLIP2,-0.0639,0.0948,0.986145,0.990301,NS
AFG3L2,-0.0532,0.1137,0.986164,0.990301,NS
CNPY2,-0.0819,0.0736,0.98622,0.990301,NS
GSPT1,-0.0605,0.0996,0.986231,0.990301,NS
LDB3,-0.0592,0.1012,0.986311,0.990301,NS
CRADD,0.0966,0.0619,0.986316,0.991539,NS
RPL18A,-0.0844,0.0696,0.986561,0.990301,NS
LDHD,-0.0671,0.0872,0.986611,0.990301,NS
DDB1,0.0481,0.1213,0.98664,0.990301,NS
EIF4E,0.0532,0.1089,0.986758,0.990301,NS
UBE2V1,0.0538,0.1068,0.986857,0.990301,NS
ALB,-0.0743,0.0764,0.987012,0.990301,NS
CLTC,0.055,0.1028,0.987064,0.990301,NS
MGST3,0.0741,0.0762,0.98708,0.990301,NS
SARS2,0.0938,0.0602,0.987085,0.991539,NS
CRYAB,0.0545,0.1032,0.987121,0.990301,NS
TOM1L2,-0.0675,0.0828,0.987221,0.990301,NS
IDH3G,0.0519,0.1066,0.987347,0.990301,NS
PSMD8,-0.0545,0.0994,0.987602,0.990301,NS
PDLIM7,-0.0946,0.057,0.987657,0.991539,NS
ACO2,0.0465,0.1154,0.987734,0.990301,NS
NPM1,0.062,0.086,0.987795,0.990301,NS
EIF3F,0.0508,0.1039,0.987913,0.990301,NS
CARS2,-0.1232,0.0421,0.988128,0.991539,NS
CACNB3,0.0517,0.1002,0.988134,0.990301,NS
VPS35,0.049,0.1056,0.988164,0.990301,NS
RPL11,-0.075,0.0687,0.988212,0.990301,NS
LDHB,0.0623,0.082,0.988306,0.990301,NS
ATP5F1A,-0.0426,0.1188,0.988406,0.990301,NS
FBP2,0.0564,0.0894,0.988465,0.990301,NS
MDH1,0.0468,0.1074,0.988486,0.990301,NS
PFDN6,-0.0552,0.091,0.988497,0.990301,NS
CYC1,0.0569,0.0879,0.98854,0.990301,NS
SH3BGR,-0.0549,0.0908,0.988595,0.990301,NS
RAB1B,-0.0562,0.0878,0.988697,0.990301,NS
CUL1,0.0572,0.0853,0.988819,0.990301,NS
GBE1,0.0627,0.0778,0.988834,0.990301,NS
NRAP,-0.0645,0.075,0.988926,0.990301,NS
PKM,0.0437,0.1087,0.989112,0.990301,NS
BAG3,0.0628,0.0755,0.989149,0.990301,NS
RPIA,0.0663,0.0713,0.989188,0.990301,NS
RPS12,-0.0522,0.0892,0.989345,0.990301,NS
DECR1,-0.0418,0.1114,0.989349,0.990301,NS
CYB5R1,0.0483,0.0952,0.989474,0.990301,NS
PBXIP1,-0.0516,0.0885,0.98953,0.990301,NS
NFU1,0.0631,0.0722,0.989571,0.990301,NS
RPS11,0.0767,0.0586,0.989716,0.991539,NS
MCCC1,-0.0651,0.0684,0.9898,0.990301,NS
NIPSNAP3A,-0.0631,0.0704,0.989821,0.990301,NS
PPP3CA,0.046,0.0965,0.989835,0.990301,NS
ATP5F1B,-0.038,0.1156,0.98994,0.990301,NS
BIN3,-0.0768,0.0569,0.989989,0.991539,NS
DHCR24,-0.0797,0.0544,0.990065,0.991539,NS
HSD17B8,-0.062,0.0686,0.990251,0.990301,NS
CACNB1,0.0514,0.0824,0.990291,0.990301,NS
TECR,0.0675,0.0622,0.990379,0.991539,NS
RPN1,0.05,0.0832,0.990474,0.990301,NS
DMAC2L,-0.0598,0.0691,0.990519,0.990301,NS
ATP6V1A,-0.0564,0.0725,0.990629,0.990301,NS
PABPC1,-0.0498,0.082,0.990641,0.990301,NS
FBXO7,0.1048,0.0389,0.990669,0.991539,NS
BZW1,0.0713,0.0558,0.990881,0.991539,NS
PADI2,0.0498,0.079,0.990988,0.990301,NS
ATP5F1D,-0.059,0.0662,0.99104,0.990301,NS
ECH1,-0.0402,0.0973,0.99104,0.990301,NS
SRP14,0.063,0.0611,0.991181,0.991539,NS
GDI2,0.0375,0.1018,0.99124,0.990301,NS
PRKG1,-0.0663,0.057,0.991343,0.991539,NS
TRIM54,0.0608,0.0616,0.991413,0.991539,NS
UBE2D1,0.0563,0.066,0.991477,0.990301,NS
IMPA1,0.0482,0.0758,0.991619,0.990301,NS
ADIPOQ,-0.0617,0.0589,0.991679,0.991539,NS
VIM,0.0662,0.0547,0.991692,0.991539,NS
GPT,-0.0464,0.0776,0.991742,0.990301,NS
TMEM126A,0.0759,0.0473,0.991779,0.991539,NS
COX17,-0.0534,0.0662,0.991898,0.990301,NS
HSPD1,0.0384,0.0917,0.99192,0.990301,NS
IRGQ,0.0559,0.063,0.991922,0.991539,NS
APOBEC2,0.0508,0.0692,0.991936,0.990301,NS
USP5,0.0437,0.0805,0.991937,0.990301,NS
ROMO1,0.0657,0.0527,0.992052,0.991539,NS
SERPING1,0.0644,0.0535,0.992103,0.991539,NS
NDUFAF3,0.0517,0.0656,0.992211,0.990301,NS
TXNRD2,0.0669,0.0507,0.992224,0.991539,NS
UQCRFS1,-0.041,0.0804,0.992437,0.990301,NS
CCT7,0.0416,0.0788,0.99249,0.990301,NS
SNX5,-0.0464,0.0704,0.992506,0.990301,NS
RPS28,0.0625,0.0517,0.992597,0.991539,NS
AP2A1,0.0479,0.0668,0.992661,0.990301,NS
IGHA1,-0.0674,0.047,0.992729,0.991539,NS
RPL23A,-0.0524,0.0594,0.992864,0.991539,NS
MPC2,-0.0467,0.0659,0.992936,0.990301,NS
PGK1,0.0344,0.0892,0.992948,0.990301,NS
EIF3J,0.0396,0.0772,0.992983,0.990301,NS
HIBADH,0.0369,0.0822,0.993039,0.990301,NS
SGCG,-0.0528,0.0573,0.993057,0.991539,NS
HMGB1,0.0462,0.0654,0.993071,0.990301,NS
LNPK,0.0481,0.0617,0.993195,0.991539,NS
EIF2S2,0.0554,0.0535,0.993199,0.991539,NS
VTA1,0.0386,0.0766,0.993216,0.990301,NS
EIF2S1,0.0382,0.0774,0.993219,0.990301,NS
DTD1,0.0508,0.0572,0.993331,0.991539,NS
PRKAR2A,-0.0352,0.082,0.993372,0.990301,NS
PDIA6,0.0434,0.0659,0.993429,0.990301,NS
TPPP,0.0652,0.0439,0.993439,0.991539,NS
SYNPO,-0.0551,0.0519,0.993446,0.991539,NS
GPD2,-0.0383,0.074,0.99349,0.990301,NS
ACOT2,0.0357,0.0786,0.993563,0.990301,NS
TNNC2,0.0514,0.0541,0.993616,0.991539,NS
DHRS7,0.0391,0.0709,0.993626,0.990301,NS
RPS15A,-0.0397,0.0697,0.993643,0.990301,NS
S100A8,0.0748,0.0369,0.993672,0.991539,NS
PHKG1,0.0499,0.0546,0.993748,0.991539,NS
MOB4,-0.0528,0.0506,0.993866,0.991539,NS
IGLV2-11,0.0867,0.0307,0.993892,0.991539,NS
HBG2,-0.0817,0.0324,0.993931,0.991539,NS
NSFL1C,0.0314,0.0839,0.993945,0.990301,NS
CCT3,-0.0383,0.0683,0.993992,0.990301,NS
MT-ND2,-0.0518,0.0499,0.994072,0.991539,NS
PIN4,0.0455,0.0565,0.994097,0.991539,NS
GYS1,-0.0338,0.0752,0.994167,0.990301,NS
GRB2,0.034,0.0743,0.994203,0.990301,NS
ETFDH,-0.0353,0.0712,0.994236,0.990301,NS
GLRX5,0.0379,0.0663,0.994239,0.990301,NS
TNNC1,-0.0549,0.0453,0.994295,0.991539,NS
ECI1,0.0311,0.0787,0.994372,0.990301,NS
ERLIN2,-0.0414,0.0582,0.994459,0.991539,NS
PRDX6,-0.0319,0.074,0.994585,0.990301,NS
PPIF,0.0336,0.0682,0.994734,0.990301,NS
TAGLN2,-0.04,0.0569,0.99477,0.991539,NS
TPT1,-0.0344,0.0649,0.994874,0.990982,NS
ANXA3,-0.0474,0.0461,0.994985,0.991539,NS
RPS3,0.0346,0.062,0.995082,0.991539,NS
SPTAN1,0.0458,0.0464,0.995114,0.991539,NS
DAD1,0.0444,0.0476,0.995149,0.991539,NS
CCT4,0.0307,0.0684,0.99517,0.990301,NS
MMUT,0.0333,0.0631,0.995176,0.991539,NS
DNPH1,0.0488,0.043,0.995183,0.991539,NS
ST13,-0.0288,0.0716,0.995267,0.990301,NS
MRPS22,-0.0446,0.0461,0.995278,0.991539,NS
NAPA,-0.0297,0.0687,0.995306,0.990301,NS
SELENBP1,0.0368,0.054,0.995432,0.991539,NS
CYB5A,-0.0466,0.0422,0.995479,0.991539,NS
CRYZ,0.0397,0.0493,0.995506,0.991539,NS
SERBP1,0.0466,0.042,0.995508,0.991539,NS
PSMD3,0.0273,0.0706,0.995576,0.990301,NS
SLC25A24,-0.0406,0.0472,0.995595,0.991539,NS
CACYBP,-0.0361,0.0523,0.995661,0.991539,NS
ACOT13,-0.0342,0.0551,0.995671,0.991539,NS
OSBPL1A,-0.0443,0.0412,0.99581,0.991539,NS
PCBP2,-0.0285,0.0639,0.995822,0.991539,NS
GAPDH,0.0275,0.066,0.995837,0.990301,NS
RPL10,0.0471,0.0381,0.995883,0.991539,NS
LIMS1,-0.0382,0.0468,0.995897,0.991539,NS
PSMD11,0.0257,0.0689,0.995937,0.990301,NS
IARS2,-0.0289,0.0611,0.995942,0.991539,NS
EPHX1,-0.0372,0.0474,0.995947,0.991539,NS
EIF4G1,0.0322,0.0547,0.995956,0.991539,NS
PLIN5,-0.0441,0.0397,0.995976,0.991539,NS
PSMD4,-0.0286,0.0606,0.996014,0.991539,NS
PYGM,0.026,0.0664,0.996039,0.990301,NS
DNAJB4,-0.0436,0.039,0.99609,0.991539,NS
CSTB,0.0314,0.0531,0.996168,0.991539,NS
NAXD,0.032,0.0518,0.996193,0.991539,NS
ANK1,-0.052,0.0318,0.996204,0.991539,NS
PDHA1,-0.029,0.0566,0.996232,0.991539,NS
MYL6B,-0.0464,0.0351,0.996265,0.991539,NS
GNPDA1,0.0265,0.061,0.996285,0.991539,NS
UBE2I,-0.036,0.0449,0.996289,0.991539,NS
OXSM,0.0384,0.0415,0.996341,0.991539,NS
AK3,0.0322,0.0487,0.996395,0.991539,NS
UNC45B,-0.0316,0.0492,0.996424,0.991539,NS
APRT,-0.0345,0.0444,0.996481,0.991539,NS
GALK1,-0.0477,0.032,0.996485,0.991539,NS
MAT2A,-0.0311,0.049,0.996491,0.991539,NS
HADHA,0.0231,0.0645,0.996566,0.991102,NS
TFG,0.0307,0.048,0.99661,0.991539,NS
AGL,0.0259,0.0553,0.996703,0.991539,NS
CACNA1S,0.0284,0.0498,0.996753,0.991539,NS
ARF6,-0.042,0.0336,0.99676,0.991539,NS
CAMK2D,0.0265,0.053,0.996769,0.991539,NS
PPP2R5D,-0.052,0.0262,0.996865,0.995205,NS
RARS1,-0.0284,0.0479,0.996877,0.991539,NS
HYOU1,-0.0345,0.0379,0.99699,0.991539,NS
RAB18,-0.0309,0.0407,0.997103,0.991539,NS
PSMC1,0.0239,0.0514,0.997168,0.991539,NS
TXNL1,-0.0235,0.0516,0.997214,0.991539,NS
MAP1LC3B2,0.0291,0.0414,0.997224,0.991539,NS
AARS1,-0.0311,0.0382,0.997272,0.991539,NS
AP1B1,0.0515,0.0231,0.997272,0.996815,NS
ATP5F1C,0.0234,0.0506,0.997274,0.991539,NS
NAE1,-0.0296,0.0398,0.997286,0.991539,NS
ACTN1,0.0558,0.0207,0.997341,0.996815,NS
GLRX3,0.0294,0.0389,0.997371,0.991539,NS
UBE3A,-0.031,0.0367,0.997381,0.991539,NS
DPP3,-0.0258,0.0438,0.997397,0.991539,NS
CAP1,0.0342,0.0331,0.997402,0.991539,NS
PSMD10,0.0292,0.0381,0.99744,0.991539,NS
PGLS,0.028,0.0391,0.997483,0.991539,NS
PFDN2,-0.0277,0.039,0.99752,0.991539,NS
RAB14,-0.0304,0.0346,0.99758,0.991539,NS
GMPPB,-0.0366,0.0288,0.99758,0.991539,NS
ALDH7A1,0.0289,0.036,0.997608,0.991539,NS
DCTN1,-0.0241,0.0426,0.997635,0.991539,NS
HADH,-0.0241,0.042,0.997675,0.991539,NS
ME1,0.0263,0.0382,0.997684,0.991539,NS
MYOM1,-0.0345,0.0289,0.997703,0.991539,NS
DLD,0.0193,0.0512,0.997726,0.991539,NS
EIF6,0.0274,0.036,0.997732,0.991539,NS
PACSIN3,-0.0233,0.0415,0.997777,0.991539,NS
BCAP29,-0.0305,0.0304,0.997868,0.991539,NS
KLHL41,0.0261,0.0353,0.997879,0.991539,NS
TIMM44,0.0316,0.0289,0.997902,0.991539,NS
APOC2,0.0411,0.0219,0.997933,0.996815,NS
CUTC,0.0221,0.0403,0.997952,0.991539,NS
ART3,-0.0272,0.0317,0.998019,0.991539,NS
BOLA2,-0.0268,0.0319,0.998038,0.991539,NS
SURF1,-0.0266,0.0311,0.998094,0.991539,NS
IDH2,-0.0184,0.0451,0.998095,0.991539,NS
MRPS28,0.0307,0.0264,0.998131,0.995205,NS
MLEC,0.0247,0.0323,0.998162,0.991539,NS
IDE,0.0191,0.0401,0.998236,0.991539,NS
MT-ND4,-0.0264,0.0283,0.99828,0.991539,NS
LAMP2,0.0259,0.0286,0.998298,0.991539,NS
BPNT1,0.0238,0.0301,0.998348,0.991539,NS
MYLK,0.0335,0.0214,0.998349,0.996815,NS
LRPAP1,-0.0302,0.0234,0.998375,0.99668,NS
CAVIN2,0.0229,0.0307,0.998381,0.991539,NS
KRT2,0.0343,0.0202,0.998404,0.996815,NS
FDPS,0.0183,0.0378,0.998411,0.991539,NS
NARS1,0.0198,0.0346,0.998425,0.991539,NS
NACA,0.0186,0.0368,0.998428,0.991539,NS
HSPA1A,0.0168,0.0404,0.998435,0.991539,NS
ARF5,-0.0289,0.0234,0.998442,0.99668,NS
AHNAK,0.0226,0.0298,0.998453,0.991539,NS
MYO6,-0.0225,0.0297,0.998464,0.991539,NS
MMAB,0.0255,0.0248,0.998544,0.99523,NS
ATP1B1,0.0199,0.0317,0.998546,0.991539,NS
EML2,0.0205,0.0294,0.998617,0.991539,NS
FUS,0.0165,0.0355,0.998653,0.991539,NS
RPL13A,0.0277,0.0207,0.998681,0.996815,NS
PCCA,0.023,0.0248,0.99869,0.99523,NS
YWHAE,0.0179,0.0316,0.998702,0.991539,NS
PSMB1,-0.0156,0.0346,0.998759,0.991539,NS
BCAM,0.0243,0.021,0.998824,0.996815,NS
DNM2,-0.0175,0.0289,0.998835,0.991539,NS
ERP29,0.0193,0.0257,0.998857,0.99523,NS
RDH14,-0.0231,0.0211,0.998879,0.996815,NS
SIRT2,-0.0284,0.0167,0.99891,0.996815,NS
ABHD14B,0.0158,0.0297,0.998917,0.991539,NS
HINT2,0.0184,0.0255,0.998919,0.99523,NS
TF,0.0221,0.0208,0.998941,0.996815,NS
KCTD12,0.0231,0.0198,0.998947,0.996815,NS
LMNA,0.0241,0.0187,0.998963,0.996815,NS
EPHX2,0.0216,0.0202,0.998992,0.996815,NS
SUCLA2,-0.0135,0.0319,0.999012,0.991539,NS
MYL12B,0.0172,0.0237,0.999061,0.99668,NS
ANXA6,0.0119,0.0334,0.999082,0.991539,NS
MAP2K6,-0.0156,0.0247,0.99911,0.99523,NS
MICOS13,-0.0198,0.0192,0.999123,0.996815,NS
MYOZ1,-0.0308,0.012,0.999153,0.996815,NS
TMOD4,0.0222,0.0154,0.999213,0.996815,NS
AGO2,-0.0254,0.0124,0.999274,0.996815,NS
SLC25A46,0.0154,0.019,0.999325,0.996815,NS
ECHS1,0.0116,0.0252,0.999331,0.99523,NS
TSG101,-0.0153,0.0187,0.999338,0.996815,NS
THTPA,-0.0146,0.0188,0.999366,0.996815,NS
TXN2,0.0153,0.017,0.9994,0.996815,NS
ABHD11,0.0165,0.015,0.999429,0.996815,NS
PTRHD1,0.0147,0.0165,0.999442,0.996815,NS
COL6A3,0.0179,0.0133,0.99945,0.996815,NS
OPTN,-0.0185,0.0124,0.999473,0.996815,NS
PPP1CB,-0.0121,0.0187,0.99948,0.996815,NS
PFKL,-0.0145,0.0153,0.999489,0.996815,NS
RPL7A,-0.0152,0.0143,0.9995,0.996815,NS
FAM114A2,-0.0154,0.0141,0.999503,0.996815,NS
ACTN3,-0.0263,0.0081,0.999511,0.996815,NS
ASPH,-0.0167,0.0119,0.999543,0.996815,NS
SMYD1,0.0113,0.0176,0.999543,0.996815,NS
TGM2,0.0126,0.0157,0.999545,0.996815,NS
TMEM38A,0.0157,0.0121,0.999562,0.996815,NS
SPTB,0.0157,0.0116,0.999581,0.996815,NS
NIPSNAP2,-0.01,0.0168,0.999611,0.996815,NS
CKMT2,0.0099,0.0159,0.999636,0.996815,NS
DAG1,0.0113,0.0136,0.999647,0.996815,NS
HSPB7,0.0103,0.0147,0.999651,0.996815,NS
ATP2A2,0.0088,0.0168,0.999661,0.996815,NS
HIKESHI,-0.0124,0.0115,0.999671,0.996815,NS
SESN1,0.0106,0.0134,0.999672,0.996815,NS
PYURF,0.0177,0.0078,0.999681,0.996815,NS
CLIC4,-0.0119,0.0115,0.999683,0.996815,NS
COPS5,-0.008,0.0161,0.999702,0.996815,NS
RPN2,-0.009,0.0127,0.999736,0.996815,NS
IBA57,-0.0127,0.0088,0.999743,0.996815,NS
EIF5,0.0091,0.0116,0.999757,0.996815,NS
NTPCR,0.0091,0.0111,0.999767,0.996815,NS
HMGB2,0.013,0.0076,0.999772,0.996815,NS
FIS1,0.0101,0.0097,0.999774,0.996815,NS
UBE2M,0.0068,0.0137,0.999787,0.996815,NS
MRPL38,0.0121,0.0073,0.999796,0.996815,NS
FLOT1,-0.0102,0.0084,0.999802,0.996815,NS
RPS16,0.0069,0.0116,0.999816,0.996815,NS
HDDC2,-0.011,0.0069,0.999823,0.996815,NS
PSMA2,0.0075,0.0095,0.999835,0.996815,NS
NT5C3A,-0.0062,0.0114,0.999838,0.996815,NS
PPP1R2,0.0078,0.0079,0.999858,0.996815,NS
PITPNA,0.0081,0.0072,0.999866,0.996815,NS
XIRP1,-0.0077,0.0074,0.999869,0.996815,NS
ME2,-0.0078,0.007,0.999875,0.996815,NS
TRAP1,0.0051,0.0104,0.999877,0.996815,NS
FARSA,0.0083,0.0064,0.999877,0.997066,NS
TPM3,0.0085,0.0054,0.999894,0.997588,NS
TRIP10,0.0055,0.0083,0.999896,0.996815,NS
PPME1,-0.0074,0.0061,0.999897,0.997066,NS
PFDN5,0.0054,0.0068,0.999915,0.996815,NS
KIF5B,0.0045,0.008,0.999918,0.996815,NS
GYPC,0.0075,0.0041,0.999928,0.998222,NS
PDHB,-0.0037,0.0084,0.999929,0.996815,NS
HSPA5,0.0038,0.0077,0.999932,0.996815,NS
TNS1,-0.0048,0.0051,0.999944,0.997588,NS
STAC3,-0.0042,0.0048,0.999954,0.997709,NS
HK1,-0.0026,0.006,0.999964,0.997066,NS
DYNLRB1,0.003,0.0052,0.999964,0.997588,NS
IL18,-0.0041,0.0026,0.999976,0.998222,NS
COPS2,0.0024,0.0041,0.999978,0.998222,NS
PSMF1,-0.0029,0.0031,0.99998,0.998222,NS
EHBP1L1,-0.0028,0.003,0.999981,0.998222,NS
ECI2,-0.002,0.003,0.999986,0.998222,NS
ACSL3,-0.0017,0.0035,0.999986,0.998222,NS
PYGB,0.0017,0.0026,0.99999,0.998222,NS
FBLN2,0.0025,0.0015,0.999991,0.998347,NS
RNF123,-0.0014,0.0024,0.999992,0.998222,NS
AARSD1,0.0018,0.0018,0.999992,0.998347,NS
ACTR2,-0.0015,0.0019,0.999993,0.998347,NS
SPG7,0.002,0.0012,0.999995,0.998347,NS
CPA3,9e-4,8e-4,0.999998,0.998654,NS
COQ7,-8e-4,0.0014,0.999998,0.998347,NS
PCCB,-2e-4,3e-4,1,0.999229,NS
