uniprot_id,module_color,module_num,gene
A0FGR8,brown,3,ESYT2
A1L0T0,blue,2,ILVBL
A5D6W6,magenta,9,FITM1
A5YM72,black,7,CARNS1
A6NCE7,black,7,MAP1LC3B2
A6NDG6,black,7,PGP
A6NNS2,blue,2,DHRS7C
A8MU46,grey,0,SMTNL1
A8MXV4,turquoise,1,NUDT19
E9PAV3,grey,0,NACA
L0R6Q1,red,6,SLC35A4
O00151,grey,0,PDLIM1
O00159,blue,2,MYO1C
O00168,magenta,9,FXYD1
O00186,turquoise,1,STXBP3
O00217,magenta,9,NDUFS8
O00231,purple,10,PSMD11
O00232,grey,0,PSMD12
O00233,black,7,PSMD9
O00264,turquoise,1,PGRMC1
O00299,brown,3,CLIC1
O00303,red,6,EIF3F
O00330,red,6,PDHX
O00410,blue,2,IPO5
O00423,turquoise,1,EML1
O00429,blue,2,DNM1L
O00442,blue,2,RTCA
O00483,greenyellow,11,NDUFA4
O00487,grey,0,PSMD14
O00499,black,7,BIN1
O00505,blue,2,KPNA3
O00571,blue,2,DDX3X
O00629,greenyellow,11,KPNA4
O00748,grey,0,CES2
O00757,black,7,FBP2
O00763,green,5,ACACB
O00764,turquoise,1,PDXK
O14521,grey,0,SDHD
O14556,turquoise,1,GAPDHS
O14558,yellow,4,HSPB6
O14561,grey,0,NDUFAB1
O14618,purple,10,CCS
O14653,blue,2,GOSR2
O14732,grey,0,IMPA2
O14737,turquoise,1,PDCD5
O14744,turquoise,1,PRMT5
O14791,purple,10,APOL1
O14818,turquoise,1,PSMA7
O14841,grey,0,OPLAH
O14874,blue,2,BCKDK
O14880,greenyellow,11,MGST3
O14949,red,6,UQCRQ
O14950,brown,3,MYL12B
O14957,blue,2,UQCR11
O14958,grey,0,CASQ2
O14979,red,6,HNRNPDL
O14980,blue,2,XPO1
O14983,blue,2,ATP2A1
O15061,green,5,SYNM
O15143,grey,0,ARPC1B
O15144,blue,2,ARPC2
O15145,blue,2,ARPC3
O15173,greenyellow,11,PGRMC2
O15212,black,7,PFDN6
O15273,green,5,TCAP
O15305,grey,0,PMM2
O15371,blue,2,EIF3D
O15382,turquoise,1,BCAT2
O15400,yellow,4,STX7
O15498,brown,3,YKT6
O43169,yellow,4,CYB5B
O43181,magenta,9,NDUFS4
O43237,brown,3,DYNC1LI2
O43242,black,7,PSMD3
O43374,yellow,4,RASA4
O43390,green,5,HNRNPR
O43396,yellow,4,TXNL1
O43399,turquoise,1,TPD52L2
O43414,blue,2,ERI3
O43464,magenta,9,HTRA2
O43488,turquoise,1,AKR7A2
O43491,brown,3,EPB41L2
O43583,grey,0,DENR
O43598,blue,2,DNPH1
O43615,blue,2,TIMM44
O43617,turquoise,1,TRAPPC3
O43633,grey,0,CHMP2A
O43674,red,6,NDUFB5
O43676,magenta,9,NDUFB3
O43678,red,6,NDUFA2
O43707,green,5,ACTN4
O43708,grey,0,GSTZ1
O43741,greenyellow,11,PRKAB2
O43747,grey,0,AP1G1
O43760,black,7,SYNGR2
O43765,yellow,4,SGTA
O43768,green,5,ENSA
O43772,magenta,9,SLC25A20
O43776,turquoise,1,NARS1
O43813,blue,2,LANCL1
O43826,black,7,SLC37A4
O43837,pink,8,IDH3B
O43852,turquoise,1,CALU
O43865,grey,0,AHCYL1
O43920,magenta,9,NDUFS5
O60220,pink,8,TIMM8A
O60237,blue,2,PPP1R12B
O60256,blue,2,PRPSAP2
O60313,blue,2,OPA1
O60493,yellow,4,SNX3
O60506,blue,2,SYNCRIP
O60610,blue,2,DIAPH1
O60662,turquoise,1,KLHL41
O60664,turquoise,1,PLIN3
O60684,greenyellow,11,KPNA6
O60749,brown,3,SNX2
O60763,turquoise,1,USO1
O60784,blue,2,TOM1
O60825,turquoise,1,PFKFB2
O60826,magenta,9,CCDC22
O60841,green,5,EIF5B
O60884,blue,2,DNAJA2
O60888,black,7,CUTA
O60936,greenyellow,11,NOL3
O75027,blue,2,ABCB7
O75083,turquoise,1,WDR1
O75112,red,6,LDB3
O75122,pink,8,CLASP2
O75128,yellow,4,COBL
O75131,turquoise,1,CPNE3
O75153,red,6,CLUH
O75155,turquoise,1,CAND2
O75208,blue,2,COQ9
O75223,yellow,4,GGCT
O75251,greenyellow,11,NDUFS7
O75298,turquoise,1,RTN2
O75306,magenta,9,NDUFS2
O75323,pink,8,NIPSNAP2
O75340,brown,3,PDCD6
O75347,yellow,4,TBCA
O75348,turquoise,1,ATP6V1G1
O75351,turquoise,1,VPS4B
O75352,yellow,4,MPDU1
O75368,brown,3,SH3BGRL
O75369,black,7,FLNB
O75380,blue,2,NDUFS6
O75390,pink,8,CS
O75396,turquoise,1,SEC22B
O75431,blue,2,MTX2
O75436,turquoise,1,VPS26A
O75438,magenta,9,NDUFB1
O75439,blue,2,PMPCB
O75489,magenta,9,NDUFS3
O75521,pink,8,ECI2
O75531,green,5,BANF1
O75534,red,6,CSDE1
O75569,green,5,PRKRA
O75608,yellow,4,LYPLA1
O75663,blue,2,TIPRL
O75688,yellow,4,PPM1B
O75746,magenta,9,SLC25A12
O75821,greenyellow,11,EIF3G
O75822,yellow,4,EIF3J
O75832,yellow,4,PSMD10
O75874,grey,0,IDH1
O75891,red,6,ALDH1L1
O75915,blue,2,ARL6IP5
O75923,purple,10,DYSF
O75935,blue,2,DCTN3
O75947,pink,8,ATP5PD
O75955,grey,0,FLOT1
O75964,turquoise,1,ATP5MG
O76003,black,7,GLRX3
O94760,turquoise,1,DDAH1
O94811,blue,2,TPPP
O94826,blue,2,TOMM70
O94874,red,6,UFL1
O94903,blue,2,PLPBP
O94905,green,5,ERLIN2
O94919,turquoise,1,ENDOD1
O94979,grey,0,SEC31A
O95139,magenta,9,NDUFB6
O95140,turquoise,1,MFN2
O95167,red,6,NDUFA3
O95168,greenyellow,11,NDUFB4
O95169,red,6,NDUFB8
O95182,red,6,NDUFA7
O95197,yellow,4,RTN3
O95202,grey,0,LETM1
O95210,pink,8,STBD1
O95278,yellow,4,EPM2A
O95292,magenta,9,VAPB
O95298,magenta,9,NDUFC2
O95299,magenta,9,NDUFA10
O95336,brown,3,PGLS
O95359,red,6,TACC2
O95372,grey,0,LYPLA2
O95373,turquoise,1,IPO7
O95376,blue,2,ARIH2
O95433,blue,2,AHSA1
O95479,pink,8,H6PD
O95563,grey,0,MPC2
O95571,turquoise,1,ETHE1
O95573,yellow,4,ACSL3
O95747,turquoise,1,OXSR1
O95782,brown,3,AP2A1
O95810,grey,0,CAVIN2
O95817,greenyellow,11,BAG3
O95822,green,5,MLYCD
O95831,pink,8,AIFM1
O95834,green,5,EML2
O95861,yellow,4,BPNT1
O95865,brown,3,DDAH2
O95870,green,5,ABHD16A
O95881,turquoise,1,TXNDC12
O95989,yellow,4,NUDT3
O96000,red,6,NDUFB10
O96007,black,7,MOCS2
O96008,red,6,TOMM40
P00156,red,6,MT-CYB
P00167,yellow,4,CYB5A
P00325,brown,3,ADH1B
P00338,purple,10,LDHA
P00352,turquoise,1,ALDH1A1
P00367,pink,8,GLUD1
P00387,turquoise,1,CYB5R3
P00390,grey,0,GSR
P00395,blue,2,MT-CO1
P00403,red,6,MT-CO2
P00441,turquoise,1,SOD1
P00450,purple,10,CP
P00488,brown,3,F13A1
P00491,purple,10,PNP
P00492,purple,10,HPRT1
P00505,pink,8,GOT2
P00558,black,7,PGK1
P00568,purple,10,AK1
P00846,turquoise,1,MT-ATP6
P00918,purple,10,CA2
P00966,grey,0,ASS1
P01034,black,7,CST3
P01116,yellow,4,KRAS
P01591,purple,10,JCHAIN
P01889,brown,3,HLA-B
P01903,brown,3,HLA-DRA
P02144,black,7,MB
P02511,grey,0,CRYAB
P02545,green,5,LMNA
P02585,green,5,TNNC2
P02649,purple,10,APOE
P02750,blue,2,LRG1
P02751,blue,2,FN1
P02753,purple,10,RBP4
P02766,purple,10,TTR
P02775,purple,10,PPBP
P02786,grey,0,TFRC
P02788,grey,0,LTF
P02792,turquoise,1,FTL
P02794,turquoise,1,FTH1
P03886,red,6,MT-ND1
P03891,greenyellow,11,MT-ND2
P03897,turquoise,1,MT-ND3
P03905,red,6,MT-ND4
P03915,magenta,9,MT-ND5
P03928,pink,8,MT-ATP8
P03952,purple,10,KLKB1
P04040,purple,10,CAT
P04075,turquoise,1,ALDOA
P04080,yellow,4,CSTB
P04083,brown,3,ANXA1
P04179,grey,0,SOD2
P04216,brown,3,THY1
P04264,grey,0,KRT1
P04406,blue,2,GAPDH
P04439,brown,3,HLA-A
P04632,yellow,4,CAPNS1
P04792,turquoise,1,HSPB1
P04843,blue,2,RPN1
P04844,blue,2,RPN2
P04899,brown,3,GNAI2
P04921,purple,10,GYPC
P05023,turquoise,1,ATP1A1
P05026,pink,8,ATP1B1
P05090,purple,10,APOD
P05091,grey,0,ALDH2
P05109,purple,10,S100A8
P05141,greenyellow,11,SLC25A5
P05155,purple,10,SERPING1
P05164,yellow,4,MPO
P05165,pink,8,PCCA
P05166,grey,0,PCCB
P05198,yellow,4,EIF2S1
P05386,blue,2,RPLP1
P05387,red,6,RPLP2
P05388,red,6,RPLP0
P05413,yellow,4,FABP3
P05452,blue,2,CLEC3B
P05455,blue,2,SSB
P05556,brown,3,ITGB1
P05787,turquoise,1,KRT8
P05976,green,5,MYL1
P06132,black,7,UROD
P06396,brown,3,GSN
P06576,pink,8,ATP5F1B
P06702,purple,10,S100A9
P06703,brown,3,S100A6
P06730,grey,0,EIF4E
P06732,grey,0,CKM
P06733,black,7,ENO1
P06737,greenyellow,11,PYGL
P06744,black,7,GPI
P06748,blue,2,NPM1
P06753,green,5,TPM3
P07099,turquoise,1,EPHX1
P07108,turquoise,1,DBI
P07195,grey,0,LDHB
P07203,turquoise,1,GPX1
P07237,brown,3,P4HB
P07305,green,5,H1-0
P07339,blue,2,CTSD
P07355,brown,3,ANXA2
P07384,brown,3,CAPN1
P07437,brown,3,TUBB
P07451,yellow,4,CA3
P07585,brown,3,DCN
P07602,yellow,4,PSAP
P07737,turquoise,1,PFN1
P07738,purple,10,BPGM
P07741,blue,2,APRT
P07814,grey,0,EPRS1
P07858,brown,3,CTSB
P07900,turquoise,1,HSP90AA1
P07910,brown,3,HNRNPC
P07919,red,6,UQCRH
P07951,green,5,TPM2
P07954,pink,8,FH
P08123,green,5,COL1A2
P08133,brown,3,ANXA6
P08237,black,7,PFKM
P08238,grey,0,HSP90AB1
P08246,yellow,4,ELANE
P08294,grey,0,SOD3
P08311,yellow,4,CTSG
P08473,grey,0,MME
P08559,greenyellow,11,PDHA1
P08572,green,5,COL4A2
P08574,blue,2,CYC1
P08590,green,5,MYL3
P08670,brown,3,VIM
P08697,purple,10,SERPINF2
P08708,blue,2,RPS17
P08758,brown,3,ANXA5
P08865,greenyellow,11,RPSA
P08962,green,5,CD63
P09104,black,7,ENO2
P09110,pink,8,ACAA1
P09211,brown,3,GSTP1
P09382,yellow,4,LGALS1
P09417,turquoise,1,QDPR
P09429,yellow,4,HMGB1
P09467,yellow,4,FBP1
P09488,grey,0,GSTM1
P09493,green,5,TPM1
P09497,grey,0,CLTB
P09525,brown,3,ANXA4
P09622,pink,8,DLD
P09651,greenyellow,11,HNRNPA1
P09669,magenta,9,COX6C
P09874,red,6,PARP1
P09936,brown,3,UCHL1
P09960,turquoise,1,LTA4H
P09972,turquoise,1,ALDOC
P0CW19,green,5,LIMS3
P0DMV8,yellow,4,HSPA1A
P0DP23,turquoise,1,CALM1
P10155,blue,2,RO60
P10253,grey,0,GAA
P10301,yellow,4,RRAS
P10321,brown,3,HLA-C
P10515,red,6,DLAT
P10599,turquoise,1,TXN
P10606,red,6,COX5B
P10636,yellow,4,MAPT
P10644,black,7,PRKAR1A
P10768,black,7,ESD
P10809,pink,8,HSPD1
P10909,purple,10,CLU
P10916,green,5,MYL2
P11021,brown,3,HSPA5
P11047,green,5,LAMC1
P11055,green,5,MYH3
P11142,turquoise,1,HSPA8
P11166,purple,10,SLC2A1
P11171,purple,10,EPB41
P11177,pink,8,PDHB
P11182,blue,2,DBT
P11216,greenyellow,11,PYGB
P11217,magenta,9,PYGM
P11233,green,5,RALA
P11277,purple,10,SPTB
P11279,black,7,LAMP1
P11310,pink,8,ACADM
P11532,green,5,DMD
P11586,blue,2,MTHFD1
P11766,brown,3,ADH5
P11940,blue,2,PABPC1
P12081,turquoise,1,HARS1
P12109,green,5,COL6A1
P12110,green,5,COL6A2
P12111,green,5,COL6A3
P12235,greenyellow,11,SLC25A4
P12236,red,6,SLC25A6
P12268,turquoise,1,IMPDH2
P12277,turquoise,1,CKB
P12429,grey,0,ANXA3
P12694,grey,0,BCKDHA
P12814,green,5,ACTN1
P12829,green,5,MYL4
P12882,green,5,MYH1
P12883,green,5,MYH7
P12955,black,7,PEPD
P12956,turquoise,1,XRCC6
P13010,blue,2,XRCC5
P13073,red,6,COX4I1
P13164,brown,3,IFITM1
P13473,blue,2,LAMP2
P13489,brown,3,RNH1
P13533,green,5,MYH6
P13535,green,5,MYH8
P13639,black,7,EEF2
P13645,grey,0,KRT10
P13667,brown,3,PDIA4
P13693,turquoise,1,TPT1
P13716,purple,10,ALAD
P13796,brown,3,LCP1
P13797,brown,3,PLS3
P13798,black,7,APEH
P13804,pink,8,ETFA
P13805,green,5,TNNT1
P13807,pink,8,GYS1
P13861,black,7,PRKAR2A
P13929,black,7,ENO3
P13987,yellow,4,CD59
P14174,turquoise,1,MIF
P14314,brown,3,PRKCSH
P14324,black,7,FDPS
P14406,magenta,9,COX7A2
P14543,green,5,NID1
P14550,brown,3,AKR1A1
P14618,blue,2,PKM
P14621,turquoise,1,ACYP2
P14625,brown,3,HSP90B1
P14649,green,5,MYL6B
P14678,turquoise,1,SNRPB
P14735,grey,0,IDE
P14854,red,6,COX6B1
P14866,red,6,HNRNPL
P14868,turquoise,1,DARS1
P14923,grey,0,JUP
P14927,red,6,UQCRB
P15088,brown,3,CPA3
P15090,brown,3,FABP4
P15104,grey,0,GLUL
P15121,yellow,4,AKR1B1
P15170,grey,0,GSPT1
P15259,grey,0,PGAM2
P15311,black,7,EZR
P15374,yellow,4,UCHL3
P15531,turquoise,1,NME1
P15880,blue,2,RPS2
P15927,turquoise,1,RPA2
P15954,magenta,9,COX7C
P16083,grey,0,NQO2
P16118,red,6,PFKFB1
P16152,brown,3,CBR1
P16157,purple,10,ANK1
P16219,magenta,9,ACADS
P16298,grey,0,PPP3CB
P16615,grey,0,ATP2A2
P16671,blue,2,CD36
P16930,yellow,4,FAH
P16989,yellow,4,YBX3
P17152,red,6,TMEM11
P17174,pink,8,GOT1
P17540,pink,8,CKMT2
P17568,magenta,9,NDUFB7
P17612,blue,2,PRKACA
P17655,brown,3,CAPN2
P17661,green,5,DES
P17812,blue,2,CTPS1
P17858,turquoise,1,PFKL
P17931,brown,3,LGALS3
P17980,blue,2,PSMC3
P17987,turquoise,1,TCP1
P18031,yellow,4,PTPN1
P18085,yellow,4,ARF4
P18124,red,6,RPL7
P18206,yellow,4,VCL
P18621,green,5,RPL17
P18669,grey,0,PGAM1
P18859,magenta,9,ATP5PF
P19237,green,5,TNNI1
P19338,grey,0,NCL
P19367,magenta,9,HK1
P19404,magenta,9,NDUFV2
P19623,turquoise,1,SRM
P19971,blue,2,TYMP
P20042,turquoise,1,EIF2S2
P20073,black,7,ANXA7
P20231,brown,3,TPSB2
P20340,turquoise,1,RAB6A
P20472,purple,10,PVALB
P20618,turquoise,1,PSMB1
P20674,red,6,COX5A
P20774,blue,2,OGN
P20807,green,5,CAPN3
P20810,black,7,CAST
P20929,green,5,NEB
P20962,brown,3,PTMS
P21266,grey,0,GSTM3
P21281,turquoise,1,ATP6V1B2
P21291,brown,3,CSRP1
P21333,blue,2,FLNA
P21397,magenta,9,MAOA
P21399,blue,2,ACO1
P21695,black,7,GPD1
P21796,red,6,VDAC1
P21817,green,5,RYR1
P21912,grey,0,SDHB
P21926,brown,3,CD9
P21953,blue,2,BCKDHB
P21964,grey,0,COMT
P21980,blue,2,TGM2
P22033,turquoise,1,MMUT
P22059,grey,0,OSBP
P22061,yellow,4,PCMT1
P22102,black,7,GART
P22234,purple,10,PAICS
P22307,turquoise,1,SCP2
P22314,brown,3,UBA1
P22352,brown,3,GPX3
P22392,yellow,4,NME2
P22570,blue,2,FDXR
P22626,greenyellow,11,HNRNPA2B1
P22695,red,6,UQCRC2
P22830,pink,8,FECH
P23109,red,6,AMPD1
P23142,brown,3,FBLN1
P23246,grey,0,SFPQ
P23284,brown,3,PPIB
P23297,black,7,S100A1
P23327,grey,0,HRC
P23368,grey,0,ME2
P23381,grey,0,WARS1
P23396,red,6,RPS3
P23434,turquoise,1,GCSH
P23526,yellow,4,AHCY
P23528,black,7,CFL1
P23634,brown,3,ATP2B4
P23786,blue,2,CPT2
P24043,magenta,9,LAMA2
P24298,grey,0,GPT
P24310,magenta,9,COX7A1
P24534,blue,2,EEF1B2
P24539,turquoise,1,ATP5PB
P24666,turquoise,1,ACP1
P24752,pink,8,ACAT1
P25311,blue,2,AZGP1
P25325,grey,0,MPST
P25398,red,6,RPS12
P25685,green,5,DNAJB1
P25705,turquoise,1,ATP5F1A
P25786,yellow,4,PSMA1
P25787,blue,2,PSMA2
P25788,black,7,PSMA3
P25789,black,7,PSMA4
P26038,brown,3,MSN
P26196,green,5,DDX6
P26373,red,6,RPL13
P26440,grey,0,IVD
P26447,brown,3,S100A4
P26583,turquoise,1,HMGB2
P26599,blue,2,PTBP1
P26639,brown,3,TARS1
P26640,yellow,4,VARS1
P26641,yellow,4,EEF1G
P26678,pink,8,PLN
P26885,turquoise,1,FKBP2
P27105,purple,10,STOM
P27338,red,6,MAOB
P27348,brown,3,YWHAQ
P27635,green,5,RPL10
P27695,brown,3,APEX1
P27797,turquoise,1,CALR
P27816,grey,0,MAP4
P27824,brown,3,CANX
P28066,purple,10,PSMA5
P28070,purple,10,PSMB4
P28072,yellow,4,PSMB6
P28074,yellow,4,PSMB5
P28161,grey,0,GSTM2
P28289,green,5,TMOD1
P28331,magenta,9,NDUFS1
P28482,blue,2,MAPK1
P28838,brown,3,LAP3
P29144,greenyellow,11,TPP2
P29218,turquoise,1,IMPA1
P29401,brown,3,TKT
P29692,black,7,EEF1D
P29966,brown,3,MARCKS
P29972,purple,10,AQP1
P29992,brown,3,GNA11
P30038,turquoise,1,ALDH4A1
P30040,greenyellow,11,ERP29
P30041,turquoise,1,PRDX6
P30043,purple,10,BLVRB
P30044,pink,8,PRDX5
P30046,turquoise,1,DDT
P30048,pink,8,PRDX3
P30049,grey,0,ATP5F1D
P30050,magenta,9,RPL12
P30084,blue,2,ECHS1
P30085,blue,2,CMPK1
P30086,turquoise,1,PEBP1
P30101,brown,3,PDIA3
P30153,blue,2,PPP2R1A
P30405,pink,8,PPIF
P30419,blue,2,NMT1
P30520,turquoise,1,ADSS2
P30533,greenyellow,11,LRPAP1
P30536,blue,2,TSPO
P30566,blue,2,ADSL
P30622,turquoise,1,CLIP1
P30626,black,7,SRI
P30740,turquoise,1,SERPINB1
P30837,grey,0,ALDH1B1
P31040,blue,2,SDHA
P31150,grey,0,GDI1
P31153,turquoise,1,MAT2A
P31415,turquoise,1,CASQ1
P31749,grey,0,AKT1
P31751,grey,0,AKT2
P31930,red,6,UQCRC1
P31937,turquoise,1,HIBADH
P31939,blue,2,ATIC
P31942,blue,2,HNRNPH3
P31943,magenta,9,HNRNPH1
P31946,black,7,YWHAB
P31948,green,5,STIP1
P31949,brown,3,S100A11
P32119,purple,10,PRDX2
P32969,red,6,RPL9
P33121,red,6,ACSL1
P33176,grey,0,KIF5B
P34896,turquoise,1,SHMT1
P34897,blue,2,SHMT2
P34913,grey,0,EPHX2
P34932,grey,0,HSPA4
P34949,black,7,MPI
P35052,grey,0,GPC1
P35080,turquoise,1,PFN2
P35237,purple,10,SERPINB6
P35241,blue,2,RDX
P35244,grey,0,RPA3
P35268,magenta,9,RPL22
P35270,blue,2,SPR
P35542,grey,0,SAA4
P35555,green,5,FBN1
P35573,magenta,9,AGL
P35579,brown,3,MYH9
P35606,brown,3,COPB2
P35609,green,5,ACTN2
P35611,purple,10,ADD1
P35613,pink,8,BSG
P35637,grey,0,FUS
P35749,brown,3,MYH11
P35754,black,7,GLRX
P35813,yellow,4,PPM1A
P35908,turquoise,1,KRT2
P35914,red,6,HMGCL
P35998,blue,2,PSMC2
P36405,turquoise,1,ARL3
P36507,red,6,MAP2K2
P36542,grey,0,ATP5F1C
P36543,blue,2,ATP6V1E1
P36578,red,6,RPL4
P36776,turquoise,1,LONP1
P36871,yellow,4,PGM1
P36873,grey,0,PPP1CC
P36955,brown,3,SERPINF1
P36957,greenyellow,11,DLST
P36959,grey,0,GMPR
P36969,turquoise,1,GPX4
P37108,grey,0,SRP14
P37235,brown,3,HPCAL1
P37802,brown,3,TAGLN2
P37837,turquoise,1,TALDO1
P37840,purple,10,SNCA
P38117,pink,8,ETFB
P38159,blue,2,RBMX
P38606,purple,10,ATP6V1A
P38646,grey,0,HSPA9
P39019,magenta,9,RPS19
P39059,green,5,COL15A1
P39060,yellow,4,COL18A1
P39656,greenyellow,11,DDOST
P39687,brown,3,ANP32A
P40123,grey,0,CAP2
P40227,blue,2,CCT6A
P40261,brown,3,NNMT
P40429,magenta,9,RPL13A
P40616,black,7,ARL1
P40763,grey,0,STAT3
P40925,black,7,MDH1
P40926,pink,8,MDH2
P40939,blue,2,HADHA
P41091,turquoise,1,EIF2S3
P41236,grey,0,PPP1R2
P41250,blue,2,GARS1
P41252,red,6,IARS1
P41567,turquoise,1,EIF1
P42025,purple,10,ACTR1B
P42126,pink,8,ECI1
P42330,grey,0,AKR1C3
P42677,red,6,RPS27
P42704,blue,2,LRPPRC
P42765,blue,2,ACAA2
P42766,magenta,9,RPL35
P43007,pink,8,SLC1A4
P43034,yellow,4,PAFAH1B1
P43155,red,6,CRAT
P43251,purple,10,BTD
P43304,turquoise,1,GPD2
P43487,grey,0,RANBP1
P43490,pink,8,NAMPT
P43686,blue,2,PSMC4
P43897,pink,8,TSFM
P45378,green,5,TNNT3
P45381,turquoise,1,ASPA
P45877,grey,0,PPIC
P45880,red,6,VDAC2
P45954,pink,8,ACADSB
P45974,black,7,USP5
P45984,blue,2,MAPK9
P45985,blue,2,MAP2K4
P46019,greenyellow,11,PHKA2
P46020,grey,0,PHKA1
P46109,turquoise,1,CRKL
P46199,pink,8,MTIF2
P46459,turquoise,1,NSF
P46734,grey,0,MAP2K3
P46776,magenta,9,RPL27A
P46777,red,6,RPL5
P46781,greenyellow,11,RPS9
P46782,blue,2,RPS5
P46783,blue,2,RPS10
P46926,turquoise,1,GNPDA1
P46939,greenyellow,11,UTRN
P46940,brown,3,IQGAP1
P46976,grey,0,GYG1
P46977,grey,0,STT3A
P47755,green,5,CAPZA2
P47756,green,5,CAPZB
P47813,grey,0,EIF1AX
P47897,grey,0,QARS1
P47985,red,6,UQCRFS1
P48047,pink,8,ATP5PO
P48059,turquoise,1,LIMS1
P48147,black,7,PREP
P48163,turquoise,1,ME1
P48444,grey,0,ARCN1
P48449,turquoise,1,LSS
P48506,purple,10,GCLC
P48507,black,7,GCLM
P48556,grey,0,PSMD8
P48637,purple,10,GSS
P48643,black,7,CCT5
P48729,green,5,CSNK1A1
P48735,pink,8,IDH2
P48788,green,5,TNNI2
P49023,blue,2,PXN
P49137,grey,0,MAPKAPK2
P49189,black,7,ALDH9A1
P49247,black,7,RPIA
P49257,yellow,4,LMAN1
P49354,blue,2,FNTA
P49368,turquoise,1,CCT3
P49411,pink,8,TUFM
P49419,turquoise,1,ALDH7A1
P49441,blue,2,INPP1
P49458,turquoise,1,SRP9
P49588,yellow,4,AARS1
P49589,brown,3,CARS1
P49591,blue,2,SARS1
P49720,turquoise,1,PSMB3
P49721,turquoise,1,PSMB2
P49748,turquoise,1,ACADVL
P49753,pink,8,ACOT2
P49755,brown,3,TMED10
P49773,yellow,4,HINT1
P49821,magenta,9,NDUFV1
P49840,yellow,4,GSK3A
P49841,black,7,GSK3B
P49902,grey,0,NT5C2
P50213,turquoise,1,IDH3A
P50238,brown,3,CRIP1
P50395,black,7,GDI2
P50416,turquoise,1,CPT1A
P50461,yellow,4,CSRP3
P50502,yellow,4,ST13
P50570,grey,0,DNM2
P50579,green,5,METAP2
P50583,blue,2,NUDT2
P50895,greenyellow,11,BCAM
P50914,green,5,RPL14
P50990,grey,0,CCT8
P50991,grey,0,CCT4
P50993,turquoise,1,ATP1A2
P50995,blue,2,ANXA11
P51114,green,5,FXR1
P51148,turquoise,1,RAB5C
P51149,brown,3,RAB7A
P51151,yellow,4,RAB9A
P51452,turquoise,1,DUSP3
P51553,pink,8,IDH3G
P51570,blue,2,GALK1
P51572,yellow,4,BCAP31
P51636,brown,3,CAV2
P51648,blue,2,ALDH3A2
P51649,pink,8,ALDH5A1
P51659,red,6,HSD17B4
P51665,grey,0,PSMD7
P51668,yellow,4,UBE2D1
P51692,grey,0,STAT5B
P51812,yellow,4,RPS6KA3
P51858,brown,3,HDGF
P51884,brown,3,LUM
P51888,brown,3,PRELP
P51970,magenta,9,NDUFA8
P51991,green,5,HNRNPA3
P52179,green,5,MYOM1
P52209,purple,10,PGD
P52294,yellow,4,KPNA1
P52564,purple,10,MAP2K6
P52565,brown,3,ARHGDIA
P52566,brown,3,ARHGDIB
P52758,black,7,RIDA
P52788,blue,2,SMS
P52815,pink,8,MRPL12
P52888,turquoise,1,THOP1
P52895,grey,0,AKR1C2
P52907,turquoise,1,CAPZA1
P52943,brown,3,CRIP2
P53004,yellow,4,BLVRA
P53041,black,7,PPP5C
P53384,grey,0,NUBP1
P53597,pink,8,SUCLG1
P53618,blue,2,COPB1
P53621,turquoise,1,COPA
P53701,red,6,HCCS
P53778,yellow,4,MAPK12
P53814,turquoise,1,SMTN
P53985,turquoise,1,SLC16A1
P53990,blue,2,IST1
P53992,turquoise,1,SEC24C
P53999,grey,0,SUB1
P54136,turquoise,1,RARS1
P54284,grey,0,CACNB3
P54289,black,7,CACNA2D1
P54296,green,5,MYOM2
P54577,yellow,4,YARS1
P54578,grey,0,USP14
P54619,blue,2,PRKAG1
P54646,yellow,4,PRKAA2
P54652,turquoise,1,HSPA2
P54725,yellow,4,RAD23A
P54727,yellow,4,RAD23B
P54819,blue,2,AK2
P54920,black,7,NAPA
P54922,yellow,4,ADPRH
P55010,blue,2,EIF5
P55036,black,7,PSMD4
P55042,brown,3,RRAD
P55060,blue,2,CSE1L
P55072,black,7,VCP
P55083,brown,3,MFAP4
P55084,grey,0,HADHB
P55209,grey,0,NAP1L1
P55263,greenyellow,11,ADK
P55290,turquoise,1,CDH13
P55786,yellow,4,NPEPPS
P55809,turquoise,1,OXCT1
P55822,grey,0,SH3BGR
P55884,red,6,EIF3B
P56134,greenyellow,11,ATP5MF
P56181,magenta,9,NDUFV3
P56211,yellow,4,ARPP19
P56381,magenta,9,ATP5F1E
P56385,pink,8,ATP5ME
P56537,yellow,4,EIF6
P56556,turquoise,1,NDUFA6
P57105,grey,0,SYNJ2BP
P58546,turquoise,1,MTPN
P59666,brown,3,DEFA3
P59998,brown,3,ARPC4
P60033,brown,3,CD81
P60174,black,7,TPI1
P60228,grey,0,EIF3E
P60520,red,6,GABARAPL2
P60602,magenta,9,ROMO1
P60660,green,5,MYL6
P60709,green,5,ACTB
P60842,yellow,4,EIF4A1
P60866,yellow,4,RPS20
P60891,turquoise,1,PRPS1
P60900,purple,10,PSMA6
P60903,brown,3,S100A10
P60953,blue,2,CDC42
P60981,brown,3,DSTN
P60983,grey,0,GMFB
P61006,blue,2,RAB8A
P61019,turquoise,1,RAB2A
P61020,blue,2,RAB5B
P61026,blue,2,RAB10
P61077,turquoise,1,UBE2D3
P61081,turquoise,1,UBE2M
P61086,turquoise,1,UBE2K
P61088,grey,0,UBE2N
P61106,turquoise,1,RAB14
P61158,brown,3,ACTR3
P61160,brown,3,ACTR2
P61163,grey,0,ACTR1A
P61201,turquoise,1,COPS2
P61221,blue,2,ABCE1
P61224,blue,2,RAP1B
P61225,blue,2,RAP2B
P61247,greenyellow,11,RPS3A
P61289,grey,0,PSME3
P61313,green,5,RPL15
P61353,magenta,9,RPL27
P61457,black,7,PCBD1
P61513,red,6,RPL37A
P61586,yellow,4,RHOA
P61604,pink,8,HSPE1
P61626,grey,0,LYZ
P61758,grey,0,VBP1
P61769,blue,2,B2M
P61803,grey,0,DAD1
P61916,blue,2,NPC2
P61923,blue,2,COPZ1
P61925,turquoise,1,PKIA
P61956,black,7,SUMO2
P61960,brown,3,UFM1
P61970,black,7,NUTF2
P61978,brown,3,HNRNPK
P61981,black,7,YWHAG
P62070,greenyellow,11,RRAS2
P62072,pink,8,TIMM10
P62081,blue,2,RPS7
P62136,grey,0,PPP1CA
P62140,blue,2,PPP1CB
P62191,blue,2,PSMC1
P62195,grey,0,PSMC5
P62241,turquoise,1,RPS8
P62244,magenta,9,RPS15A
P62249,red,6,RPS16
P62253,blue,2,UBE2G1
P62258,black,7,YWHAE
P62263,magenta,9,RPS14
P62269,red,6,RPS18
P62277,greenyellow,11,RPS13
P62280,greenyellow,11,RPS11
P62308,red,6,SNRPG
P62318,turquoise,1,SNRPD3
P62330,turquoise,1,ARF6
P62333,turquoise,1,PSMC6
P62424,red,6,RPL7A
P62495,turquoise,1,ETF1
P62633,yellow,4,CNBP
P62701,greenyellow,11,RPS4X
P62714,grey,0,PPP2CB
P62750,red,6,RPL23A
P62753,greenyellow,11,RPS6
P62807,blue,2,H2BC4
P62820,brown,3,RAB1A
P62826,black,7,RAN
P62829,greenyellow,11,RPL23
P62834,turquoise,1,RAP1A
P62841,blue,2,RPS15
P62847,blue,2,RPS24
P62851,magenta,9,RPS25
P62854,magenta,9,RPS26
P62857,greenyellow,11,RPS28
P62873,brown,3,GNB1
P62879,blue,2,GNB2
P62888,red,6,RPL30
P62899,red,6,RPL31
P62906,red,6,RPL10A
P62910,green,5,RPL32
P62913,magenta,9,RPL11
P62937,turquoise,1,PPIA
P62942,black,7,FKBP1A
P62979,turquoise,1,RPS27A
P62993,yellow,4,GRB2
P63000,yellow,4,RAC1
P63010,grey,0,AP2B1
P63027,brown,3,VAMP2
P63098,turquoise,1,PPP3R1
P63104,blue,2,YWHAZ
P63146,yellow,4,UBE2B
P63151,yellow,4,PPP2R2A
P63167,yellow,4,DYNLL1
P63172,turquoise,1,DYNLT1
P63173,greenyellow,11,RPL38
P63208,brown,3,SKP1
P63220,magenta,9,RPS21
P63241,grey,0,EIF5A
P63244,red,6,RACK1
P63279,turquoise,1,UBE2I
P63302,grey,0,SELENOW
P63316,green,5,TNNC1
P67775,grey,0,PPP2CA
P67809,turquoise,1,YBX1
P67870,yellow,4,CSNK2B
P67936,brown,3,TPM4
P68036,blue,2,UBE2L3
P68104,black,7,EEF1A1
P68133,green,5,ACTA1
P68363,brown,3,TUBA1B
P68366,turquoise,1,TUBA4A
P68371,turquoise,1,TUBB4B
P68400,turquoise,1,CSNK2A1
P68402,turquoise,1,PAFAH1B2
P69892,yellow,4,HBG2
P78344,turquoise,1,EIF4G2
P78356,blue,2,PIP4K2B
P78371,blue,2,CCT2
P78417,turquoise,1,GSTO1
P78560,blue,2,CRADD
P82650,pink,8,MRPS22
P82909,blue,2,MRPS36
P83111,magenta,9,LACTB
P83731,greenyellow,11,RPL24
P84077,purple,10,ARF1
P84085,blue,2,ARF5
P84098,red,6,RPL19
P84103,green,5,SRSF3
P84157,brown,3,MXRA7
P84243,green,5,H3-3A
P98095,brown,3,FBLN2
P98160,green,5,HSPG2
P99999,greenyellow,11,CYCS
Q00013,purple,10,MPP1
Q00059,red,6,TFAM
Q00169,blue,2,PITPNA
Q00325,grey,0,SLC25A3
Q00577,green,5,PURA
Q00610,brown,3,CLTC
Q00688,green,5,FKBP3
Q00765,yellow,4,REEP5
Q00796,greenyellow,11,SORD
Q00839,red,6,HNRNPU
Q00872,green,5,MYBPC1
Q00G26,blue,2,PLIN5
Q01082,green,5,SPTBN1
Q01105,brown,3,SET
Q01130,yellow,4,SRSF2
Q01432,red,6,AMPD3
Q01469,turquoise,1,FABP5
Q01484,magenta,9,ANK2
Q01518,brown,3,CAP1
Q01995,brown,3,TAGLN
Q02127,grey,0,DHODH
Q02218,blue,2,OGDH
Q02252,grey,0,ALDH6A1
Q02338,red,6,BDH1
Q02543,green,5,RPL18A
Q02641,green,5,CACNB1
Q02750,blue,2,MAP2K1
Q02790,turquoise,1,FKBP4
Q02878,blue,2,RPL6
Q02952,blue,2,AKAP12
Q02978,turquoise,1,SLC25A11
Q03013,pink,8,GSTM4
Q03135,blue,2,CAV1
Q03154,pink,8,ACY1
Q03252,green,5,LMNB2
Q04323,grey,0,UBXN1
Q04446,grey,0,GBE1
Q04637,grey,0,EIF4G1
Q04759,turquoise,1,PRKCQ
Q04760,grey,0,GLO1
Q04828,grey,0,AKR1C1
Q04837,blue,2,SSBP1
Q04917,black,7,YWHAH
Q05086,yellow,4,UBE3A
Q05639,grey,0,EEF1A2
Q05682,brown,3,CALD1
Q06055,grey,0,ATP5MC2
Q06124,turquoise,1,PTPN11
Q06323,brown,3,PSME1
Q06432,green,5,CACNG1
Q06830,yellow,4,PRDX1
Q07020,red,6,RPL18
Q07021,pink,8,C1QBP
Q07699,grey,0,SCN1B
Q07960,brown,3,ARHGAP1
Q08043,green,5,ACTN3
Q08209,yellow,4,PPP3CA
Q08257,grey,0,CRYZ
Q08380,brown,3,LGALS3BP
Q08623,blue,2,PUDP
Q08752,black,7,PPID
Q09028,turquoise,1,RBBP4
Q09666,brown,3,AHNAK
Q0VAK6,grey,0,LMOD3
Q0VDG4,purple,10,SCRN3
Q0ZGT2,green,5,NEXN
Q10567,blue,2,AP1B1
Q10713,blue,2,PMPCA
Q12797,green,5,ASPH
Q12849,grey,0,GRSF1
Q12904,turquoise,1,AIMP1
Q12905,green,5,ILF2
Q12906,grey,0,ILF3
Q12907,turquoise,1,LMAN2
Q12931,grey,0,TRAP1
Q12955,grey,0,ANK3
Q12988,brown,3,HSPB3
Q13011,red,6,ECH1
Q13057,grey,0,COASY
Q13085,turquoise,1,ACACA
Q13098,turquoise,1,GPS1
Q13126,grey,0,MTAP
Q13131,black,7,PRKAA1
Q13148,blue,2,TARDBP
Q13151,green,5,HNRNPA0
Q13153,grey,0,PAK1
Q13155,turquoise,1,AIMP2
Q13162,yellow,4,PRDX4
Q13177,turquoise,1,PAK2
Q13200,turquoise,1,PSMD2
Q13203,green,5,MYBPH
Q13228,turquoise,1,SELENBP1
Q13310,greenyellow,11,PABPC4
Q13326,greenyellow,11,SGCG
Q13347,magenta,9,EIF3I
Q13363,grey,0,CTBP1
Q13404,yellow,4,UBE2V1
Q13405,blue,2,MRPL49
Q13409,yellow,4,DYNC1I2
Q13418,brown,3,ILK
Q13423,red,6,NNT
Q13424,blue,2,SNTA1
Q13425,yellow,4,SNTB2
Q13442,turquoise,1,PDAP1
Q13445,red,6,TMED1
Q13496,blue,2,MTM1
Q13505,red,6,MTX1
Q13508,green,5,ART3
Q13510,turquoise,1,ASAH1
Q13522,greenyellow,11,PPP1R1A
Q13526,blue,2,PIN1
Q13541,grey,0,EIF4EBP1
Q13554,red,6,CAMK2B
Q13555,green,5,CAMK2G
Q13557,blue,2,CAMK2D
Q13561,turquoise,1,DCTN2
Q13564,blue,2,NAE1
Q13586,green,5,STIM1
Q13616,turquoise,1,CUL1
Q13617,green,5,CUL2
Q13618,grey,0,CUL3
Q13619,blue,2,CUL4A
Q13620,blue,2,CUL4B
Q13642,yellow,4,FHL1
Q13643,grey,0,FHL3
Q13683,turquoise,1,ITGA7
Q13698,yellow,4,CACNA1S
Q13724,blue,2,MOGS
Q13813,brown,3,SPTAN1
Q13825,red,6,AUH
Q13838,turquoise,1,DDX39B
Q13867,grey,0,BLMH
Q13884,turquoise,1,SNTB1
Q13885,brown,3,TUBB2A
Q13907,grey,0,IDI1
Q13976,blue,2,PRKG1
Q14011,blue,2,CIRBP
Q14061,pink,8,COX17
Q14103,yellow,4,HNRNPD
Q14108,blue,2,SCARB2
Q14116,grey,0,IL18
Q14118,brown,3,DAG1
Q14141,turquoise,1,SEPTIN6
Q14152,red,6,EIF3A
Q14157,grey,0,UBAP2L
Q14165,greenyellow,11,MLEC
Q14195,yellow,4,DPYSL3
Q14203,yellow,4,DCTN1
Q14204,grey,0,DYNC1H1
Q14240,yellow,4,EIF4A2
Q14249,pink,8,ENDOG
Q14254,purple,10,FLOT2
Q14257,grey,0,RCN2
Q14315,black,7,FLNC
Q14324,green,5,MYBPC2
Q14353,grey,0,GAMT
Q14558,blue,2,PRPSAP1
Q14697,brown,3,GANAB
Q14738,grey,0,PPP2R5D
Q14847,brown,3,LASP1
Q14894,grey,0,CRYM
Q14914,blue,2,PTGR1
Q14974,blue,2,KPNB1
Q14BN4,yellow,4,SLMAP
Q14CB8,purple,10,ARHGAP19
Q15008,grey,0,PSMD6
Q15019,brown,3,SEPTIN2
Q15046,greenyellow,11,KARS1
Q15056,purple,10,EIF4H
Q15075,yellow,4,EEA1
Q15084,brown,3,PDIA6
Q15102,turquoise,1,PAFAH1B3
Q15119,red,6,PDK2
Q15121,blue,2,PEA15
Q15124,red,6,PGM5
Q15149,green,5,PLEC
Q15172,turquoise,1,PPP2R5A
Q15181,turquoise,1,PPA1
Q15185,turquoise,1,PTGES3
Q15208,grey,0,STK38
Q15233,turquoise,1,NONO
Q15257,turquoise,1,PTPA
Q15293,black,7,RCN1
Q15363,blue,2,TMED2
Q15365,turquoise,1,PCBP1
Q15366,yellow,4,PCBP2
Q15369,yellow,4,ELOC
Q15370,grey,0,ELOB
Q15386,grey,0,UBE3C
Q15392,yellow,4,DHCR24
Q15404,brown,3,RSU1
Q15435,turquoise,1,PPP1R7
Q15436,pink,8,SEC23A
Q15526,grey,0,SURF1
Q15555,grey,0,MAPRE2
Q15631,turquoise,1,TSN
Q15642,blue,2,TRIP10
Q15691,brown,3,MAPRE1
Q15746,turquoise,1,MYLK
Q15772,red,6,SPEG
Q15819,yellow,4,UBE2V2
Q15836,brown,3,VAMP3
Q15843,turquoise,1,NEDD8
Q15847,brown,3,ADIRF
Q15848,grey,0,ADIPOQ
Q15907,brown,3,RAB11B
Q15942,brown,3,ZYX
Q16082,yellow,4,HSPB2
Q16134,pink,8,ETFDH
Q16181,brown,3,SEPTIN7
Q16531,black,7,DDB1
Q16543,grey,0,CDC37
Q16555,brown,3,DPYSL2
Q16563,yellow,4,SYPL1
Q16576,grey,0,RBBP7
Q16585,green,5,SGCB
Q16586,grey,0,SGCA
Q16595,turquoise,1,FXN
Q16654,green,5,PDK4
Q16658,brown,3,FSCN1
Q16698,pink,8,DECR1
Q16718,blue,2,NDUFA5
Q16740,blue,2,CLPP
Q16762,turquoise,1,TST
Q16773,turquoise,1,KYAT1
Q16775,purple,10,HAGH
Q16795,blue,2,NDUFA9
Q16816,turquoise,1,PHKG1
Q16821,pink,8,PPP1R3A
Q16836,blue,2,HADH
Q16851,black,7,UGP2
Q16853,brown,3,AOC3
Q16881,yellow,4,TXNRD1
Q16890,turquoise,1,TPD52L1
Q16891,magenta,9,IMMT
Q1KMD3,grey,0,HNRNPUL2
Q2TAA2,blue,2,IAH1
Q2TBA0,turquoise,1,KLHL40
Q30154,brown,3,HLA-DRB5
Q3LXA3,grey,0,TKFC
Q3SXM5,turquoise,1,HSDL1
Q3ZCQ8,red,6,TIMM50
Q49AH0,turquoise,1,CDNF
Q49B96,red,6,COX19
Q4G0W2,turquoise,1,DUSP28
Q52LJ0,yellow,4,FAM98B
Q53EU6,grey,0,GPAT3
Q53FT3,grey,0,HIKESHI
Q53GG5,yellow,4,PDLIM3
Q53GQ0,brown,3,HSD17B12
Q53H82,turquoise,1,LACTB2
Q58WW2,grey,0,DCAF6
Q5BKX8,brown,3,CAVIN4
Q5HYK3,turquoise,1,COQ5
Q5JRX3,grey,0,PITRM1
Q5JTJ3,pink,8,COA6
Q5JWF2,yellow,4,GNAS
Q5R3I4,pink,8,TTC38
Q5RI15,red,6,COX20
Q5SQH8,grey,0,C6orf136
Q5T440,pink,8,IBA57
Q5TAQ9,green,5,DCAF8
Q5TC12,red,6,ATPAF1
Q5TDH0,purple,10,DDI2
Q5TEU4,magenta,9,NDUFAF5
Q5U5X0,turquoise,1,LYRM7
Q5VST9,green,5,OBSCN
Q5VTT5,green,5,MYOM3
Q5VVW2,red,6,GARNL3
Q5VW32,black,7,BROX
Q5VWP3,green,5,MLIP
Q5VXT5,black,7,SYPL2
Q5VYK3,blue,2,ECPAS
Q5XKP0,blue,2,MICOS13
Q5XPI4,turquoise,1,RNF123
Q69YU5,pink,8,C12orf73
Q6DKJ4,blue,2,NXN
Q6GMV3,yellow,4,PTRHD1
Q6IAA8,grey,0,LAMTOR1
Q6IAN0,grey,0,DHRS7B
Q6IBS0,blue,2,TWF2
Q6IPR1,turquoise,1,ETFRF1
Q6IQ22,turquoise,1,RAB12
Q6JBY9,grey,0,RCSD1
Q6JQN1,blue,2,ACAD10
Q6NUK1,grey,0,SLC25A24
Q6NVY1,grey,0,HIBCH
Q6NZI2,yellow,4,CAVIN1
Q6P1A2,purple,10,LPCAT3
Q6P1N9,turquoise,1,TATDN1
Q6P587,grey,0,FAHD1
Q6PI48,grey,0,DARS2
Q6QEF8,green,5,CORO6
Q6UW68,green,5,TMEM205
Q6UW78,blue,2,UQCC3
Q6UWP2,purple,10,DHRS11
Q6UXV4,magenta,9,APOOL
Q6XQN6,black,7,NAPRT
Q6YN16,pink,8,HSDL2
Q6YP21,black,7,KYAT3
Q6ZMU5,turquoise,1,TRIM72
Q6ZVM7,magenta,9,TOM1L2
Q702N8,yellow,4,XIRP1
Q709C8,brown,3,VPS13C
Q70IA6,grey,0,MOB2
Q712K3,green,5,UBE2R2
Q7KZF4,blue,2,SND1
Q7L0Y3,grey,0,TRMT10C
Q7L1Q6,turquoise,1,BZW1
Q7L2H7,blue,2,EIF3M
Q7L5N1,yellow,4,COPS6
Q7LBR1,yellow,4,CHMP1B
Q7Z3D6,grey,0,DGLUCY
Q7Z406,green,5,MYH14
Q7Z434,magenta,9,MAVS
Q7Z4H3,grey,0,HDDC2
Q7Z4W1,grey,0,DCXR
Q7Z6Z7,grey,0,HUWE1
Q7Z7F7,brown,3,MRPL55
Q86SX6,grey,0,GLRX5
Q86TC9,green,5,MYPN
Q86TD4,turquoise,1,SRL
Q86TP1,purple,10,PRUNE1
Q86TX2,grey,0,ACOT1
Q86U28,pink,8,ISCA2
Q86UT6,red,6,NLRX1
Q86UX7,grey,0,FERMT3
Q86V88,yellow,4,MDP1
Q86VF7,grey,0,NRAP
Q86VP6,turquoise,1,CAND1
Q86VS8,blue,2,HOOK3
Q86VU5,blue,2,COMTD1
Q86WU2,pink,8,LDHD
Q86X55,purple,10,CARM1
Q86X76,turquoise,1,NIT1
Q86Y39,red,6,NDUFA11
Q86YB7,red,6,ECHDC2
Q8IUZ5,turquoise,1,PHYKPL
Q8IVN3,grey,0,MUSTN1
Q8IW45,pink,8,NAXD
Q8IWA5,purple,10,SLC44A2
Q8IWW8,turquoise,1,ADHFE1
Q8IWX7,black,7,UNC45B
Q8IXJ6,greenyellow,11,SIRT2
Q8IXM3,blue,2,MRPL41
Q8IYS1,brown,3,PM20D2
Q8IYU8,grey,0,MICU2
Q8IZ83,blue,2,ALDH16A1
Q8N0U8,blue,2,VKORC1L1
Q8N0X4,grey,0,CLYBL
Q8N142,blue,2,ADSS1
Q8N1G4,turquoise,1,LRRC47
Q8N335,turquoise,1,GPD1L
Q8N3D4,yellow,4,EHBP1L1
Q8N3L3,black,7,TXLNB
Q8N3V7,green,5,SYNPO
Q8N4T8,pink,8,CBR4
Q8N5G0,red,6,SMIM20
Q8N5K1,black,7,CISD2
Q8N5M1,red,6,ATPAF2
Q8N5M9,turquoise,1,JAGN1
Q8N6M3,turquoise,1,FITM2
Q8N766,blue,2,EMC1
Q8N8N7,grey,0,PTGR2
Q8NB12,green,5,SMYD1
Q8NBF2,grey,0,NHLRC2
Q8NBN7,pink,8,RDH13
Q8NBU5,magenta,9,ATAD1
Q8NBX0,blue,2,SCCPDH
Q8NC51,greenyellow,11,SERBP1
Q8NCA5,red,6,FAM98A
Q8NCN5,pink,8,PDPR
Q8NCW5,black,7,NAXE
Q8NDH3,grey,0,NPEPL1
Q8NDY3,yellow,4,ADPRHL1
Q8NE62,grey,0,CHDH
Q8NE71,greenyellow,11,ABCF1
Q8NE86,red,6,MCU
Q8NFV4,red,6,ABHD11
Q8NHH9,blue,2,ATL2
Q8NI37,red,6,PPTC7
Q8NI60,turquoise,1,COQ8A
Q8TAT6,blue,2,NPLOC4
Q8TB37,blue,2,NUBPL
Q8TB45,grey,0,DEPTOR
Q8TBC4,turquoise,1,UBA3
Q8TBQ9,black,7,TMEM167A
Q8TC12,brown,3,RDH11
Q8TCA0,yellow,4,LRRC20
Q8TCD5,blue,2,NT5C
Q8TCJ2,brown,3,STT3B
Q8TCS8,pink,8,PNPT1
Q8TCT8,green,5,SPPL2A
Q8TDC0,green,5,MYOZ3
Q8TDX7,turquoise,1,NEK7
Q8TEA8,yellow,4,DTD1
Q8WTS6,yellow,4,SETD7
Q8WUD1,yellow,4,RAB2B
Q8WUM4,grey,0,PDCD6IP
Q8WVI0,red,6,SMIM4
Q8WVM8,black,7,SCFD1
Q8WW22,turquoise,1,DNAJA4
Q8WW59,grey,0,SPRYD4
Q8WWV3,turquoise,1,RTN4IP1
Q8WXH0,grey,0,SYNE2
Q8WY91,black,7,THAP4
Q8WYQ3,grey,0,CHCHD10
Q8WZ42,green,5,TTN
Q8WZA0,turquoise,1,LZIC
Q8WZA9,brown,3,IRGQ
Q92499,magenta,9,DDX1
Q92506,pink,8,HSD17B8
Q92523,magenta,9,CPT1B
Q92530,turquoise,1,PSMF1
Q92552,grey,0,MRPS27
Q92598,grey,0,HSPH1
Q92614,green,5,MYO18A
Q92616,blue,2,GCN1
Q92629,yellow,4,SGCD
Q92696,black,7,RABGGTA
Q92734,yellow,4,TFG
Q92841,greenyellow,11,DDX17
Q92882,blue,2,OSTF1
Q92890,turquoise,1,UFD1
Q92905,black,7,COPS5
Q92947,red,6,GCDH
Q92973,yellow,4,TNPO1
Q93008,blue,2,USP9X
Q93034,blue,2,CUL5
Q93052,brown,3,LPP
Q93084,turquoise,1,ATP2A3
Q93100,pink,8,PHKB
Q969Q5,blue,2,RAB24
Q969X5,purple,10,ERGIC1
Q969Z3,purple,10,MTARC2
Q96A26,greenyellow,11,FAM162A
Q96AB3,blue,2,ISOC2
Q96AC1,blue,2,FERMT2
Q96AE4,yellow,4,FUBP1
Q96AG3,red,6,SLC25A46
Q96AN5,red,6,TMEM143
Q96AQ6,blue,2,PBXIP1
Q96BM9,grey,0,ARL8A
Q96C00,grey,0,ZBTB9
Q96C01,red,6,FAM136A
Q96C11,purple,10,FGGY
Q96C23,blue,2,GALM
Q96C90,blue,2,PPP1R14B
Q96CM8,red,6,ACSF2
Q96CN7,turquoise,1,ISOC1
Q96CT7,grey,0,CCDC124
Q96CV9,blue,2,OPTN
Q96CW1,brown,3,AP2M1
Q96CX2,brown,3,KCTD12
Q96DA6,greenyellow,11,DNAJC19
Q96DB5,grey,0,RMDN1
Q96DC8,pink,8,ECHDC3
Q96DE0,grey,0,NUDT16
Q96DG6,black,7,CMBL
Q96DH6,red,6,MSI2
Q96DV4,red,6,MRPL38
Q96EY1,red,6,DNAJA3
Q96EY7,blue,2,PTCD3
Q96EY8,grey,0,MMAB
Q96FJ2,black,7,DYNLL2
Q96FQ6,brown,3,S100A16
Q96FV2,blue,2,SCRN2
Q96FW1,yellow,4,OTUB1
Q96FZ7,yellow,4,CHMP6
Q96GG9,blue,2,DCUN1D1
Q96GK7,pink,8,FAHD2A
Q96GX9,greenyellow,11,APIP
Q96HC4,green,5,PDLIM5
Q96HE7,grey,0,ERO1A
Q96HN2,turquoise,1,AHCYL2
Q96HY7,blue,2,DHTKD1
Q96I23,blue,2,PYURF
Q96I99,grey,0,SUCLG2
Q96IU4,turquoise,1,ABHD14B
Q96IV0,turquoise,1,NGLY1
Q96JJ7,turquoise,1,TMX3
Q96K17,grey,0,BTF3L4
Q96K76,greenyellow,11,USP47
Q96KP4,brown,3,CNDP2
Q96L96,black,7,ALPK3
Q96MF2,grey,0,STAC3
Q96MF6,blue,2,COQ10A
Q96MG2,yellow,4,JSRP1
Q96MW1,grey,0,CCDC43
Q96NY7,grey,0,CLIC6
Q96PE7,blue,2,MCEE
Q96PU8,brown,3,QKI
Q96Q06,magenta,9,PLIN4
Q96QK1,brown,3,VPS35
Q96RP9,grey,0,GFM1
Q96RQ3,blue,2,MCCC1
Q96S19,grey,0,METTL26
Q96S66,grey,0,CLCC1
Q99426,grey,0,TBCB
Q99436,black,7,PSMB7
Q99447,pink,8,PCYT2
Q99460,blue,2,PSMD1
Q99471,blue,2,PFDN5
Q99497,black,7,PARK7
Q99504,yellow,4,EYA3
Q99536,brown,3,VAT1
Q99541,grey,0,PLIN2
Q99584,brown,3,S100A13
Q99598,blue,2,TSNAX
Q99613,red,6,EIF3C
Q99623,red,6,PHB2
Q99627,turquoise,1,COPS8
Q99643,grey,0,SDHC
Q99653,grey,0,CHP1
Q99685,blue,2,MGLL
Q99714,pink,8,HSD17B10
Q99733,purple,10,NAP1L4
Q99735,magenta,9,MGST2
Q99757,blue,2,TXN2
Q99766,pink,8,DMAC2L
Q99798,pink,8,ACO2
Q99807,yellow,4,COQ7
Q99816,yellow,4,TSG101
Q99829,blue,2,CPNE1
Q99832,blue,2,CCT7
Q99873,turquoise,1,PRMT1
Q9BPX5,greenyellow,11,ARPC5L
Q9BQ69,turquoise,1,MACROD1
Q9BQA1,turquoise,1,WDR77
Q9BQS8,grey,0,FYCO1
Q9BR39,blue,2,JPH2
Q9BRA2,yellow,4,TXNDC17
Q9BRC7,black,7,PLCD4
Q9BRF8,blue,2,CPPED1
Q9BRT3,black,7,MIEN1
Q9BRX8,turquoise,1,PRXL2A
Q9BS26,turquoise,1,ERP44
Q9BS40,purple,10,LXN
Q9BS92,blue,2,NIPSNAP3B
Q9BSD7,grey,0,NTPCR
Q9BSE5,green,5,AGMAT
Q9BSH4,greenyellow,11,TACO1
Q9BSJ8,grey,0,ESYT1
Q9BSL1,grey,0,UBAC1
Q9BT78,turquoise,1,COPS4
Q9BTE6,turquoise,1,AARSD1
Q9BTT0,blue,2,ANP32E
Q9BTV4,yellow,4,TMEM43
Q9BTZ2,grey,0,DHRS4
Q9BU02,yellow,4,THTPA
Q9BU61,grey,0,NDUFAF3
Q9BUF5,brown,3,TUBB6
Q9BUJ2,purple,10,HNRNPUL1
Q9BUK0,pink,8,CHCHD7
Q9BUR5,turquoise,1,APOO
Q9BUT1,grey,0,BDH2
Q9BV68,brown,3,RNF126
Q9BV79,magenta,9,MECR
Q9BV86,black,7,NTMT1
Q9BVC6,turquoise,1,TMEM109
Q9BVG4,grey,0,PBDC1
Q9BVK6,brown,3,TMED9
Q9BVV7,magenta,9,TIMM21
Q9BW30,brown,3,TPPP3
Q9BWH2,blue,2,FUNDC2
Q9BX68,pink,8,HINT2
Q9BXB4,turquoise,1,OSBPL11
Q9BXI3,black,7,NT5C1A
Q9BXK5,pink,8,BCL2L13
Q9BXN1,brown,3,ASPN
Q9BXT2,black,7,CACNG6
Q9BXW6,blue,2,OSBPL1A
Q9BXW7,blue,2,HDHD5
Q9BY44,grey,0,EIF2A
Q9BYD1,blue,2,MRPL13
Q9BYD2,blue,2,MRPL9
Q9BYD6,grey,0,MRPL1
Q9BYT8,blue,2,NLN
Q9BYV2,blue,2,TRIM54
Q9BZE1,red,6,MRPL37
Q9BZL1,green,5,UBL5
Q9BZQ8,greenyellow,11,NIBAN1
Q9BZV1,green,5,UBXN6
Q9BZZ5,red,6,API5
Q9C0C9,magenta,9,UBE2O
Q9C0E8,turquoise,1,LNPK
Q9GZP4,purple,10,PITHD1
Q9GZT3,red,6,SLIRP
Q9GZT8,turquoise,1,NIF3L1
Q9GZV1,yellow,4,ANKRD2
Q9GZZ1,turquoise,1,NAA50
Q9H061,blue,2,TMEM126A
Q9H074,yellow,4,PAIP1
Q9H0E2,turquoise,1,TOLLIP
Q9H0N5,yellow,4,PCBD2
Q9H0P0,black,7,NT5C3A
Q9H0R4,grey,0,HDHD2
Q9H0U4,turquoise,1,RAB1B
Q9H0W9,turquoise,1,C11orf54
Q9H0Z9,turquoise,1,RBM38
Q9H1C7,yellow,4,CYSTM1
Q9H1E5,yellow,4,TMX4
Q9H1K1,blue,2,ISCU
Q9H1R3,grey,0,MYLK2
Q9H223,grey,0,EHD4
Q9H299,brown,3,SH3BGRL3
Q9H2G2,black,7,SLK
Q9H2H8,yellow,4,PPIL3
Q9H2J4,turquoise,1,PDCL3
Q9H2U2,yellow,4,PPA2
Q9H2W6,greenyellow,11,MRPL46
Q9H3H3,grey,0,C11orf68
Q9H3K2,red,6,GHITM
Q9H3K6,grey,0,BOLA2
Q9H3N1,brown,3,TMX1
Q9H444,yellow,4,CHMP4B
Q9H446,brown,3,RWDD1
Q9H477,blue,2,RBKS
Q9H479,grey,0,FN3K
Q9H488,grey,0,POFUT1
Q9H4A4,turquoise,1,RNPEP
Q9H4M9,brown,3,EHD1
Q9H6F2,blue,2,TMEM38A
Q9H6K4,pink,8,OPA3
Q9H7C4,yellow,4,SYNC
Q9H7C9,yellow,4,AAMDC
Q9H7Z7,pink,8,PTGES2
Q9H845,grey,0,ACAD9
Q9H8H3,green,5,METTL7A
Q9H8M1,greenyellow,11,COQ10B
Q9H8Y8,brown,3,GORASP2
Q9H910,yellow,4,JPT2
Q9H987,green,5,SYNPO2L
Q9H993,turquoise,1,ARMT1
Q9H9B4,grey,0,SFXN1
Q9H9J2,blue,2,MRPL44
Q9H9P8,grey,0,L2HGDH
Q9H9S4,turquoise,1,CAB39L
Q9HA65,turquoise,1,TBC1D17
Q9HA77,red,6,CARS2
Q9HAB8,grey,0,PPCS
Q9HB71,grey,0,CACYBP
Q9HB90,grey,0,RRAGC
Q9HBH5,blue,2,RDH14
Q9HBI1,blue,2,PARVB
Q9HBL0,green,5,TNS1
Q9HBL7,red,6,PLGRKT
Q9HC38,black,7,GLOD4
Q9HCC0,red,6,MCCC2
Q9HCP6,green,5,HHATL
Q9HCU5,green,5,PREB
Q9HD33,grey,0,MRPL47
Q9HDC5,green,5,JPH1
Q9HDC9,blue,2,APMAP
Q9NNW7,black,7,TXNRD2
Q9NP72,turquoise,1,RAB18
Q9NP74,grey,0,PALMD
Q9NP79,grey,0,VTA1
Q9NP81,pink,8,SARS2
Q9NP97,greenyellow,11,DYNLRB1
Q9NP98,green,5,MYOZ1
Q9NPH2,brown,3,ISYNA1
Q9NPJ3,blue,2,ACOT13
Q9NPL8,blue,2,TIMMDC1
Q9NPQ8,blue,2,RIC8A
Q9NQ50,blue,2,MRPL40
Q9NQ88,brown,3,TIGAR
Q9NQC3,blue,2,RTN4
Q9NQE9,turquoise,1,HINT3
Q9NQP4,black,7,PFDN4
Q9NQR4,grey,0,NIT2
Q9NQW7,yellow,4,XPNPEP1
Q9NQX3,grey,0,GPHN
Q9NQY0,yellow,4,BIN3
Q9NR12,green,5,PDLIM7
Q9NR19,red,6,ACSS2
Q9NR28,pink,8,DIABLO
Q9NR31,turquoise,1,SAR1A
Q9NR45,brown,3,NANS
Q9NR56,blue,2,MBNL1
Q9NRG4,green,5,SMYD2
Q9NRG7,blue,2,SDR39U1
Q9NRP0,grey,0,OSTC
Q9NRV9,grey,0,HEBP1
Q9NRX4,yellow,4,PHPT1
Q9NRY5,grey,0,FAM114A2
Q9NS69,red,6,TOMM22
Q9NS86,purple,10,LANCL2
Q9NSD9,red,6,FARSB
Q9NSE4,pink,8,IARS2
Q9NSK7,pink,8,C19orf12
Q9NT62,turquoise,1,ATG3
Q9NTG7,blue,2,SIRT3
Q9NTJ4,greenyellow,11,MAN2C1
Q9NTK5,blue,2,OLA1
Q9NTM9,yellow,4,CUTC
Q9NTX5,blue,2,ECHDC1
Q9NUJ1,blue,2,ABHD10
Q9NUQ8,grey,0,ABCF3
Q9NUU7,turquoise,1,DDX19A
Q9NVA2,blue,2,SEPTIN11
Q9NVD7,greenyellow,11,PARVA
Q9NVE7,turquoise,1,PANK4
Q9NVH6,red,6,TMLHE
Q9NVI7,red,6,ATAD3A
Q9NVJ2,yellow,4,ARL8B
Q9NVS9,yellow,4,PNPO
Q9NWU1,red,6,OXSM
Q9NWU5,magenta,9,MRPL22
Q9NWV4,turquoise,1,CZIB
Q9NX14,red,6,NDUFB11
Q9NX40,magenta,9,OCIAD1
Q9NX63,magenta,9,CHCHD3
Q9NXA8,pink,8,SIRT5
Q9NXJ5,black,7,PGPEP1
Q9NY33,black,7,DPP3
Q9NY65,turquoise,1,TUBA8
Q9NYL2,turquoise,1,MAP3K20
Q9NYU2,brown,3,UGGT1
Q9NZ01,green,5,TECR
Q9NZ08,black,7,ERAP1
Q9NZ45,pink,8,CISD1
Q9NZA1,turquoise,1,CLIC5
Q9NZJ6,turquoise,1,COQ3
Q9NZL4,red,6,HSPBP1
Q9NZL9,turquoise,1,MAT2B
Q9NZM1,grey,0,MYOF
Q9NZN4,blue,2,EHD2
Q9NZQ9,green,5,TMOD4
Q9NZU5,yellow,4,LMCD1
Q9P003,greenyellow,11,CNIH4
Q9P032,pink,8,NDUFAF4
Q9P0J0,magenta,9,NDUFA13
Q9P0J1,grey,0,PDP1
Q9P0L0,turquoise,1,VAPA
Q9P0P8,pink,8,MTRES1
Q9P0S9,blue,2,TMEM14C
Q9P0U1,blue,2,TOMM7
Q9P2J5,grey,0,LARS1
Q9P2R7,pink,8,SUCLA2
Q9UBB4,blue,2,ATXN10
Q9UBC2,turquoise,1,EPS15L1
Q9UBF6,yellow,4,RNF7
Q9UBF9,green,5,MYOT
Q9UBG0,turquoise,1,MRC2
Q9UBI6,brown,3,GNG12
Q9UBQ0,grey,0,VPS29
Q9UBQ5,turquoise,1,EIF3K
Q9UBQ7,black,7,GRHPR
Q9UBT2,brown,3,UBA2
Q9UBW8,yellow,4,COPS7A
Q9UBX5,brown,3,FBLN5
Q9UBY9,grey,0,HSPB7
Q9UDT6,turquoise,1,CLIP2
Q9UDW1,greenyellow,11,UQCR10
Q9UDX5,grey,0,MTFP1
Q9UDY4,green,5,DNAJB4
Q9UFN0,grey,0,NIPSNAP3A
Q9UG63,green,5,ABCF2
Q9UHA4,purple,10,LAMTOR3
Q9UHD1,blue,2,CHORDC1
Q9UHD8,brown,3,SEPTIN9
Q9UHG3,turquoise,1,PCYOX1
Q9UHP9,turquoise,1,SMPX
Q9UHQ4,grey,0,BCAP29
Q9UHQ9,black,7,CYB5R1
Q9UHV9,turquoise,1,PFDN2
Q9UHY7,black,7,ENOPH1
Q9UI09,red,6,NDUFA12
Q9UI12,blue,2,ATP6V1H
Q9UI30,black,7,TRMT112
Q9UIA9,turquoise,1,XPO7
Q9UIC8,turquoise,1,LCMT1
Q9UIJ7,pink,8,AK3
Q9UIQ6,blue,2,LNPEP
Q9UJ70,brown,3,NAGK
Q9UJS0,red,6,SLC25A13
Q9UJW0,turquoise,1,DCTN4
Q9UJY1,red,6,HSPB8
Q9UJZ1,magenta,9,STOML2
Q9UKG1,yellow,4,APPL1
Q9UKS6,grey,0,PACSIN3
Q9UKU7,turquoise,1,ACAD8
Q9UKV8,green,5,AGO2
Q9UKX2,green,5,MYH2
Q9UKX3,green,5,MYH13
Q9UKY7,grey,0,CDV3
Q9UL25,blue,2,RAB21
Q9UL46,blue,2,PSME2
Q9ULA0,grey,0,DNPEP
Q9ULC4,blue,2,MCTS1
Q9ULT8,green,5,HECTD1
Q9ULX7,grey,0,CA14
Q9UM00,turquoise,1,TMCO1
Q9UM22,turquoise,1,EPDR1
Q9UM54,pink,8,MYO6
Q9UMR2,black,7,DDX19B
Q9UMS0,turquoise,1,NFU1
Q9UMS6,green,5,SYNPO2
Q9UMX0,turquoise,1,UBQLN1
Q9UN36,grey,0,NDRG2
Q9UN37,turquoise,1,VPS4A
Q9UNE7,yellow,4,STUB1
Q9UNM6,blue,2,PSMD13
Q9UNS2,turquoise,1,COPS3
Q9UNZ2,black,7,NSFL1C
Q9UPR0,yellow,4,PLCL2
Q9UPY8,black,7,MAPRE3
Q9UQ13,grey,0,SHOC2
Q9UQ80,green,5,PA2G4
Q9UQ90,pink,8,SPG7
Q9UQM7,green,5,CAMK2A
Q9Y224,grey,0,RTRAF
Q9Y230,turquoise,1,RUVBL2
Q9Y235,red,6,APOBEC2
Q9Y237,yellow,4,PIN4
Q9Y241,blue,2,HIGD1A
Q9Y262,green,5,EIF3L
Q9Y263,blue,2,PLAA
Q9Y265,black,7,RUVBL1
Q9Y266,turquoise,1,NUDC
Q9Y276,blue,2,BCS1L
Q9Y277,magenta,9,VDAC3
Q9Y281,yellow,4,CFL2
Q9Y285,blue,2,FARSA
Q9Y295,blue,2,DRG1
Q9Y2B0,turquoise,1,CNPY2
Q9Y2H1,grey,0,STK38L
Q9Y2J8,brown,3,PADI2
Q9Y2Q3,pink,8,GSTK1
Q9Y2Q5,brown,3,LAMTOR2
Q9Y2Q9,red,6,MRPS28
Q9Y2R0,turquoise,1,COA3
Q9Y2R5,purple,10,MRPS17
Q9Y2S7,greenyellow,11,POLDIP2
Q9Y2Z0,grey,0,SUGT1
Q9Y2Z9,blue,2,COQ6
Q9Y305,blue,2,ACOT9
Q9Y316,brown,3,MEMO1
Q9Y333,blue,2,LSM2
Q9Y371,yellow,4,SH3GLB1
Q9Y376,blue,2,CAB39
Q9Y394,black,7,DHRS7
Q9Y3A3,turquoise,1,MOB4
Q9Y3A5,black,7,SBDS
Q9Y3A6,green,5,TMED5
Q9Y3C4,turquoise,1,TPRKB
Q9Y3C6,turquoise,1,PPIL1
Q9Y3D2,magenta,9,MSRB2
Q9Y3D3,pink,8,MRPS16
Q9Y3D6,blue,2,FIS1
Q9Y3D9,red,6,MRPS23
Q9Y3F4,turquoise,1,STRAP
Q9Y3I0,magenta,9,RTCB
Q9Y3I1,blue,2,FBXO7
Q9Y3U8,green,5,RPL36
Q9Y450,turquoise,1,HBS1L
Q9Y490,brown,3,TLN1
Q9Y4E8,turquoise,1,USP15
Q9Y4G6,turquoise,1,TLN2
Q9Y4J8,red,6,DTNA
Q9Y4L1,blue,2,HYOU1
Q9Y4W6,pink,8,AFG3L2
Q9Y4Z0,red,6,LSM4
Q9Y508,grey,0,RNF114
Q9Y512,red,6,SAMM50
Q9Y570,turquoise,1,PPME1
Q9Y5J7,greenyellow,11,TIMM9
Q9Y5K5,turquoise,1,UCHL5
Q9Y5L0,grey,0,TNPO3
Q9Y5L4,turquoise,1,TIMM13
Q9Y5M8,turquoise,1,SRPRB
Q9Y5P6,grey,0,GMPPB
Q9Y5U8,blue,2,MPC1
Q9Y5X3,red,6,SNX5
Q9Y5Y2,blue,2,NUBP2
Q9Y5Z4,yellow,4,HEBP2
Q9Y613,magenta,9,FHOD1
Q9Y623,green,5,MYH4
Q9Y676,purple,10,MRPS18B
Q9Y696,brown,3,CLIC4
Q9Y6A9,grey,0,SPCS1
Q9Y6B6,blue,2,SAR1B
Q9Y6C9,red,6,MTCH2
Q9Y6E2,turquoise,1,BZW2
Q9Y6G9,grey,0,DYNC1LI1
Q9Y6H1,turquoise,1,CHCHD2
Q9Y6M9,red,6,NDUFB9
Q9Y6N5,pink,8,SQOR
Q9Y6P5,red,6,SESN1
