gene,logFC,neg_log10_p,pi_score,adj_pval,direction
ILF3,1.4364,4.1539,1e-6,0.080568,Up
PM20D2,1.6098,3.0902,1.1e-5,0.304834,Up
RRAD,1.8441,2.5237,2.2e-5,0.309866,Up
GPC1,2.0778,2.1855,2.9e-5,0.337691,Up
RO60,2.3901,1.6879,9.2e-5,0.392704,Up
HNRNPUL2,1.5634,2.4958,1.25e-4,0.309866,Up
OSTF1,2.2873,1.6701,1.51e-4,0.399156,Up
MAP1LC3B2,0.9169,4.066,1.87e-4,0.080568,Up
TPRKB,-1.584,2.3247,2.08e-4,0.336378,Down
SYNE2,1.9681,1.7959,2.92e-4,0.375189,Up
ARHGAP1,1.223,2.8155,3.6e-4,0.309866,Up
TPPP3,1.7529,1.7784,7.63e-4,0.377711,Up
PTPN1,1.3908,2.0578,0.001374,0.34489,Up
NUBP2,1.4315,1.9629,0.001549,0.351177,Up
HLA-C,-1.7794,1.5445,0.001785,0.399156,Down
SYNCRIP,0.7352,3.6988,0.001908,0.125128,Up
FERMT3,2.1224,1.2389,0.002347,0.489073,Up
HNRNPA3,1.1341,2.1908,0.003277,0.337691,Up
ARL1,1.4137,1.7406,0.003461,0.377711,Up
RPS20,0.8612,2.789,0.003964,0.309866,Up
MYO18A,0.9735,2.4598,0.00403,0.309866,Up
HNRNPR,0.729,3.2586,0.004214,0.258596,Up
CD81,-1.0614,2.2099,0.004512,0.337691,Down
TMEM167A,1.0549,2.1854,0.004949,0.337691,Up
PHKG1,-0.9283,2.4739,0.005053,0.309866,Down
CHCHD10,-1.1004,2.0759,0.005196,0.34489,Down
FSCN1,1.0734,2.0543,0.006235,0.34489,Up
RPA2,0.911,2.3941,0.006591,0.315456,Up
NCL,0.7401,2.9461,0.0066,0.309866,Up
ARHGDIB,1.4842,1.4523,0.006991,0.427176,Up
PNPT1,-0.8634,2.4054,0.008381,0.315456,Down
APMAP,0.9385,2.1904,0.008794,0.337691,Up
FTL,1.2882,1.5408,0.010354,0.399156,Up
PPP2R5D,1.212,1.5932,0.011726,0.399156,Up
MLEC,-0.7519,2.556,0.01197,0.309866,Down
DHCR24,1.2717,1.5057,0.012169,0.409436,Up
PADI2,0.7164,2.6693,0.012237,0.309866,Up
CACNG1,-0.8666,2.1765,0.012994,0.337691,Down
DNAJB4,0.9209,1.9939,0.014586,0.351177,Up
HMGCL,-0.711,2.5511,0.01535,0.309866,Down
DUSP28,-0.9005,1.9895,0.016159,0.351177,Down
MAP2K6,-0.654,2.7104,0.016885,0.309866,Down
ARPC2,0.9121,1.9003,0.018483,0.363055,Up
POFUT1,-1.3734,1.2514,0.01911,0.489073,Down
ACAD10,-0.947,1.8017,0.019673,0.375189,Down
NLN,1.7212,0.9848,0.020186,0.579848,Up
S100A13,1.0661,1.5897,0.020193,0.399156,Up
RPL7A,0.8728,1.9365,0.020408,0.355995,Up
RPL12,0.8514,1.9774,0.020728,0.351177,Up
RPLP1,0.8944,1.8703,0.021237,0.366803,Up
RPL7,0.7816,2.1251,0.021831,0.338005,Up
PLIN4,-0.6427,2.5793,0.021995,0.309866,Down
ATPAF2,-0.7882,2.0754,0.023131,0.34489,Down
ALPK3,1.0152,1.5959,0.023984,0.399156,Up
H2BC4,1.0406,1.5527,0.024224,0.399156,Up
UBA3,-0.6282,2.5483,0.025072,0.309866,Down
KRT10,-1.1755,1.3595,0.025229,0.4694,Down
RPLP2,0.7071,2.2141,0.027186,0.337691,Up
EPM2A,-0.8592,1.8166,0.027488,0.373018,Down
MAPRE1,0.6472,2.3961,0.028141,0.315456,Up
PDLIM3,0.6604,2.3408,0.028456,0.336378,Up
SMIM4,-0.8862,1.7431,0.028524,0.377711,Down
FXYD1,1.1349,1.3592,0.028676,0.4694,Up
PHKB,-0.7009,2.1928,0.029041,0.337691,Down
FARSA,0.9048,1.6528,0.031958,0.399156,Up
CD63,1.0291,1.4415,0.032855,0.432348,Up
COX19,-0.735,1.996,0.034111,0.351177,Down
FBP2,-0.6426,2.2826,0.03414,0.337469,Down
RCSD1,-0.6208,2.315,0.036545,0.336378,Down
COQ3,-0.6861,2.0674,0.038163,0.34489,Down
MYLK2,-0.7338,1.9151,0.039325,0.356427,Down
LRRC20,-0.6514,2.1403,0.040352,0.338005,Down
CALU,-0.5182,2.6854,0.040596,0.309866,Down
IFITM1,1.3241,1.0456,0.041258,0.555294,Up
ACSS2,-0.8455,1.6246,0.042302,0.399156,Down
RTN3,0.744,1.839,0.042835,0.373018,Up
NAGK,0.7432,1.831,0.043569,0.373018,Up
RPL6,0.7912,1.7128,0.044136,0.385307,Up
BOLA2,0.7939,1.7039,0.044396,0.385307,Up
CSNK2B,0.8548,1.5651,0.045929,0.399156,Up
DCAF8,1.6382,0.8158,0.046086,0.625972,Up
SRSF2,0.7233,1.8328,0.047234,0.373018,Up
ACSF2,-0.6754,1.9585,0.047556,0.351177,Down
GMPPB,-0.8565,1.5352,0.048437,0.399156,Down
ECHDC2,0.8492,1.4913,0.054161,0.417454,NS
RPL15,0.7679,1.644,0.054644,0.399156,NS
EIF3M,0.7215,1.739,0.055623,0.377711,NS
MYL6B,0.9372,1.3364,0.055909,0.4694,NS
XRCC5,0.7229,1.7323,0.055934,0.377711,NS
SMTN,-0.6345,1.9698,0.056255,0.351177,NS
TCAP,0.8109,1.5364,0.056766,0.399156,NS
LCP1,1.0532,1.1745,0.057943,0.495741,NS
BIN3,0.9043,1.3661,0.058171,0.4694,NS
EEF1A2,0.7403,1.6598,0.059058,0.399156,NS
NNMT,1.9552,0.627,0.059433,0.696194,NS
RPL27,0.7787,1.5616,0.060806,0.399156,NS
RBMX,1.1117,1.0927,0.060991,0.524389,NS
MYPN,0.7088,1.7049,0.061873,0.385307,NS
CTSG,2.0425,0.5882,0.062892,0.712062,NS
MYH11,-0.9828,1.2161,0.063792,0.489498,NS
LAMTOR1,0.7579,1.5718,0.064376,0.399156,NS
ECI2,-0.557,2.1276,0.065294,0.338005,NS
DHRS7,0.5547,2.1212,0.066588,0.338005,NS
PPP1R1A,-0.8,1.4665,0.067121,0.421584,NS
CSDE1,0.5815,2.0036,0.068385,0.351177,NS
HSDL2,-0.4565,2.5463,0.068803,0.309866,NS
TIMM50,-0.7216,1.5766,0.072823,0.399156,NS
RPL14,0.7129,1.5933,0.073133,0.399156,NS
AKR1C3,0.8762,1.2948,0.073357,0.486626,NS
BDH1,-0.6983,1.6213,0.073759,0.399156,NS
H6PD,-0.6522,1.7353,0.073845,0.377711,NS
AHCYL2,-0.5864,1.9266,0.074184,0.356427,NS
PLCD4,-0.5324,2.1211,0.074258,0.338005,NS
MTX1,-0.6407,1.7491,0.07575,0.377711,NS
ATG3,-1.0916,1.023,0.076438999999999993,0.561868,NS
CAMK2D,0.4868,2.2932,0.076493,0.337469,NS
COQ8A,-0.4466,2.4856,0.077605,0.309866,NS
SH3BGRL,-0.9643,1.1413,0.079316,0.500982,NS
TST,-0.7017,1.5676,0.079437,0.399156,NS
NPM1,0.6103,1.7888,0.080976,0.376687,NS
HNRNPL,0.8601,1.2667,0.081375,0.489073,NS
ACAD8,-0.6098,1.7464,0.086115,0.377711,NS
CLIC5,-0.5846,1.8172,0.08664,0.373018,NS
PHKA1,-0.563,1.8575,0.089988,0.366803,NS
TFAM,-0.6829,1.5296,0.090255,0.399156,NS
ADD1,1.0812,0.9648,0.090551,0.579848,NS
SYNPO2,0.8618,1.1965,0.093097,0.490066,NS
TUBA8,-0.5347,1.9169,0.094408,0.356427,NS
PBXIP1,0.5187,1.9752,0.094513,0.351177,NS
ETF1,0.5247,1.9402,0.095935,0.355995,NS
GAA,0.755,1.3385,0.0976,0.4694,NS
MYLK,-0.884,1.143,0.097618,0.500982,NS
PFKFB1,-0.6113,1.6442,0.098815,0.399156,NS
SHMT2,-0.7176,1.3964,0.099535,0.453634,NS
MYBPH,0.8737,1.1404,0.100828,0.500982,NS
PPP1R3A,-0.812,1.2255,0.10113,0.489073,NS
SYNC,0.6465,1.5391,0.101169,0.399156,NS
MYH6,0.9578,1.0351,0.102005,0.558212,NS
NUDT19,-1.0281,0.9585,0.103411,0.579848,NS
KRT8,-1.1838,0.8289,0.104421,0.618467,NS
ISCU,0.6713,1.4229,0.110856,0.434647,NS
HNRNPDL,0.6064,1.569,0.11182,0.399156,NS
PEA15,1.0109,0.9277,0.115371,0.581515,NS
ARF5,0.7001,1.3343,0.116398,0.4694,NS
HNRNPA2B1,0.6981,1.3369,0.116604,0.4694,NS
LAMP1,1.0106,0.906,0.121433,0.585897,NS
XRCC6,-0.5737,1.5837,0.123407,0.399156,NS
STIM1,-0.5755,1.5732,0.124324,0.399156,NS
SUCLG2,-0.566,1.5929,0.125411,0.399156,NS
APOO,-0.5817,1.5473,0.125879,0.399156,NS
RPL10A,0.7526,1.1952,0.126032,0.490066,NS
ADSS1,-0.4804,1.8698,0.126422,0.366803,NS
CSRP1,-0.9334,0.9597,0.127124,0.579848,NS
NIBAN1,-0.6087,1.47,0.127427,0.420995,NS
RPL18,0.587,1.5199,0.128189,0.399156,NS
ANKRD2,0.5838,1.5255,0.128677,0.399156,NS
PA2G4,0.4711,1.8815,0.129877,0.366803,NS
JUP,-0.6854,1.2934,0.129885,0.486626,NS
S100A11,0.9218,0.959,0.130624,0.579848,NS
MICOS13,-0.6497,1.3586,0.131038,0.4694,NS
AKAP12,0.8672,1.0123,0.13245,0.566286,NS
SNTA1,-0.4938,1.7689,0.133821,0.377711,NS
MRPS27,-0.8839,0.9855,0.134573,0.579848,NS
RPL11,0.7017,1.2408,0.134696,0.489073,NS
TIMMDC1,0.8962,0.9704,0.135013,0.579848,NS
PSMD7,-0.5944,1.448,0.137829,0.428675,NS
PDK2,-0.6151,1.3988,0.137906,0.453634,NS
PRELP,-0.8255,1.0403,0.138436,0.555294,NS
HINT2,-0.5288,1.61,0.140787,0.399156,NS
BZW2,-0.4848,1.7258,0.145666,0.37924,NS
PDLIM1,0.6466,1.2913,0.146242,0.486626,NS
SRSF3,0.6594,1.2646,0.146598,0.489073,NS
CLYBL,-0.8416,0.9906,0.146654,0.579848,NS
SLC25A6,-0.4594,1.7991,0.149088,0.375189,NS
COPZ1,0.6829,1.2049,0.150369,0.490066,NS
EIF3E,0.4832,1.7007,0.150762,0.385307,NS
NAA50,-0.5541,1.4811,0.151113,0.418697,NS
EEF1A1,0.5103,1.5916,0.154117,0.399156,NS
CORO6,0.8137,0.994,0.155277,0.579848,NS
VCP,0.3982,2.011,0.158172,0.351177,NS
BSG,-0.3808,2.0874,0.160336,0.34489,NS
LMOD3,-0.6095,1.3025,0.160754,0.486626,NS
ARPC1B,-0.6587,1.1979,0.162532,0.490066,NS
SLMAP,0.5045,1.5619,0.162947,0.399156,NS
TIMM10,-0.6151,1.266,0.16647,0.489073,NS
NT5C3A,-0.4177,1.8609,0.166965,0.366803,NS
PSMD9,0.507,1.5295,0.167725,0.399156,NS
ANP32E,1.0702,0.7177,0.170575,0.658138,NS
ABCE1,0.5221,1.4709,0.170593,0.420995,NS
TIMM13,-0.6978,1.0956,0.171988,0.524389,NS
PANK4,-0.4551,1.6774,0.172461,0.398285,NS
PHKA2,-0.6309,1.2099,0.172462,0.490066,NS
LCMT1,-0.5198,1.4538,0.175515,0.427176,NS
MRPL37,-0.607,1.2332,0.178435,0.489073,NS
RPL18A,0.6932,1.0773,0.179164,0.532231,NS
CAP1,0.6258,1.1805,0.182463,0.495741,NS
SSB,0.7912,0.9323,0.182976,0.581515,NS
ALDH16A1,0.9538,0.7721,0.183493,0.644355,NS
RPA3,-0.5945,1.234,0.184691,0.489073,NS
SIRT5,-0.467,1.5615,0.186544,0.399156,NS
RPS13,-0.7898,0.9231,0.186599,0.584686,NS
FUS,0.3901,1.8623,0.187752,0.366803,NS
HCCS,-0.5539,1.3111,0.187851,0.484895,NS
MTRES1,-0.499,1.4275,0.193969,0.434647,NS
SEC24C,0.5736,1.2303,0.196936,0.489073,NS
HNRNPD,0.3874,1.815,0.198071,0.373018,NS
UBE2R2,-0.6184,1.1366,0.198238,0.503625,NS
PXN,0.7505,0.9305,0.200298,0.581515,NS
NUDT16,-0.4886,1.4252,0.201194,0.434647,NS
RPS6KA3,-0.3547,1.9569,0.202301,0.351177,NS
TYMP,0.8751,0.7928,0.20241,0.641387,NS
IDH1,-0.5141,1.3471,0.202947,0.4694,NS
PPM1A,0.4629,1.4874,0.204906,0.417722,NS
ADSS2,-0.6414,1.0726,0.205157,0.536252,NS
SUB1,0.4314,1.5897,0.206161,0.399156,NS
MCCC2,-0.5444,1.2586,0.206417,0.489073,NS
FHOD1,-0.3864,1.7701,0.207023,0.377711,NS
RUVBL1,0.4604,1.485,0.20717,0.417722,NS
HHATL,0.5993,1.1407,0.207196,0.500982,NS
COA6,-0.4917,1.3875,0.20788,0.457558,NS
DDX39B,0.5393,1.2649,0.207907,0.489073,NS
COX6B1,-0.5377,1.2678,0.208135,0.489073,NS
NDUFAF4,-0.6101,1.1172,0.208163,0.518971,NS
CLIP2,0.4776,1.4262,0.208405,0.434647,NS
COPS3,-0.5386,1.2634,0.208671,0.489073,NS
GSTK1,-0.4256,1.5752,0.213631,0.399156,NS
CSNK1A1,0.8053,0.8268,0.215867,0.618467,NS
PURA,0.6559,1.015,0.215894,0.566286,NS
GMPR,-0.5504,1.2073,0.216531,0.490066,NS
FGGY,0.7137,0.9283,0.217486,0.581515,NS
PRXL2A,-0.5427,1.2165,0.218674,0.489498,NS
LASP1,0.5949,1.1084,0.219098,0.51906,NS
SEC22B,0.4935,1.3322,0.220075,0.4694,NS
GPHN,-0.6657,0.9647,0.227911,0.579848,NS
RIC8A,0.9476,0.6721,0.230715,0.676497,NS
HLA-DRB5,-0.8242,0.7704,0.231756,0.644355,NS
RPL30,0.5973,1.0564,0.233928,0.550275,NS
PSME3,0.4866,1.296,0.234099,0.486626,NS
RPL13A,0.6584,0.954,0.235435,0.581088,NS
TMX1,0.4919,1.2693,0.237468,0.489073,NS
PPID,0.5039,1.2362,0.238236,0.489073,NS
ARPP19,0.5337,1.1633,0.239406,0.500982,NS
ARIH2,0.6817,0.9055,0.241358,0.585897,NS
LZIC,-0.5335,1.1543,0.242187,0.500982,NS
MYL2,0.7249,0.8469,0.243244,0.614948,NS
BPNT1,-0.4984,1.2186,0.246959,0.489498,NS
HSP90AB1,0.3455,1.7538,0.247778,0.377711,NS
ALDH3A2,0.5067,1.1892,0.249702,0.493279,NS
OXCT1,0.663,0.9018,0.252431,0.586519,NS
TAGLN,-0.9019,0.6576,0.255182,0.685467,NS
PCYT2,0.6907,0.8584,0.255335,0.608756,NS
CA2,0.4939,1.1938,0.257285,0.490066,NS
SUCLG1,-0.3631,1.6216,0.257739,0.399156,NS
TPPP,0.6656,0.8838,0.258074,0.60045,NS
RPL32,0.7568,0.7772,0.258126,0.643312,NS
CDV3,0.5356,1.0962,0.258731,0.524389,NS
RBKS,0.7733,0.7569,0.25984,0.649806,NS
FBXO7,0.9864,0.5898,0.261983,0.711602,NS
FHL3,-0.5328,1.0843,0.264405,0.530952,NS
MAOB,-0.4715,1.2243,0.264675,0.489073,NS
CHDH,-0.7853,0.7333,0.265532,0.658138,NS
TUBB,0.4331,1.3263,0.266441,0.473277,NS
ALDH2,0.5741,0.9967,0.267762,0.579848,NS
ANXA3,0.55,1.0402,0.267885,0.555294,NS
RWDD1,0.6015,0.9502,0.268166,0.581088,NS
PRKCQ,-0.4917,1.1614,0.268525,0.500982,NS
SESN1,-0.494,1.1525,0.269568,0.500982,NS
MAOA,-0.4909,1.1564,0.270574,0.500982,NS
RAP1A,-0.5766,0.9833,0.271052,0.579848,NS
GPD1L,-0.3949,1.434,0.271512,0.43436,NS
RAB11B,0.4152,1.361,0.272192,0.4694,NS
CA3,0.4749,1.1859,0.27339,0.495007,NS
UNC45B,0.4324,1.2985,0.274502,0.486626,NS
TRIM54,0.5564,1.0081,0.274842,0.570025,NS
PGAM2,-0.3392,1.6467,0.276386,0.399156,NS
LMAN2,-0.5414,1.0314,0.276454,0.558492,NS
NANS,0.6549,0.8479,0.278402,0.614948,NS
BCAM,-0.5396,1.0239,0.28024,0.561868,NS
ANK3,-0.4773,1.1558,0.280746,0.500982,NS
HRC,0.4171,1.3224,0.280819,0.474962,NS
RBBP4,0.4971,1.1078,0.281379,0.51906,NS
COPB1,0.5297,1.0377,0.282092,0.556683,NS
ALDH1B1,0.553,0.9835,0.285825,0.579848,NS
ACTB,0.5616,0.9683,0.285917,0.579848,NS
AGL,-0.3422,1.586,0.286635,0.399156,NS
XPO7,-0.6088,0.8906,0.286965,0.598852,NS
ALDH1L1,-0.393,1.3785,0.287269,0.46438,NS
CASQ2,0.4871,1.1113,0.28756,0.51906,NS
ENDOG,-0.5513,0.9783,0.288854,0.579848,NS
DCUN1D1,0.6383,0.8412,0.290451,0.615949,NS
PMPCB,-0.6083,0.8786,0.29212,0.60045,NS
PLIN2,-0.6009,0.888,0.292658,0.60045,NS
HBG2,0.8692,0.6125,0.293498,0.704559,NS
COQ5,-0.451,1.1755,0.295044,0.495741,NS
ME1,-0.4276,1.2325,0.297163,0.489073,NS
PPIF,-0.3514,1.499,0.297314,0.412945,NS
LSS,-0.6094,0.8593,0.299485,0.608756,NS
TACO1,-0.4159,1.2555,0.300461,0.489073,NS
HNRNPK,0.3869,1.346,0.301476,0.4694,NS
TPP2,-0.4144,1.2559,0.301707,0.489073,NS
STOM,0.6601,0.7869,0.302394,0.641796,NS
HSPA5,0.3521,1.47,0.303693,0.420995,NS
APOOL,-0.3827,1.3523,0.3037,0.4694,NS
DYNC1LI1,0.4265,1.2125,0.304033,0.490066,NS
TARDBP,-0.6208,0.8329,0.304037,0.618467,NS
C6orf136,-0.6879,0.7483,0.305642,0.653493,NS
DNAJB1,0.6214,0.827,0.306273,0.618467,NS
UQCC3,0.9398,0.5406,0.310421,0.725203,NS
ARL6IP5,0.4157,1.2221,0.310423,0.489073,NS
MMUT,-0.3648,1.392,0.310625,0.455559,NS
ERI3,-0.4114,1.223,0.313964,0.489073,NS
BDH2,-0.4265,1.1765,0.314937,0.495741,NS
KPNB1,0.5328,0.9396,0.31581,0.581515,NS
MYL3,0.6617,0.7552,0.316405,0.650109,NS
PDHA1,-0.3432,1.4551,0.316647,0.427176,NS
PSME2,0.544,0.9157,0.317606,0.585897,NS
COMTD1,-0.7019,0.7069,0.319033,0.661478,NS
SURF1,-0.4835,1.0225,0.320314,0.561868,NS
TMEM43,0.4946,0.9993,0.320474,0.579848,NS
PDIA3,0.4237,1.1645,0.321112,0.500982,NS
RPS5,0.6672,0.7362,0.322706,0.657243,NS
GOSR2,0.9314,0.5252,0.324207,0.731924,NS
DAG1,-0.4742,1.0306,0.324603,0.558492,NS
RAB9A,-0.4327,1.1259,0.325709,0.51233,NS
USP5,0.3775,1.2894,0.325996,0.486626,NS
RNF123,-0.36,1.3516,0.326154,0.4694,NS
ADH1B,-0.5625,0.8644,0.326406,0.607402,NS
AP1B1,0.7506,0.6438,0.328647,0.691526,NS
GCDH,-0.388,1.2417,0.329798,0.489073,NS
PCYOX1,-0.3153,1.5259,0.330277,0.399156,NS
KRT2,-0.6738,0.7138,0.330409,0.658138,NS
GOT2,-0.3386,1.415,0.331822,0.439985,NS
DLAT,-0.3152,1.5198,0.331836,0.399156,NS
PPP3CB,-0.3711,1.2908,0.331848,0.486626,NS
MIEN1,-0.5215,0.9065,0.336705,0.585897,NS
UBE3A,-0.4994,0.9427,0.338208,0.581515,NS
CACYBP,0.4085,1.1482,0.339618,0.500982,NS
ACAD9,-0.4918,0.9492,0.341321,0.581088,NS
SUCLA2,-0.2983,1.5569,0.343186,0.399156,NS
KRT1,-0.7327,0.6334,0.343476,0.694444,NS
SMTNL1,-0.4417,1.0443,0.345734,0.555294,NS
NIF3L1,-0.4887,0.9409,0.346895,0.581515,NS
SRP14,-0.5173,0.8848,0.348566,0.60045,NS
H3-3A,0.6731,0.6791,0.34904,0.673747,NS
TUBA1B,0.3817,1.1939,0.350138,0.490066,NS
COX20,-0.4971,0.9147,0.351033,0.585897,NS
MRPL40,-0.7101,0.6399,0.351254,0.692819,NS
ASPA,-0.5816,0.7811,0.351337,0.642938,NS
MT-ND3,-0.5903,0.7669,0.352638,0.644355,NS
RTN4IP1,-0.5911,0.7654,0.352861,0.644355,NS
CPT1B,-0.3959,1.1418,0.35312,0.500982,NS
FUBP1,0.433,1.0407,0.354294,0.555294,NS
HNRNPH1,0.3815,1.1796,0.354827,0.495741,NS
MYL6,0.5137,0.8699,0.357352,0.606971,NS
NFU1,-0.4774,0.931,0.35936,0.581515,NS
CPT2,-0.3868,1.1475,0.359907,0.500982,NS
VPS4A,-0.3995,1.1073,0.361157,0.51906,NS
ATP5F1E,-0.5428,0.8079,0.36429,0.626481,NS
CANX,0.3046,1.4369,0.365044,0.434194,NS
IDH3G,-0.3359,1.2978,0.366474,0.486626,NS
CACNB1,-0.386,1.1274,0.367176,0.51233,NS
API5,0.688,0.6312,0.36795,0.694444,NS
SRM,0.6098,0.6978,0.375426,0.663643,NS
ALDOC,-0.4391,0.9686,0.375541,0.579848,NS
AIMP2,-0.3918,1.0826,0.376508,0.531159,NS
SYNPO,-0.5214,0.8126,0.376952,0.626481,NS
AAMDC,-0.4545,0.9315,0.377293,0.581515,NS
FLOT2,-0.4806,0.8784,0.378309,0.60045,NS
HBS1L,-0.35,1.2036,0.379037,0.490066,NS
MYH7,0.6451,0.6519,0.379724,0.68667,NS
HYOU1,0.4214,0.9965,0.38023,0.579848,NS
AKR1C1,0.5256,0.7884,0.385183,0.641796,NS
AHSA1,0.4866,0.8469,0.38718,0.614948,NS
NONO,0.7403,0.5522,0.390114,0.724103,NS
EIF1AX,0.4665,0.8751,0.390651,0.602734,NS
DNAJC19,-0.4854,0.8389,0.391547,0.615949,NS
COL18A1,-0.5059,0.7868,0.399931,0.641796,NS
PRDX5,0.2949,1.3493,0.400065,0.4694,NS
RPL22,0.4132,0.9609,0.400866,0.579848,NS
TOMM22,0.448,0.8855,0.40118,0.60045,NS
ERP44,0.3621,1.0941,0.40164,0.524389,NS
EIF3B,0.3895,1.017,0.401683,0.565566,NS
VARS1,0.4036,0.9787,0.402689,0.579848,NS
ATP5MG,-0.4136,0.9518,0.403964,0.581088,NS
EZR,0.7403,0.5278,0.406688,0.730971,NS
HSP90AA1,0.313,1.2481,0.406795,0.489073,NS
CAT,0.5198,0.7493,0.40786,0.653493,NS
MFN2,-0.4307,0.8947,0.411771,0.594656,NS
UBE2L3,0.5913,0.6507,0.412303,0.687372,NS
VIM,0.5386,0.7126,0.413269,0.658138,NS
CLIC6,-0.4979,0.7703,0.413497,0.644355,NS
NPLOC4,0.3324,1.1478,0.41541,0.500982,NS
AUH,-0.3532,1.0779,0.416125,0.532231,NS
CKMT2,-0.3428,1.1077,0.417108,0.51906,NS
SNRPB,0.4388,0.8645,0.417538,0.607402,NS
MRPS36,-0.4412,0.8569,0.418712,0.609022,NS
GAPDHS,-0.606,0.622,0.419811,0.700658,NS
PMPCA,-0.4835,0.777,0.421028,0.643312,NS
YWHAZ,0.521,0.7203,0.421417,0.658138,NS
HNRNPC,0.651,0.5761,0.421628,0.715286,NS
ENSA,0.6082,0.6155,0.422363,0.702865,NS
FAM136A,-0.4212,0.8865,0.423213,0.60045,NS
MSN,0.3485,1.0705,0.423571,0.536953,NS
GCSH,-0.3771,0.9826,0.426088,0.579848,NS
HPRT1,0.4712,0.7843,0.426958,0.641796,NS
RPS7,0.5574,0.662,0.427573,0.683485,NS
AFG3L2,-0.3023,1.2118,0.430162,0.490066,NS
MYH13,0.5809,0.6295,0.430848,0.694444,NS
CPT1A,-0.4731,0.7651,0.434497,0.644355,NS
PRPSAP1,0.5894,0.613,0.435154,0.704559,NS
DYNC1LI2,-0.3966,0.9082,0.436318,0.585897,NS
USP9X,0.5139,0.6989,0.437338,0.663643,NS
EEF2,0.269,1.3325,0.438079,0.4694,NS
PPTC7,-0.4984,0.7185,0.438434,0.658138,NS
MRPS18B,-0.5573,0.6385,0.440743,0.692819,NS
AKR1A1,0.3598,0.9818,0.443308,0.579848,NS
MYH9,0.3852,0.914,0.444595,0.585897,NS
CRYAB,0.318,1.1062,0.444884,0.51906,NS
MAP4,0.3137,1.1195,0.445529,0.51813,NS
REEP5,0.3856,0.9069,0.446978,0.585897,NS
USP15,-0.3828,0.9096,0.448542,0.585897,NS
CHMP4B,-0.3946,0.8807,0.449262,0.60045,NS
PGD,0.3584,0.967,0.450246,0.579848,NS
NOL3,-0.3261,1.0555,0.452655,0.550275,NS
SKP1,0.3336,1.0318,0.452701,0.558492,NS
DSTN,-0.4115,0.8363,0.452757,0.615949,NS
IDH3B,-0.2977,1.1535,0.453575,0.500982,NS
TMEM11,-0.3676,0.934,0.453605,0.581515,NS
TIGAR,0.9611,0.3563,0.454473,0.808763,NS
PRKRA,0.4972,0.6883,0.454739,0.669891,NS
PDHX,-0.3119,1.094,0.455764,0.524389,NS
MYO1C,-0.3769,0.9032,0.45664,0.586153,NS
TUBA4A,0.3868,0.8778,0.457571,0.60045,NS
GSK3A,0.4967,0.6799,0.459537,0.673747,NS
SFPQ,0.5225,0.645,0.460233,0.690778,NS
DDB1,0.2752,1.2241,0.460432,0.489073,NS
THAP4,-0.4731,0.7116,0.460667,0.658138,NS
AP1G1,0.4545,0.7394,0.461246,0.657243,NS
PPP1R12B,0.649,0.516,0.462535,0.741697,NS
NDUFAF3,-0.3595,0.9312,0.46263,0.581515,NS
METTL7A,-0.3686,0.9035,0.464474,0.586153,NS
ARCN1,-0.3499,0.9512,0.464727,0.581088,NS
MRPL47,-0.4101,0.8104,0.46522,0.626481,NS
RPS25,0.3655,0.9076,0.4659,0.585897,NS
MGLL,-0.4052,0.8184,0.465946,0.624946,NS
EIF4A1,0.2817,1.1746,0.466822,0.495741,NS
ACSL1,-0.2685,1.2273,0.468276,0.489073,NS
FDXR,0.4696,0.7003,0.468998,0.66322,NS
RBBP7,0.5321,0.6176,0.469221,0.70271,NS
CACNG6,0.7657,0.4275,0.470591,0.787483,NS
IBA57,-0.5066,0.6455,0.47097,0.690778,NS
CHMP6,-0.3921,0.8325,0.471611,0.618467,NS
AIFM1,-0.2374,1.3666,0.473735,0.4694,NS
HINT3,-0.3274,0.9911,0.47374,0.579848,NS
ECI1,-0.2523,1.2845,0.474111,0.489073,NS
NDUFA11,-0.4458,0.7271,0.474127,0.658138,NS
SPTB,0.5002,0.6479,0.474148,0.690212,NS
UBE2B,-0.5407,0.598,0.474932,0.708173,NS
FARSB,0.4431,0.7297,0.474938,0.658138,NS
TKT,0.5935,0.5434,0.475835,0.724103,NS
STAT5B,-0.4066,0.7922,0.476292,0.641387,NS
ATP5ME,-0.2759,1.1664,0.476636,0.500982,NS
PALMD,0.414,0.7684,0.480681,0.644355,NS
CS,-0.2488,1.2725,0.482474,0.489073,NS
MARCKS,0.5742,0.5512,0.4825,0.724103,NS
XIRP1,0.4201,0.747,0.485514,0.653493,NS
SETD7,0.3296,0.9467,0.487495,0.581088,NS
RPLP0,0.3753,0.8298,0.488168,0.618467,NS
CLIP1,0.2879,1.0807,0.48856,0.531694,NS
PNP,0.5468,0.5689,0.488603,0.716743,NS
ACTN4,0.6639,0.4675,0.48936,0.76557,NS
PKM,-0.259,1.1979,0.489424,0.490066,NS
ACTN3,-0.8074,0.3843,0.489456,0.804696,NS
GARS1,0.3781,0.8195,0.489944,0.62477,NS
ANP32A,0.3735,0.8289,0.490207,0.618467,NS
SH3BGRL3,0.5306,0.5794,0.492681,0.715286,NS
PSMD8,0.2975,1.0293,0.49408,0.558492,NS
GLRX5,-0.3121,0.9786,0.494997,0.579848,NS
BLVRB,0.3464,0.881,0.495271,0.60045,NS
PPP2CB,-0.3952,0.7696,0.496445,0.644355,NS
SAMM50,-0.3325,0.9116,0.497658,0.585897,NS
MTARC2,-0.3961,0.7563,0.501656,0.649806,NS
PITPNA,0.4284,0.6948,0.503893,0.665778,NS
CKM,-0.2425,1.2256,0.504371,0.489073,NS
TNPO1,0.4374,0.6794,0.504445,0.673747,NS
PACSIN3,0.308,0.9643,0.504671,0.579848,NS
GOT1,-0.2378,1.2459,0.505528,0.489073,NS
PYGM,-0.2354,1.2468,0.50875,0.489073,NS
PDAP1,-0.4095,0.7139,0.510076,0.658138,NS
STUB1,0.3399,0.8591,0.510451,0.608756,NS
MDH2,-0.2381,1.2223,0.511632,0.489073,NS
CDC37,-0.4025,0.7229,0.511692,0.658138,NS
MAP2K3,-0.2872,1.0131,0.511762,0.566286,NS
DDX17,0.4052,0.7132,0.514008,0.658138,NS
LMCD1,-0.3044,0.949,0.514205,0.581088,NS
NDUFB9,-0.3583,0.8027,0.515712,0.632151,NS
LACTB,-0.4039,0.71,0.516683,0.658138,NS
PFN2,0.3371,0.8448,0.519079,0.615059,NS
PCCA,-0.3781,0.7494,0.520752,0.653493,NS
AKT1,0.3971,0.7122,0.521371,0.658138,NS
ATP5PO,-0.2402,1.1731,0.522714,0.495741,NS
CTBP1,0.3908,0.7172,0.524498,0.658138,NS
PRKAB2,-0.3563,0.7837,0.525734,0.641796,NS
COQ10B,-0.4972,0.5604,0.526464,0.722929,NS
SGCG,-0.3945,0.7043,0.527358,0.662701,NS
TTN,0.5639,0.4927,0.527403,0.758862,NS
IDH3A,-0.2528,1.0886,0.530648,0.527504,NS
FTH1,0.4395,0.6254,0.531041,0.696703,NS
GSTM4,-0.8504,0.3218,0.532547,0.820415,NS
MRPL9,0.6276,0.4355,0.532944,0.78392,NS
NDUFAB1,-0.3369,0.81,0.533448,0.626481,NS
ABHD11,-0.4387,0.6215,0.533716,0.700658,NS
PGRMC1,-0.4014,0.6791,0.533848,0.673747,NS
LETM1,-0.3345,0.8085,0.536465,0.626481,NS
PFKL,-0.3804,0.7102,0.536862,0.658138,NS
ACY1,-0.2955,0.9126,0.537422,0.585897,NS
KYAT3,-0.5312,0.5073,0.537693,0.747893,NS
ACTR3,0.3332,0.8086,0.53773,0.626481,NS
DYNLL1,0.3828,0.7037,0.537753,0.662701,NS
ACTR2,0.3516,0.7633,0.539025,0.644453,NS
CSNK2A1,-0.3183,0.8378,0.541154,0.615949,NS
NDUFS5,-0.3436,0.7755,0.541426,0.643365,NS
ACADSB,-0.3258,0.8091,0.545024,0.626481,NS
DHRS11,-0.5632,0.4663,0.546265,0.76557,NS
GARNL3,-0.4484,0.5837,0.547365,0.715286,NS
NDUFS8,-0.312,0.8386,0.547456,0.615949,NS
SH3BGR,0.3059,0.8551,0.547536,0.609022,NS
ACADM,-0.2775,0.9381,0.549123,0.581515,NS
RTCB,0.2678,0.9683,0.55034400000000006,0.579848,NS
ETFDH,-0.2798,0.9236,0.551557,0.584686,NS
CYB5R1,0.2748,0.9336,0.553972,0.581515,NS
ARL8A,-0.3452,0.7401,0.55529,0.657243,NS
TPM4,0.4612,0.5527,0.555995,0.724103,NS
HSP90B1,0.3059,0.8277,0.558218,0.618467,NS
CLCC1,-0.4412,0.5716,0.559543,0.715286,NS
UBA1,0.2566,0.9804,0.560235,0.579848,NS
TPD52L1,0.4289,0.5866,0.560283,0.712062,NS
CHORDC1,0.5719,0.4399,0.560341,0.78135,NS
PDHB,-0.2278,1.1018,0.561033,0.522521,NS
NEDD8,-0.3195,0.7847,0.561382,0.641796,NS
UQCRH,-0.3398,0.7362,0.562155,0.657243,NS
POLDIP2,-0.502,0.4977,0.562524,0.752051,NS
ARPC4,0.3656,0.6833,0.562607,0.673747,NS
GDI2,0.225,1.1083,0.56315,0.51906,NS
RAP1B,0.323,0.7716,0.563366,0.644355,NS
SERBP1,0.4072,0.6117,0.563482,0.704559,NS
EML1,-0.3336,0.7428,0.565187,0.657243,NS
BCAP29,-0.4446,0.5561,0.56595,0.724103,NS
DIABLO,-0.3054,0.8094,0.566022,0.626481,NS
SGTA,-0.3025,0.8169,0.566096,0.625769,NS
PPP2R5A,-0.4275,0.5761,0.56719,0.715286,NS
HSPB2,0.2669,0.9177,0.568891,0.585897,NS
RAN,0.2397,1.0198,0.569563,0.563595,NS
STAT3,0.4109,0.5945,0.569764,0.708196,NS
VPS35,0.2537,0.9585,0.571218,0.579848,NS
NAP1L1,0.327,0.7418,0.572021,0.657243,NS
ABHD16A,-0.4069,0.5961,0.572074,0.708173,NS
OLA1,0.2497,0.9695,0.57261,0.579848,NS
PPM1B,-0.3661,0.6596,0.573434,0.683485,NS
ACTN2,0.6624,0.3627,0.575112,0.807536,NS
DDX3X,0.3547,0.6758,0.575855,0.676497,NS
MRPL46,-0.3887,0.6163,0.576021,0.702865,NS
DUSP3,-0.2299,1.0415,0.576248,0.555294,NS
OPLAH,-0.3303,0.7246,0.576355,0.658138,NS
CAMK2G,-0.3472,0.6831,0.579245,0.673747,NS
HSPB7,-0.3015,0.786,0.579454,0.641796,NS
OBSCN,0.3568,0.6623,0.580382,0.683485,NS
RPS3,0.2724,0.8657,0.580996,0.607402,NS
HIGD1A,-0.5421,0.4344,0.581398,0.784871,NS
MYL1,0.4516,0.5201,0.582254,0.737493,NS
IDH2,-0.2253,1.0423,0.58228,0.555294,NS
NDUFB6,-0.4015,0.5816,0.584055,0.715286,NS
ATAD3A,-0.316,0.738,0.584485,0.657243,NS
NIPSNAP3B,-0.3458,0.6729,0.585231,0.676497,NS
P4HB,0.2405,0.9619,0.587017,0.579848,NS
COQ7,-0.2521,0.917,0.587266,0.585897,NS
TMEM14C,0.4966,0.4643,0.58811,0.76557,NS
CUTC,-0.2646,0.8703,0.588403,0.606971,NS
FBLN1,-0.4119,0.5545,0.591044,0.724103,NS
BIN1,0.2378,0.9601,0.591163,0.579848,NS
EIF3K,-0.2626,0.8672,0.591885,0.607402,NS
TMCO1,-0.4832,0.4669,0.59483,0.76557,NS
NARS1,0.2603,0.8622,0.596433,0.607665,NS
EPB41L2,0.5191,0.4324,0.596459,0.78596,NS
DLST,-0.2129,1.0519,0.59714,0.553043,NS
RPS19,0.3153,0.7098,0.597321,0.658138,NS
TRAP1,-0.2368,0.9431,0.597941,0.581515,NS
SCP2,-0.392,0.567,0.59942,0.717696,NS
MYH2,0.4827,0.4601,0.599684,0.766905,NS
ILF2,0.4585,0.4836,0.600154,0.7634,NS
SLC25A24,-0.3063,0.7232,0.600427,0.658138,NS
ATP5F1A,-0.2076,1.0647,0.601159,0.542387,NS
ADIRF,-0.6292,0.3494,0.602798,0.808763,NS
UGGT1,-0.3321,0.6613,0.603022,0.683485,NS
SLC25A12,-0.2388,0.9187,0.603338,0.585897,NS
SARS1,0.39,0.5581,0.605793,0.724103,NS
YARS1,-0.4072,0.5319,0.607306,0.728696,NS
COPS4,-0.2282,0.9468,0.608115,0.581088,NS
RPN1,0.2774,0.7778,0.608468,0.643312,NS
COL4A2,-0.5191,0.415,0.608983,0.791203,NS
NTPCR,-0.3217,0.6637,0.611605,0.683485,NS
MAP2K1,0.341,0.626,0.611709,0.696703,NS
TXN2,-0.3384,0.6295,0.612287,0.694444,NS
SLC37A4,-0.3433,0.6185,0.613291,0.702485,NS
ENOPH1,-0.2791,0.7516,0.616945,0.653493,NS
CARNS1,-0.3084,0.6792,0.617406,0.673747,NS
EIF3D,0.3391,0.6157,0.618317,0.702865,NS
BLMH,-0.2525,0.8215,0.620244,0.623242,NS
FAM98B,-0.3572,0.5764,0.622483,0.715286,NS
TMX4,0.2757,0.7461,0.622771,0.653575,NS
VAMP2,0.3147,0.6524,0.623324,0.68667,NS
IDI1,-0.2973,0.6903,0.623378,0.667996,NS
PGP,-0.2372,0.8629,0.624164,0.607665,NS
CAMK2B,-0.232,0.8817,0.624399,0.60045,NS
JPT2,0.3342,0.612,0.624432,0.704559,NS
SCN1B,-0.3887,0.5247,0.625269,0.731924,NS
MT-ATP6,-0.4568,0.4458,0.625679,0.776658,NS
NQO2,-0.5779,0.3512,0.626655,0.808763,NS
RPL9,0.3379,0.5996,0.627193,0.708173,NS
OCIAD1,-0.3349,0.604,0.627697,0.708173,NS
ENDOD1,-0.2915,0.6918,0.628523,0.666849,NS
MAPK1,0.302,0.6665,0.629086,0.683043,NS
AARSD1,-0.3359,0.598,0.629718,0.708173,NS
NEB,0.5017,0.3952,0.633438,0.797785,NS
HSPA8,0.2007,0.98740000000000006,0.633644,0.579848,NS
NDUFB4,-0.3606,0.5486,0.634161,0.724103,NS
PARVA,0.3617,0.5453,0.635013,0.724103,NS
APIP,-0.4833,0.4066,0.636092,0.79681,NS
ACAT1,-0.2336,0.8369,0.637494,0.615949,NS
ARMT1,-0.2892,0.6739,0.638431,0.676497,NS
PARP1,0.3574,0.5437,0.639314,0.724103,NS
CLASP2,-0.4116,0.471,0.639954,0.76557,NS
CBR1,0.2679,0.7228,0.64026,0.658138,NS
SIRT3,-0.4432,0.4366,0.640504,0.78392,NS
EEF1B2,0.2787,0.6926,0.641145,0.666849,NS
PABPC1,0.2643,0.7294,0.641601,0.658138,NS
PSMD4,-0.2281,0.8437,0.642002,0.615213,NS
MRPL12,-0.3003,0.6401,0.642329,0.692819,NS
HIBADH,-0.2242,0.856,0.642838,0.609022,NS
CAVIN4,0.2939,0.6529,0.642852,0.68667,NS
SERPINB6,-0.3227,0.5944,0.642961,0.708196,NS
PIN1,-0.25,0.7593,0.645909,0.647843,NS
GGCT,-0.2739,0.693,0.645941,0.666849,NS
EEF1D,0.1989,0.9526,0.646447,0.581088,NS
NDUFB10,-0.3179,0.5957,0.646542,0.708173,NS
COX5B,-0.3132,0.6035,0.6471,0.708173,NS
DYSF,0.2034,0.928,0.647485,0.581515,NS
NHLRC2,0.3121,0.6032,0.648269,0.708173,NS
PKIA,-0.3203,0.5874,0.648438,0.712062,NS
MYO6,-0.2942,0.6334,0.651106,0.694444,NS
ART3,-0.3117,0.5966,0.651664,0.708173,NS
HSD17B4,-0.3143,0.591,0.652024,0.711602,NS
LIMS1,-0.276,0.6722,0.652305,0.676497,NS
YWHAH,0.2557,0.7255,0.652337,0.658138,NS
NAE1,-0.2751,0.67,0.654133,0.678669,NS
TMEM38A,0.3833,0.4787,0.655434,0.76378,NS
EIF5A,0.2191,0.837,0.655531,0.615949,NS
TOLLIP,0.2682,0.6835,0.655661,0.673747,NS
GPX1,-0.2495,0.7347,0.655701,0.658138,NS
TSG101,0.2876,0.6369,0.655853,0.692819,NS
MCTS1,0.2774,0.6596,0.656222,0.683485,NS
SAR1A,-0.3343,0.5458,0.656937,0.724103,NS
NDUFS4,-0.3056,0.5938,0.658451,0.708221,NS
PSMC3,0.2285,0.7902,0.659831,0.641796,NS
PSMC1,0.2189,0.825,0.659835,0.61964,NS
EIF4E,0.2415,0.7474,0.659998,0.653493,NS
HNRNPUL1,0.299,0.6023,0.660573,0.708173,NS
STXBP3,-0.2698,0.6652,0.661463,0.683485,NS
CRAT,-0.2238,0.8012,0.661702,0.632151,NS
DDX6,0.3373,0.5316,0.661729,0.728696,NS
RPS8,-0.3283,0.5462,0.661759,0.724103,NS
NDUFC2,-0.3089,0.5785,0.662665,0.715286,NS
MFAP4,-0.3966,0.4501,0.662974,0.773867,NS
INPP1,0.4645,0.3834,0.663615,0.804696,NS
CALM1,0.2536,0.7009,0.664139,0.66322,NS
MRPS16,0.4338,0.4096,0.664273,0.796436,NS
MPI,-0.2039,0.8672,0.665607,0.607402,NS
APEX1,0.3107,0.5685,0.665892,0.716743,NS
SH3GLB1,0.2745,0.6431,0.666037,0.691613,NS
CHMP2A,0.2773,0.636,0.666206,0.692819,NS
MYL12B,0.293,0.6015,0.666439,0.708173,NS
TMED2,0.3969,0.4437,0.666607,0.778027,NS
EHBP1L1,0.2931,0.5984,0.667729,0.708173,NS
DIAPH1,0.5849,0.2997,0.667931,0.832205,NS
CHP1,0.2749,0.6367,0.668338,0.692819,NS
RPL4,0.3751,0.4629,0.670418,0.76557,NS
TIMM9,-0.3613,0.48,0.670782,0.76378,NS
AOC3,-0.4115,0.4213,0.670823,0.788319,NS
TALDO1,0.2463,0.7016,0.671754,0.66322,NS
DENR,-0.3183,0.5419,0.672226,0.724103,NS
LRRC47,0.221,0.7786,0.672851,0.643312,NS
C12orf73,-0.3535,0.4859,0.673345,0.762683,NS
HSPA4,0.2214,0.7693,0.675614,0.644355,NS
TRAPPC3,0.3116,0.5432,0.67721,0.724103,NS
PSMD14,0.2221,0.7606,0.677785,0.647215,NS
RAC1,0.242,0.6969,0.678131,0.663643,NS
ARL3,-0.3786,0.4455,0.678189,0.776658,NS
PHYKPL,-0.2975,0.5655,0.678841,0.717696,NS
VTA1,-0.2242,0.7492,0.679278,0.653493,NS
EEF1G,0.2146,0.7819,0.679478,0.642938,NS
WDR77,-0.3337,0.5019,0.67998,0.750437,NS
PLS3,-0.3342,0.4999,0.680667,0.750437,NS
CFL1,0.2308,0.7182,0.682676,0.658138,NS
UBE2M,-0.2096,0.7891,0.683297,0.641796,NS
GCN1,-0.5338,0.3095,0.683615,0.831017,NS
VPS13C,-0.2817,0.5863,0.683661,0.712062,NS
BLVRA,-0.2149,0.7662,0.684398,0.644355,NS
DYNC1H1,0.2056,0.799,0.685115,0.634099,NS
COX7A1,-0.2924,0.5569,0.687348,0.724103,NS
TMED1,-0.3411,0.4772,0.687451,0.765235,NS
OGDH,-0.1721,0.944,0.687978,0.581515,NS
VBP1,-0.2809,0.5746,0.689621,0.715286,NS
DBI,-0.3289,0.488,0.691032,0.762683,NS
LYPLA2,-0.2275,0.7019,0.692334,0.66322,NS
SET,0.2969,0.5372,0.692586,0.725488,NS
S100A16,0.4148,0.3838,0.693117,0.804696,NS
OTUB1,0.2232,0.713,0.693232,0.658138,NS
GNPDA1,-0.1985,0.8015,0.693269,0.632151,NS
PTGR1,-0.2943,0.5396,0.693743,0.725316,NS
HSD17B10,-0.2063,0.7638,0.695701,0.644453,NS
MECR,-0.2981,0.5286,0.695749,0.730971,NS
UCHL1,0.371,0.4243,0.695947,0.788319,NS
GLUD1,-0.2152,0.7291,0.696797,0.658138,NS
HNRNPA1,0.3113,0.5011,0.698269,0.750437,NS
SLC25A13,-0.2481,0.6272,0.698828,0.696194,NS
MRPL55,-0.3285,0.4711,0.700256,0.76557,NS
MYOZ1,0.5299,0.2916,0.700618,0.836811,NS
CRIP2,0.406,0.3804,0.700764,0.804696,NS
CCDC22,0.3945,0.3912,0.700941,0.799342,NS
PPP3R1,-0.2405,0.6401,0.701539,0.692819,NS
LONP1,-0.2278,0.6725,0.702802,0.676497,NS
LDHB,0.2769,0.5527,0.703025,0.724103,NS
PRKAR1A,0.2088,0.7318,0.703358,0.658138,NS
ALDOA,-0.1786,0.8534,0.704044,0.61005,NS
OSTC,-0.2977,0.5115,0.704287,0.742588,NS
GANAB,0.2804,0.5426,0.704459,0.724103,NS
GPT,-0.2408,0.6315,0.704597,0.694444,NS
DHTKD1,-0.4889,0.3106,0.704957,0.831017,NS
KLHL41,0.263,0.5732,0.706693,0.715286,NS
ARHGDIA,0.2096,0.719,0.70678,0.658138,NS
OXSM,-0.299,0.5029,0.707381,0.750437,NS
ACTR1A,0.2033,0.7389,0.707614,0.657243,NS
GLUL,-0.2485,0.6035,0.708004,0.708173,NS
LSM2,0.4,0.3723,0.709716,0.805742,NS
ACTA1,0.3471,0.4282,0.710169,0.787483,NS
MRPL22,-0.3182,0.4669,0.71025,0.76557,NS
PPP2R1A,0.2463,0.6002,0.711498,0.708173,NS
MB,0.2188,0.6744,0.711956,0.676497,NS
DDOST,0.2433,0.6057,0.712288,0.708173,NS
MTM1,-0.3959,0.372,0.712383,0.805742,NS
SPPL2A,0.3397,0.4336,0.712424,0.785564,NS
ACOT13,-0.241,0.6099,0.712861,0.706463,NS
UCHL5,-0.2858,0.5132,0.713426,0.742255,NS
NDUFA8,-0.256,0.5707,0.714363,0.715286,NS
SYPL1,-0.259,0.5629,0.714832,0.719797,NS
RCN1,0.2844,0.5123,0.715007,0.742255,NS
MPC2,-0.2524,0.5715,0.717393,0.715286,NS
FIS1,0.304,0.4729,0.718171,0.76557,NS
PLN,0.3733,0.3845,0.718541,0.804696,NS
NDUFA6,-0.3464,0.4142,0.718662,0.791652,NS
AK2,-0.1844,0.7764,0.719206,0.643312,NS
TECR,0.3073,0.4657,0.719225,0.76557,NS
GFM1,0.31,0.4617,0.719265,0.766455,NS
YWHAQ,0.2612,0.547,0.719667,0.724103,NS
MRPL44,-0.5209,0.2728,0.720951,0.84057,NS
RPL36,0.3377,0.4197,0.72152,0.789498,NS
PSMC6,0.192,0.7373,0.721766,0.657243,NS
VAMP3,-0.2832,0.4997,0.721903,0.750437,NS
IMPA1,-0.2386,0.5888,0.7236,0.712062,NS
LMNA,0.3477,0.404,0.723648,0.79681,NS
IMMT,-0.2007,0.6977,0.724369,0.663643,NS
FBLN5,-0.3709,0.3746,0.726266,0.805742,NS
CLTC,0.2195,0.632,0.726546,0.694444,NS
PSMD6,0.2559,0.5419,0.726689,0.724103,NS
TOMM70,0.279,0.4954,0.727465,0.755184,NS
ATPAF1,-0.2511,0.5502,0.727514,0.724103,NS
COQ9,-0.1924,0.7172,0.727803,0.658138,NS
ANXA5,0.2333,0.5901,0.72828,0.711602,NS
DTNA,-0.2401,0.5731,0.728449,0.715286,NS
ZBTB9,-0.3032,0.4536,0.728607,0.770369,NS
IRGQ,-0.2811,0.4875,0.72942,0.762683,NS
MAPRE3,0.2424,0.5648,0.729638,0.717696,NS
QDPR,-0.1913,0.7155,0.729662,0.658138,NS
ATP5PB,-0.1616,0.8453,0.730092,0.615059,NS
PDIA4,0.3595,0.3792,0.730605,0.805202,NS
AMPD1,-0.2971,0.4577,0.731192,0.769268,NS
TSNAX,0.3262,0.4163,0.731467,0.790898,NS
PPA2,-0.2463,0.5507,0.731751,0.724103,NS
EIF2S3,0.2074,0.6539,0.731774,0.68667,NS
CARS2,-0.394,0.3439,0.731976,0.811953,NS
RPS27,-0.2989,0.453,0.732121,0.770369,NS
VAPA,0.2889,0.467,0.732964,0.76557,NS
EIF3L,-0.2508,0.5378,0.732988,0.725488,NS
MYBPC1,0.3158,0.4261,0.733553,0.787483,NS
DDAH1,-0.24,0.5595,0.734013,0.723483,NS
GLOD4,0.2072,0.6457,0.734843,0.690778,NS
DEPTOR,-0.2403,0.5543,0.7359,0.724103,NS
CLIC4,0.2933,0.451,0.737432,0.773182,NS
STK38,-0.2874,0.4602,0.737447,0.766905,NS
CALD1,-0.3669,0.3605,0.737465,0.807536,NS
MAP2K4,0.283,0.4666,0.737795,0.76557,NS
PSAP,0.2504,0.5245,0.739021,0.731924,NS
MLYCD,0.2258,0.5778,0.740553,0.715286,NS
DES,0.3934,0.3309,0.741024,0.815959,NS
LAMC1,0.3281,0.3949,0.742036,0.797785,NS
H1-0,0.4085,0.3161,0.742787,0.82436,NS
PPP2CA,0.1828,0.7059,0.742948,0.661782,NS
DHRS4,-0.2935,0.4378,0.74389,0.783286,NS
CISD2,-0.3191,0.4026,0.743935,0.79681,NS
CHCHD3,-0.226,0.5661,0.744866,0.717696,NS
ERGIC1,-0.2621,0.4878,0.744986,0.762683,NS
TLN1,0.2405,0.5274,0.746711,0.730971,NS
TXNRD1,0.1918,0.6597,0.747202,0.683485,NS
EIF3A,0.2097,0.603,0.747415,0.708173,NS
ERLIN2,0.2391,0.5282,0.747715,0.730971,NS
SLC1A4,-0.3568,0.3538,0.74778,0.808763,NS
NDUFB8,-0.2966,0.424,0.748576,0.788319,NS
NMT1,-0.3021,0.4161,0.748665,0.790898,NS
CNPY2,-0.2823,0.4444,0.749119,0.777623,NS
PAIP1,0.2655,0.472,0.749333,0.76557,NS
JPH1,0.2799,0.4477,0.74937,0.776101,NS
DNAJA4,0.2505,0.4985,0.750082,0.75155400000000006,NS
UBXN1,-0.224,0.5558,0.75078,0.724103,NS
PRKCSH,0.2084,0.597,0.750865,0.708173,NS
TARS1,-0.2911,0.4264,0.751428,0.787483,NS
C11orf68,-0.1947,0.6368,0.751595,0.692819,NS
TOMM40,0.3123,0.397,0.75167,0.797785,NS
UBAC1,-0.1977,0.6204,0.753997,0.701424,NS
PDLIM7,-0.3715,0.3277,0.755533,0.816655,NS
CCT7,0.2031,0.5992,0.755583,0.708173,NS
PSMB2,-0.1875,0.6475,0.756168,0.690212,NS
CCT4,0.1854,0.6546,0.756217,0.68667,NS
NDUFS7,-0.3006,0.4035,0.756353,0.79681,NS
RDX,-0.1684,0.72,0.756399,0.658138,NS
RPS3A,0.236,0.5133,0.756564,0.742255,NS
MT-ND1,-0.2907,0.4156,0.7572,0.790953,NS
NAPA,0.1814,0.6629,0.758195,0.683485,NS
PMM2,0.2475,0.4854,0.758376,0.762683,NS
PYGB,-0.2104,0.5706,0.758476,0.715286,NS
MRPS28,0.2707,0.4426,0.758895,0.779123,NS
CPNE1,0.2873,0.4164,0.75921400000000006,0.790898,NS
TNNC1,0.3211,0.372,0.759554,0.805742,NS
PFDN6,-0.2195,0.5435,0.759846,0.724103,NS
STAC3,-0.255,0.4676,0.759929,0.76557,NS
ISOC2,-0.2296,0.5182,0.760384,0.739842,NS
TOM1,0.2072,0.5719,0.761259,0.715286,NS
COL1A2,-0.5912,0.1986,0.763078,0.874835,NS
L2HGDH,-0.2399,0.4865,0.764318,0.762683,NS
RDH11,-0.251,0.4649,0.764333,0.76557,NS
MPP1,0.3352,0.3482,0.764365,0.809114,NS
PLEC,0.2568,0.454,0.764566,0.770369,NS
LAMA2,-0.2948,0.3945,0.765019,0.797785,NS
GNG12,-0.2809,0.4116,0.766272,0.794718,NS
SRPRB,0.2249,0.5134,0.76653,0.742255,NS
PSMB1,-0.1748,0.6569,0.767692,0.685515,NS
PRKG1,-0.3063,0.3741,0.768093,0.805742,NS
CCT2,0.2103,0.5442,0.768366,0.724103,NS
FXN,-0.2408,0.4744,0.768692,0.76557,NS
HMGB1,0.2314,0.4899,0.77024,0.762683,NS
FYCO1,-0.2447,0.4632,0.770265,0.76557,NS
COA3,-0.2794,0.4051,0.770534,0.79681,NS
UROD,0.3055,0.3699,0.770879,0.805742,NS
EMC1,0.3154,0.3582,0.770938,0.808763,NS
MRPL49,-0.2879,0.391,0.771685,0.799342,NS
COPS7A,-0.1546,0.7262,0.772211,0.658138,NS
MAT2B,-0.2431,0.4614,0.772381,0.766455,NS
UBE2O,0.4066,0.2747,0.773233,0.84057,NS
PDCD6,-0.2232,0.5001,0.773335,0.750437,NS
CAV1,0.2755,0.4047,0.77357,0.79681,NS
FHL1,0.1769,0.6302,0.77361,0.694444,NS
CCT5,0.1838,0.6064,0.773698,0.708173,NS
RALA,-0.2005,0.5551,0.773946,0.724103,NS
RPS15,0.4542,0.2448,0.77407,0.851999,NS
HNRNPH3,0.291,0.3813,0.7745,0.804696,NS
ATXN10,-0.3385,0.3276,0.774625,0.816655,NS
RPS10,0.3543,0.3113,0.775681,0.831017,NS
SPTBN1,0.2728,0.4025,0.7766,0.79681,NS
CSTB,0.2036,0.5361,0.777752,0.726043,NS
OSBP,-0.2297,0.4733,0.778515,0.76557,NS
PAK1,-0.2728,0.3979,0.778828,0.797785,NS
SPCS1,0.279,0.3881,0.779307,0.802896,NS
YWHAE,0.1958,0.5502,0.780323,0.724103,NS
NUDC,0.2122,0.5053,0.781216,0.749426,NS
ENO2,-0.3142,0.3391,0.782435,0.815959,NS
MRPL13,-0.2999,0.355,0.782579,0.808763,NS
RPS15A,0.1974,0.5373,0.783285,0.725488,NS
ACACA,-0.302,0.3511,0.783339,0.808763,NS
EIF6,0.2336,0.4533,0.783646,0.770369,NS
RPS16,0.1962,0.5394,0.783713,0.725316,NS
PPP1CC,0.2825,0.3743,0.783885,0.805742,NS
BTF3L4,0.2206,0.4787,0.784137,0.76378,NS
RPL5,0.3138,0.3357,0.784622,0.815959,NS
IL18,0.3975,0.2641,0.785263,0.846945,NS
PCCB,-0.195,0.5328,0.787219,0.728696,NS
AHNAK,0.2327,0.4464,0.78729,0.776658,NS
TMED10,0.2285,0.4538,0.787612,0.770369,NS
OSBPL11,-0.2588,0.3988,0.788443,0.797785,NS
THOP1,-0.2945,0.3502,0.788654,0.808763,NS
UBE2V2,0.1798,0.5721,0.789114,0.715286,NS
GSTM2,0.2035,0.5047,0.789373,0.749453,NS
SCARB2,-0.3021,0.337,0.791056,0.815959,NS
SIRT2,-0.2862,0.3529,0.792511,0.808763,NS
IMPA2,-0.2392,0.4199,0.793541,0.789498,NS
FLNA,0.2164,0.4639,0.793638,0.76557,NS
GSTZ1,0.2747,0.3654,0.79367,0.806385,NS
PNPO,-0.206,0.4851,0.794418,0.762683,NS
RPSA,0.2449,0.4074,0.794742,0.79681,NS
ME2,0.2614,0.3809,0.795174,0.804696,NS
TATDN1,-0.2468,0.4015,0.795982,0.797465,NS
MYH4,0.3974,0.2479,0.797072,0.851527,NS
GBE1,0.2347,0.4188,0.797455,0.790296,NS
TMEM205,0.2227,0.4383,0.79872,0.783286,NS
RNPEP,-0.1855,0.5234,0.79967,0.73286,NS
HDHD5,-0.2456,0.3948,0.799932,0.797785,NS
ACTN1,0.448,0.2163,0.800009,0.872234,NS
PRMT5,-0.18,0.537,0.800498,0.725488,NS
LDB3,0.1982,0.4868,0.800749,0.762683,NS
VDAC1,-0.1672,0.5769,0.800857,0.715286,NS
NEK7,-0.2446,0.3936,0.801146,0.797834,NS
RDH14,0.2692,0.3557,0.802083,0.808763,NS
DYNC1I2,0.1885,0.508,0.802117,0.74761,NS
UFL1,0.2483,0.3844,0.802712,0.804696,NS
MOB4,0.2259,0.4215,0.803101,0.788319,NS
SRP9,-0.2056,0.4633,0.803105,0.76557,NS
QARS1,-0.1744,0.5435,0.80396,0.724103,NS
RANBP1,-0.2567,0.3686,0.804187,0.805742,NS
ACOT2,-0.1649,0.5732,0.804449,0.715286,NS
TXLNB,-0.1989,0.4748,0.804533,0.76557,NS
ANXA11,-0.1387,0.6803,0.804665,0.673747,NS
EHD4,-0.2734,0.3448,0.804883,0.811953,NS
PRDX6,0.1633,0.5757,0.805358,0.715286,NS
ANXA4,0.2193,0.4279,0.805734,0.787483,NS
RPS17,0.2708,0.3434,0.807251,0.811953,NS
IDE,-0.1642,0.565,0.807684,0.717696,NS
TUBB2A,0.2496,0.3708,0.808062,0.805742,NS
SUGT1,0.3587,0.2577,0.808265,0.846945,NS
APEH,-0.149,0.6184,0.808851,0.702485,NS
TBCB,-0.2125,0.4328,0.809137,0.78596,NS
RPL13,0.2549,0.3607,0.809173,0.807536,NS
PGAM1,-0.1594,0.5765,0.809299,0.715286,NS
PFN1,0.1816,0.5058,0.809414,0.749426,NS
ALDH5A1,-0.1792,0.5123,0.809467,0.742255,NS
CDNF,-0.2583,0.3553,0.809491,0.808763,NS
SDHA,-0.1437,0.6372,0.809887,0.692819,NS
BZW1,-0.2885,0.3173,0.809934,0.823762,NS
MRPL38,-0.2979,0.3073,0.809946,0.831208,NS
GLRX3,-0.2195,0.4164,0.810172,0.790898,NS
CPPED1,0.2276,0.4012,0.810367,0.797465,NS
PITHD1,0.2607,0.3499,0.810552,0.808763,NS
NEXN,0.2787,0.3262,0.811129,0.816655,NS
MRPS17,-0.247,0.3666,0.811788,0.805742,NS
MT-ND5,-0.2471,0.3643,0.812765,0.807196,NS
SYPL2,0.2005,0.4491,0.812765,0.774756,NS
HTRA2,-0.2572,0.3496,0.812988,0.808763,NS
FLNC,0.1648,0.5437,0.813539,0.724103,NS
MMAB,-0.2545,0.3515,0.813822,0.808763,NS
RPS18,0.2049,0.4359,0.814099,0.78392,NS
KARS1,-0.1718,0.5176,0.814823,0.739854,NS
PLGRKT,-0.2444,0.3609,0.816192,0.807536,NS
FN3K,-0.2057,0.4277,0.816628,0.787483,NS
VKORC1L1,0.2397,0.3669,0.816711,0.805742,NS
ACACB,0.2912,0.3017,0.816831,0.832205,NS
COL15A1,0.2723,0.3223,0.816994,0.820415,NS
ASS1,0.2792,0.3144,0.817013,0.826844,NS
PTCD3,0.332,0.2628,0.81802,0.846945,NS
NNT,-0.1636,0.5323,0.818303,0.728696,NS
ALDH6A1,-0.2197,0.3951,0.81885,0.797785,NS
PDPR,-0.2506,0.3448,0.819573,0.811953,NS
SLC44A2,-0.23,0.3748,0.819961,0.805742,NS
COPB2,0.2332,0.3674,0.820977,0.805742,NS
FH,-0.131,0.6541,0.820996,0.68667,NS
DMAC2L,-0.2368,0.3616,0.821024,0.807536,NS
USP47,-0.1864,0.4583,0.821438,0.769154,NS
QKI,0.1928,0.4421,0.821833,0.779123,NS
UBQLN1,-0.2016,0.4227,0.821843,0.788319,NS
SYNGR2,0.2005,0.4222,0.822884,0.788319,NS
COL6A1,-0.3302,0.2555,0.823458,0.847131,NS
DDX19A,-0.1776,0.4746,0.823617,0.76557,NS
TPM3,0.3054,0.2733,0.825125,0.84057,NS
HSD17B8,-0.2304,0.3613,0.825574,0.807536,NS
RABGGTA,-0.205,0.4048,0.826084,0.79681,NS
GABARAPL2,0.2588,0.3198,0.826506,0.82348,NS
NGLY1,0.2979,0.2771,0.826859,0.84057,NS
PRKACA,0.1763,0.4683,0.826914,0.76557,NS
PCBD1,-0.1716,0.4801,0.827183,0.76378,NS
COL6A3,0.2772,0.2967,0.827477,0.833319,NS
SLC25A4,-0.1682,0.4881,0.827724,0.762683,NS
TNNT3,0.2797,0.2934,0.827822,0.834524,NS
PLCL2,-0.3216,0.2548,0.828023,0.847131,NS
FAM162A,-0.1704,0.4799,0.828414,0.76378,NS
NSFL1C,0.1416,0.5762,0.828688,0.715286,NS
NDUFA7,-0.2499,0.326,0.828927,0.816655,NS
HSPD1,-0.152,0.534,0.829534,0.728448,NS
RAB1B,0.1906,0.4254,0.829678,0.788005,NS
ATP5PF,-0.1689,0.4795,0.829917,0.76378,NS
PSMA2,0.2046,0.3939,0.830661,0.797834,NS
MYH3,0.3244,0.2484,0.830674,0.851527,NS
HIBCH,-0.2151,0.3743,0.830784,0.805742,NS
RPL27A,0.2934,0.273,0.831578,0.84057,NS
MBNL1,0.175,0.4543,0.832691,0.770369,NS
YWHAB,0.1791,0.4414,0.833526,0.779425,NS
SNX3,0.1964,0.4025,0.83356,0.79681,NS
RBM38,-0.1975,0.4002,0.833617,0.797499,NS
RPS26,0.2382,0.3312,0.833896,0.815959,NS
SORD,-0.2181,0.3609,0.834214,0.807536,NS
RAP2B,0.3714,0.2117,0.834403,0.872234,NS
DDX1,0.1879,0.4182,0.834497,0.790452,NS
MICU2,-0.2184,0.3596,0.834554,0.807756,NS
STX7,0.1987,0.3949,0.834724,0.797785,NS
TXN,0.1885,0.4136,0.835655,0.791969,NS
EIF4A2,0.1554,0.5012,0.835842,0.750437,NS
PAFAH1B3,-0.2811,0.2768,0.835972,0.84057,NS
TPI1,-0.1277,0.6063,0.836675,0.708173,NS
CAPNS1,0.1796,0.4311,0.836717,0.787367,NS
PLPBP,-0.1727,0.4473,0.837052,0.776101,NS
PTGES2,-0.1889,0.4088,0.837127,0.796436,NS
NDUFA12,-0.1964,0.3926,0.837359,0.798859,NS
PGRMC2,-0.1663,0.4631,0.837511,0.76557,NS
RAB6A,-0.2016,0.3814,0.837707,0.804696,NS
CES2,0.21560000000000001,0.3564,0.837835,0.808763,NS
IPO7,-0.2154,0.3568,0.837841,0.808763,NS
CAPN3,-0.2328,0.3298,0.837942,0.816396,NS
TMOD1,0.2719,0.282,0.838146,0.839583,NS
RPL17,0.2574,0.2961,0.839086,0.833752,NS
GYG1,-0.1765,0.4285,0.840159,0.787483,NS
ATP1A1,-0.161,0.4695,0.840235,0.76557,NS
SYNPO2L,0.3337,0.2262,0.840451,0.865893,NS
MYH14,0.1645,0.4572,0.840981,0.769268,NS
SGCA,-0.1856,0.4047,0.841186,0.79681,NS
APRT,0.2023,0.3706,0.841469,0.805742,NS
ATIC,0.1741,0.43,0.84168,0.787483,NS
TUBB6,0.2172,0.3438,0.842037,0.811953,NS
GSTP1,0.1408,0.5302,0.842096,0.730071,NS
SEC31A,0.1853,0.4003,0.842955,0.797499,NS
UFM1,-0.1929,0.3827,0.843647,0.804696,NS
RAB21,0.2608,0.2825,0.843932,0.839583,NS
PSMB5,-0.1421,0.5146,0.845016,0.742255,NS
SEPTIN7,0.1936,0.3768,0.845402,0.805742,NS
COQ10A,-0.2299,0.3168,0.845606,0.823762,NS
S100A10,-0.228,0.3169,0.846762,0.823762,NS
LANCL1,0.1856,0.3888,0.846881,0.802396,NS
AHCY,0.1481,0.4813,0.848625,0.76378,NS
PFDN2,-0.1848,0.3849,0.848916,0.804696,NS
GNB2,-0.1677,0.4237,0.849055,0.788319,NS
PCBD2,-0.1484,0.4786,0.849137,0.76378,NS
SNRPD3,-0.2176,0.3264,0.849149,0.816655,NS
APOBEC2,-0.1879,0.3736,0.850745,0.805742,NS
MOCS2,0.2749,0.2553,0.850793,0.847131,NS
SHOC2,0.2677,0.2611,0.851338,0.846945,NS
SLIRP,-0.1814,0.3851,0.851436,0.804696,NS
BCKDK,0.3376,0.2065,0.851667,0.874835,NS
GSPT1,-0.175,0.3982,0.851772,0.797785,NS
ARF6,0.2409,0.2891,0.851837,0.836967,NS
SHMT1,-0.2068,0.3355,0.85239,0.815959,NS
FAM114A2,-0.188,0.3678,0.852779,0.805742,NS
LARS1,0.1618,0.4264,0.853139,0.787483,NS
PGLS,-0.1831,0.3767,0.853178,0.805742,NS
UBXN6,0.2239,0.3079,0.853182,0.831208,NS
MYH1,0.3145,0.2189,0.853405,0.869767,NS
RNH1,0.1367,0.503,0.853555,0.750437,NS
ATP6V1H,-0.222,0.3078,0.854394,0.831208,NS
RPS14,0.2296,0.2967,0.854852,0.833319,NS
UQCRQ,-0.1832,0.3693,0.855775,0.805742,NS
PTGR2,-0.1592,0.423,0.856382,0.788319,NS
NDUFA3,0.2207,0.3039,0.856891,0.831208,NS
COASY,0.233,0.2876,0.857049,0.836967,NS
CRIP1,0.3021,0.2216,0.857158,0.866392,NS
ANK2,-0.1635,0.4088,0.857371,0.796436,NS
LAP3,0.1891,0.3533,0.857437,0.808763,NS
CAV2,0.2994,0.223,0.85748,0.866023,NS
ISOC1,-0.2013,0.3314,0.857626,0.815959,NS
TNNC2,0.2187,0.3049,0.857677,0.831208,NS
GNA11,-0.222,0.2982,0.858643,0.832965,NS
SNRPG,0.224,0.2953,0.8587,0.833761,NS
ADHFE1,-0.2534,0.2602,0.859132,0.846945,NS
CBR4,-0.1755,0.3726,0.860218,0.805742,NS
YWHAG,0.1672,0.391,0.860265,0.799342,NS
PFDN5,-0.1824,0.3575,0.860577,0.808763,NS
ACOT9,0.1939,0.3359,0.860785,0.815959,NS
PSME1,0.1759,0.3701,0.860837,0.805742,NS
SEC23A,0.2129,0.3056,0.860861,0.831208,NS
PSMA1,-0.139,0.4681,0.860883,0.76557,NS
IQGAP1,0.2202,0.2949,0.861104,0.833761,NS
FABP5,-0.1932,0.3344,0.861797,0.815959,NS
NTMT1,-0.2307,0.2793,0.86208,0.84057,NS
CAVIN2,-0.1794,0.3571,0.862867,0.808763,NS
UQCRC2,-0.141,0.4541,0.862902,0.770369,NS
NDRG2,-0.1493,0.4285,0.863077,0.787483,NS
MME,-0.2475,0.2578,0.863409,0.846945,NS
SFXN1,-0.2087,0.3052,0.863613,0.831208,NS
NDUFB7,-0.1949,0.3263,0.863818,0.816655,NS
LXN,0.3039,0.209,0.863919,0.873849,NS
TBCA,0.1638,0.387,0.864202,0.804123,NS
TACC2,-0.2112,0.3001,0.864244,0.832205,NS
ANK1,0.2668,0.2364,0.864812,0.858102,NS
RAB10,0.214,0.2944,0.864989,0.834013,NS
USP14,0.1334,0.4715,0.865132,0.76557,NS
HOOK3,0.4699,0.1337,0.865294,0.907345,NS
UBE2D1,-0.2085,0.3,0.865888,0.832205,NS
STT3B,-0.1938,0.322,0.866135,0.820415,NS
TMEM143,0.2189,0.2838,0.866733,0.839583,NS
PSMB7,-0.1696,0.3658,0.866901,0.806369,NS
DECR1,-0.1268,0.4844,0.868143,0.76294,NS
ILK,-0.1818,0.3367,0.868533,0.815959,NS
HADHB,-0.115,0.5253,0.870153,0.731924,NS
GRHPR,-0.1247,0.4828,0.870558,0.76378,NS
CDH13,-0.1821,0.3295,0.870956,0.816396,NS
LPCAT3,0.2081,0.2877,0.87123,0.836967,NS
SEPTIN11,-0.2307,0.259,0.871449,0.846945,NS
SLC2A1,0.2777,0.2146,0.871773,0.872234,NS
HIKESHI,-0.2243,0.2654,0.871894,0.846945,NS
NDUFAF5,0.2396,0.2465,0.872859,0.851999,NS
PLIN5,-0.2283,0.2576,0.873349,0.846945,NS
UQCR11,0.2517,0.2331,0.873612,0.861106,NS
MACROD1,-0.1425,0.409,0.874449,0.796436,NS
MT-CYB,-0.2126,0.2739,0.874544,0.84057,NS
UBA2,-0.1822,0.3189,0.874754,0.823762,NS
NPEPL1,-0.1733,0.3349,0.874926,0.815959,NS
TAGLN2,0.1737,0.3325,0.875447,0.815959,NS
CYB5B,-0.1563,0.3684,0.875804,0.805742,NS
DPP3,0.1513,0.3805,0.875873,0.804696,NS
BANF1,0.1739,0.3308,0.87592,0.815959,NS
DNM2,-0.1555,0.3688,0.876291,0.805742,NS
GHITM,-0.215,0.266,0.876611,0.846945,NS
AK3,-0.1632,0.35,0.876777,0.808763,NS
CRADD,0.2486,0.2293,0.876986,0.863011,NS
GSR,0.1407,0.404,0.877304,0.79681,NS
SLC25A46,-0.1697,0.3331,0.877949,0.815959,NS
CAP2,0.1818,0.3095,0.878447,0.831017,NS
MTHFD1,0.1284,0.4364,0.878987,0.78392,NS
MT-CO2,-0.1811,0.3088,0.879144,0.831093,NS
TMOD4,0.2398,0.2328,0.879365,0.861106,NS
RAB14,-0.1863,0.2995,0.879395,0.832205,NS
PDK4,0.278,0.2,0.879788,0.874835,NS
MSI2,0.16,0.3464,0.880223,0.811678,NS
SNTB2,-0.1692,0.3258,0.880817,0.816655,NS
IARS2,-0.1352,0.4031,0.882093,0.79681,NS
PTGES3,-0.1787,0.3031,0.882756,0.831208,NS
CHMP1B,0.2255,0.2393,0.883158,0.857007,NS
ABHD14B,-0.1424,0.3768,0.883747,0.805742,NS
ASAH1,-0.1854,0.2876,0.88445,0.836967,NS
TMEM126A,-0.2491,0.2135,0.884753,0.872234,NS
RACK1,0.1596,0.3325,0.885001,0.815959,NS
YBX3,0.1417,0.3743,0.885048,0.805742,NS
NIT2,0.1557,0.3401,0.885169,0.815571,NS
DTD1,0.1821,0.2895,0.885672,0.836967,NS
PAFAH1B2,-0.1753,0.3006,0.885718,0.832205,NS
MAP3K20,0.1319,0.3989,0.88592,0.797785,NS
SLC25A5,0.1965,0.267,0.886218,0.846945,NS
PDP1,-0.2171,0.2403,0.886821,0.856929,NS
LUM,-0.1818,0.2858,0.887258,0.837428,NS
SLC25A11,-0.1589,0.326,0.887538,0.816655,NS
CAMK2A,-0.1848,0.2784,0.888302,0.84057,NS
DCTN3,0.1976,0.26,0.888452,0.846945,NS
NDUFV1,-0.1508,0.3398,0.888727,0.815571,NS
NXN,0.1925,0.2658,0.888888,0.846945,NS
DYNLT1,-0.2057,0.2481,0.889089,0.851527,NS
SCFD1,-0.2121,0.2397,0.889557,0.857007,NS
CTPS1,0.3173,0.1592,0.89018,0.894256,NS
CDC42,0.1761,0.2864,0.890371,0.837428,NS
SBDS,0.1443,0.3492,0.890424,0.808763,NS
CIRBP,0.165,0.3047,0.890662,0.831208,NS
RPS11,-0.213,0.2324,0.89229,0.861106,NS
HSPA2,-0.1655,0.299,0.892323,0.832575,NS
SNCA,0.2768,0.1786,0.892382,0.882915,NS
MCCC1,0.1906,0.2592,0.892491,0.846945,NS
TSN,0.171,0.2863,0.893375,0.837428,NS
ATP6V1G1,-0.1656,0.2953,0.893486,0.833761,NS
GRSF1,0.1674,0.2914,0.893721,0.836811,NS
ACADS,-0.186,0.2616,0.89401,0.846945,NS
GPAT3,0.198,0.2454,0.89415,0.851999,NS
SDR39U1,0.2289,0.2117,0.894426,0.872234,NS
AKR1C2,0.2414,0.2001,0.894749,0.874835,NS
BCAT2,-0.171,0.2823,0.894795,0.839583,NS
HSPH1,0.2119,0.2277,0.894856,0.864963,NS
UBE2I,-0.1649,0.2898,0.895821,0.836967,NS
PDXK,0.1577,0.3026,0.895925,0.831439,NS
KPNA4,0.1407,0.3355,0.897014,0.815959,NS
PRDX3,-0.1282,0.3677,0.89716,0.805742,NS
ADK,-0.1588,0.2967,0.897215,0.833319,NS
KIF5B,0.1348,0.3456,0.8983,0.811953,NS
RAB5C,0.19,0.2449,0.898406,0.851999,NS
WARS1,0.1357,0.3429,0.898416,0.811953,NS
KPNA6,-0.1532,0.3034,0.898505,0.831208,NS
EIF2S2,-0.1893,0.2449,0.898719,0.851999,NS
PSMC4,0.1217,0.3793,0.899174,0.805202,NS
PTPN11,-0.1568,0.2938,0.899338,0.83434,NS
LAMP2,-0.1794,0.2567,0.899415,0.847131,NS
EIF2S1,0.1264,0.3641,0.899464,0.807196,NS
SDHB,-0.1162,0.3955,0.899545,0.797785,NS
TOMM7,0.3156,0.1444,0.90042,0.903233,NS
HSPB8,0.1527,0.298,0.900517,0.832965,NS
ADSL,-0.1425,0.3187,0.900743,0.823762,NS
HLA-A,0.1925,0.2351,0.901055,0.859212,NS
CAPZA1,-0.2354,0.1921,0.901102,0.878478,NS
PIP4K2B,0.1584,0.2856,0.901115,0.837428,NS
TIPRL,0.2161,0.2088,0.901316,0.873849,NS
GSS,0.1454,0.3103,0.901368,0.831017,NS
AARS1,-0.1469,0.3052,0.90192,0.831208,NS
CNBP,-0.1352,0.3316,0.901929,0.815959,NS
TXNDC12,0.1636,0.2728,0.902356,0.84057,NS
HLA-DRA,0.2209,0.2015,0.9026,0.874835,NS
NUBPL,-0.1851,0.2403,0.902682,0.856929,NS
ACAA1,0.1638,0.2706,0.902974,0.842031,NS
ACYP2,0.1418,0.3087,0.904122,0.831093,NS
LAMTOR2,-0.1635,0.2667,0.904461,0.846945,NS
STK38L,0.1683,0.2588,0.904571,0.846945,NS
HSPBP1,-0.1583,0.2747,0.904736,0.84057,NS
ITGA7,-0.1564,0.2772,0.905016,0.84057,NS
THY1,-0.287,0.1503,0.905417,0.899722,NS
AP2B1,0.1552,0.2769,0.905796,0.84057,NS
NT5C1A,-0.1569,0.2724,0.9063,0.84057,NS
AGMAT,0.1888,0.2246,0.906977,0.866023,NS
RPS21,0.1549,0.2712,0.90779,0.842031,NS
PPA1,-0.1204,0.3482,0.907949,0.809114,NS
DDX19B,0.2878,0.1455,0.90805,0.903233,NS
RPL23A,0.165,0.2529,0.908372,0.847205,NS
TMED5,0.1748,0.2386,0.90845,0.857363,NS
RAB2B,-0.2204,0.1884,0.908795,0.881995,NS
MDH1,-0.1125,0.3674,0.909222,0.805742,NS
MAP2K2,-0.1361,0.3032,0.909343,0.831208,NS
IMPDH2,0.127,0.3236,0.909733,0.820013,NS
LDHA,-0.1451,0.2817,0.910155,0.839583,NS
S100A6,0.2554,0.1595,0.910459,0.894256,NS
CASQ1,0.115,0.3536,0.91063,0.808763,NS
ACSL3,0.1153,0.3522,0.910734,0.808763,NS
ESYT1,0.1822,0.2226,0.910843,0.866023,NS
CD9,0.3217,0.1259,0.910977,0.912888,NS
EIF3C,0.122,0.3306,0.911291,0.815959,NS
CKB,-0.1264,0.3178,0.911671,0.823762,NS
NRAP,0.163,0.2464,0.911678,0.851999,NS
HDHD2,-0.1555,0.2577,0.911868,0.846945,NS
ERO1A,-0.1941,0.2056,0.912209,0.874835,NS
SEPTIN6,0.289,0.137,0.912839,0.907345,NS
DPYSL3,-0.1712,0.2313,0.912847,0.861106,NS
TSPO,-0.1939,0.204,0.912949,0.874835,NS
NDUFS1,-0.1206,0.3265,0.913307,0.816655,NS
CACNA1S,-0.127,0.3098,0.913371,0.831017,NS
GCLC,0.2042,0.1918,0.913745,0.878478,NS
TNNI1,0.2133,0.1836,0.913784,0.882645,NS
TUFM,-0.1086,0.3595,0.914024,0.807756,NS
HLA-B,0.1948,0.199,0.914605,0.874835,NS
PPIL3,0.1858,0.2086,0.914629,0.873849,NS
SRL,-0.1336,0.2885,0.915073,0.836967,NS
NIPSNAP3A,0.1624,0.235,0.915898,0.859212,NS
COX5A,-0.1318,0.2885,0.916144,0.836967,NS
DARS2,-0.1759,0.2161,0.916196,0.872234,NS
RAB18,0.1469,0.2582,0.916363,0.846945,NS
RPL38,0.1663,0.2273,0.916655,0.864963,NS
OPA3,0.1779,0.2122,0.916738,0.872234,NS
GMFB,0.189,0.1998,0.916751,0.874835,NS
UQCR10,-0.175,0.2155,0.916857,0.872234,NS
EIF4G1,-0.1253,0.3005,0.916931,0.832205,NS
CAPN1,-0.0985,0.3818,0.91702,0.804696,NS
PRDX1,0.1112,0.3353,0.917707,0.815959,NS
PSMF1,-0.1559,0.2383,0.918019,0.857363,NS
SRI,0.1834,0.2021,0.918203,0.874835,NS
RTN2,-0.1579,0.2318,0.919193,0.861106,NS
FLNB,0.1252,0.2905,0.919684,0.836967,NS
MT-ATP8,-0.1885,0.1925,0.919844,0.878478,NS
ELOC,0.1311,0.2758,0.920103,0.84057,NS
FITM1,0.1911,0.1882,0.920506,0.881995,NS
DRG1,0.2317,0.1538,0.92123,0.896408,NS
GNB1,0.1224,0.2901,0.921507,0.836967,NS
LDHD,-0.1483,0.2392,0.921581,0.857007,NS
NDUFB11,0.1441,0.2459,0.921619,0.851999,NS
MCEE,0.1461,0.2423,0.921704,0.855612,NS
MT-CO1,0.1932,0.1832,0.92174,0.882645,NS
ATP5PD,-0.1056,0.3343,0.921925,0.815959,NS
UQCRB,-0.1111,0.3174,0.921975,0.823762,NS
ETFA,-0.0977,0.3607,0.922054,0.807536,NS
GPX4,-0.1262,0.2779,0.922445,0.84057,NS
COX17,-0.1517,0.2297,0.922907,0.863011,NS
PPP5C,-0.1081,0.3221,0.92293,0.820415,NS
PGM1,-0.1008,0.3429,0.923459,0.811953,NS
SMS,-0.1628,0.2112,0.923861,0.872515,NS
GYPC,-0.2153,0.1593,0.924085,0.894256,NS
PTRHD1,0.1458,0.2336,0.924579,0.861106,NS
MPDU1,0.1764,0.192,0.924951,0.878478,NS
HADH,-0.1198,0.2828,0.924953,0.839583,NS
NDUFA9,0.1295,0.2614,0.924988,0.846945,NS
RPS4X,0.1275,0.2652,0.925124,0.846945,NS
UGP2,0.1003,0.335,0.925539,0.815959,NS
SELENBP1,-0.1304,0.2559,0.926077,0.847131,NS
OSBPL1A,0.1825,0.1813,0.926646,0.882915,NS
TKFC,-0.1477,0.2225,0.927103,0.866023,NS
RPL24,-0.1646,0.1992,0.927275,0.874835,NS
C11orf54,-0.1263,0.2556,0.92835,0.847131,NS
SYNJ2BP,-0.106,0.3035,0.928637,0.831208,NS
GNAS,0.1274,0.2503,0.929201,0.850211,NS
PUDP,-0.1596,0.199,0.92947,0.874835,NS
NDUFS6,-0.1481,0.2141,0.929602,0.872234,NS
ALDH1A1,-0.1411,0.2243,0.92972,0.866023,NS
PPP1R2,-0.1729,0.1826,0.929886,0.882645,NS
SGCB,0.1166,0.2705,0.929923,0.842031,NS
ASPH,-0.1747,0.1803,0.930038,0.882915,NS
FAM98A,-0.1636,0.191,0.930565,0.878829,NS
CYSTM1,0.1922,0.1606,0.931396,0.893838,NS
NT5C2,-0.1583,0.1949,0.931451,0.87744,NS
CYB5R3,0.1121,0.2749,0.931484,0.84057,NS
GPD2,-0.1085,0.2823,0.931875,0.839583,NS
PVALB,-0.2551,0.1195,0.932227,0.915752,NS
ALDH7A1,-0.1361,0.2238,0.93225,0.866023,NS
TTC38,0.1736,0.1754,0.932304,0.886439,NS
ACADVL,-0.0892,0.3412,0.932314,0.814338,NS
PPCS,0.1603,0.1891,0.932572,0.881995,NS
RAB1A,-0.1445,0.2092,0.932762,0.873849,NS
UQCRC1,-0.0909,0.3322,0.932794,0.815959,NS
LIMS3,0.1374,0.2192,0.932985,0.869767,NS
HSPB3,0.1128,0.2669,0.933035,0.846945,NS
CNIH4,-0.146,0.2062,0.933037,0.874835,NS
KRAS,0.1482,0.2025,0.933228,0.874835,NS
CCDC43,-0.1679,0.1787,0.933242,0.882915,NS
ENO3,-0.1067,0.2809,0.933283,0.840448,NS
HUWE1,0.1477,0.2024,0.933464,0.874835,NS
PRKAA2,-0.1047,0.2855,0.933471,0.837428,NS
STOML2,0.1178,0.2523,0.933853,0.847711,NS
CACNB3,-0.107,0.2776,0.933894,0.84057,NS
GORASP2,0.1689,0.1758,0.933912,0.886398,NS
TPM1,0.1725,0.172,0.933959,0.887147,NS
DDT,-0.1594,0.1859,0.934022,0.882645,NS
ACOT1,-0.1771,0.1663,0.934403,0.891344,NS
PRDX4,0.1175,0.2485,0.934989,0.851527,NS
PRKAG1,-0.1167,0.2499,0.935022,0.850241,NS
RTN4,0.123,0.2367,0.935159,0.858102,NS
VPS29,-0.205,0.1418,0.935261,0.903233,NS
GAMT,-0.1091,0.265,0.9356,0.846945,NS
ETFRF1,-0.1865,0.1549,0.935617,0.895903,NS
CLIC1,0.1486,0.1942,0.935703,0.877654,NS
HAGH,0.0912,0.3126,0.936441,0.829578,NS
UQCRFS1,-0.1026,0.2774,0.936543,0.84057,NS
NIPSNAP2,-0.1096,0.2588,0.9368,0.846945,NS
KPNA3,0.1218,0.2318,0.937081,0.861106,NS
MSRB2,0.1324,0.2131,0.937124,0.872234,NS
NDUFA4,-0.1277,0.2181,0.937882,0.870737,NS
MYH8,-0.21,0.1326,0.937897,0.908312,NS
CNDP2,0.1298,0.2141,0.93803,0.872234,NS
AK1,0.0912,0.3046,0.938059,0.831208,NS
CYC1,0.117,0.2362,0.938341,0.858102,NS
EHD1,0.1043,0.2645,0.938471,0.846945,NS
EIF4H,0.1002,0.2743,0.938686,0.84057,NS
RNF114,-0.1539,0.1784,0.938752,0.882915,NS
KPNA1,0.135,0.2029,0.93887,0.874835,NS
TMEM109,-0.1423,0.1922,0.938979,0.878478,NS
GLRX,0.1326,0.2058,0.939102,0.874835,NS
ALAD,0.1485,0.183,0.939328,0.882645,NS
RPL37A,-0.1876,0.1448,0.939401,0.903233,NS
TLN2,0.1367,0.1985,0.939425,0.874835,NS
CALR,0.1178,0.23,0.939508,0.863011,NS
HSDL1,-0.1311,0.2062,0.939655,0.874835,NS
BCKDHB,0.188,0.1429,0.940018,0.903233,NS
CCT6A,0.1103,0.2428,0.940195,0.855385,NS
DNAJA2,0.1049,0.2544,0.940405,0.847131,NS
STRAP,0.1036,0.2567,0.9406,0.847131,NS
TMX3,0.1254,0.2098,0.941204,0.873849,NS
PGM5,0.1337,0.1956,0.941579,0.876731,NS
RPS2,0.1174,0.2223,0.941675,0.866023,NS
HARS1,-0.0952,0.2733,0.941833,0.84057,NS
SYNM,-0.1564,0.1647,0.942397,0.891938,NS
PSMD10,0.1211,0.2118,0.942641,0.872234,NS
TNS1,0.1397,0.1831,0.942793,0.882645,NS
MYOM1,-0.1563,0.163,0.943033,0.892955,NS
RAD23A,-0.1137,0.2226,0.943371,0.866023,NS
TIMM44,0.1455,0.1737,0.943472,0.886439,NS
RPN2,0.1135,0.2209,0.943899,0.867121,NS
HSD17B12,-0.1174,0.2135,0.943931,0.872234,NS
TFG,-0.1108,0.2255,0.944104,0.865893,NS
PSMA3,-0.098,0.2539,0.944305,0.847131,NS
COPS5,0.0963,0.2583,0.94434,0.846945,NS
ASPN,-0.1988,0.1248,0.9445,0.912888,NS
GYS1,-0.0896,0.2725,0.945353,0.84057,NS
FKBP3,-0.0927,0.2623,0.945566,0.846945,NS
SNX2,0.1021,0.237,0.945781,0.858102,NS
MTFP1,0.1873,0.1287,0.946,0.910379,NS
CD36,-0.1386,0.1738,0.946065,0.886439,NS
NLRX1,-0.1161,0.2054,0.946545,0.874835,NS
MRPS22,-0.1266,0.1884,0.946554,0.881995,NS
CAB39L,-0.277,0.0851,0.947183,0.944176,NS
CHCHD7,-0.1192,0.1963,0.947546,0.875873,NS
CACNA2D1,0.0915,0.2506,0.94855,0.850185,NS
FAHD2A,-0.1143,0.1991,0.948934,0.874835,NS
RARS1,-0.1007,0.2261,0.948946,0.865893,NS
RPIA,0.1225,0.1851,0.949117,0.882645,NS
TRMT112,0.1472,0.1529,0.94952,0.896408,NS
CCT8,0.0886,0.2538,0.949528,0.847131,NS
CHCHD2,-0.1364,0.1646,0.949614,0.891938,NS
DMD,0.0909,0.2456,0.949918,0.851999,NS
NUDT2,0.1462,0.1513,0.95032,0.898253,NS
MTAP,-0.1226,0.18,0.950448,0.882915,NS
GNAI2,0.1134,0.1923,0.951039,0.878478,NS
CUL2,0.0902,0.2406,0.951264,0.856929,NS
PSMC2,0.1045,0.2076,0.951265,0.874835,NS
ARPC3,0.1501,0.1432,0.951707,0.903233,NS
EML2,-0.1059,0.2029,0.951733,0.874835,NS
RAB12,-0.1228,0.1732,0.952213,0.886439,NS
CARS1,-0.1117,0.1879,0.952809,0.881999,NS
PCMT1,0.0745,0.28,0.953107,0.84057,NS
VDAC2,-0.0899,0.2314,0.953253,0.861106,NS
TIMM8A,0.1461,0.142,0.953352,0.903233,NS
METAP2,0.1184,0.1742,0.953588,0.886439,NS
FUNDC2,-0.1177,0.1747,0.95378,0.886439,NS
CMPK1,-0.1494,0.1364,0.954181,0.907345,NS
DGLUCY,0.1417,0.1438,0.95419,0.903233,NS
HINT1,0.1021,0.1981,0.954519,0.874835,NS
AHCYL1,0.0999,0.2019,0.954641,0.874835,NS
SCCPDH,-0.0928,0.2171,0.954665,0.871915,NS
PPP1R14B,0.1509,0.1334,0.95471,0.907345,NS
EIF5B,0.1116,0.1793,0.954968,0.882915,NS
ACO1,-0.1015,0.1963,0.955167,0.875873,NS
NDUFS3,-0.0987,0.2014,0.955264,0.874835,NS
MAPKAPK2,0.1008,0.1965,0.955415,0.875873,NS
SDHD,-0.1265,0.1565,0.955437,0.895903,NS
CARM1,-0.1228,0.1608,0.955564,0.893838,NS
COX7C,0.1058,0.1858,0.955758,0.882645,NS
MGST2,0.1239,0.1582,0.955886,0.895124,NS
ESYT2,0.1138,0.1716,0.956041,0.887433,NS
UBL5,-0.1374,0.1416,0.95618,0.903233,NS
HSPA1A,-0.0768,0.2533,0.956182,0.847131,NS
MCU,-0.1085,0.1794,0.956191,0.882915,NS
CISD1,0.0822,0.2367,0.956197,0.858102,NS
PSMD3,0.0744,0.2534,0.957498,0.847131,NS
UBE2D3,-0.1039,0.1812,0.95759,0.882915,NS
RRAGC,-0.1153,0.1632,0.957592,0.892955,NS
PSMA4,0.0845,0.2221,0.957698,0.866023,NS
RPL31,0.1609,0.1166,0.957725,0.917735,NS
PPME1,-0.1256,0.1491,0.957813,0.901687,NS
MYL4,0.1543,0.1212,0.957843,0.915522,NS
MAN2C1,-0.1183,0.1574,0.958031,0.895609,NS
USO1,-0.0876,0.2122,0.958092,0.872234,NS
PDLIM5,0.111,0.1672,0.958171,0.890139,NS
ANXA6,0.0704,0.26,0.958745,0.846945,NS
PFKM,-0.07,0.2608,0.958853,0.846945,NS
DYNLL2,-0.0845,0.2149,0.959037,0.872234,NS
CAND1,0.1068,0.17,0.959057,0.888814,NS
MXRA7,-0.1352,0.1335,0.959288,0.907345,NS
XPO1,0.1174,0.1532,0.959429,0.896408,NS
SGCD,0.0791,0.2225,0.960314,0.866023,NS
AKR1B1,0.1062,0.1647,0.960534,0.891938,NS
MYBPC2,0.1553,0.1125,0.960579,0.921693,NS
PGPEP1,-0.112,0.1551,0.960803,0.895903,NS
RPS6,0.1004,0.1728,0.960832,0.886439,NS
ECHS1,-0.0765,0.2257,0.961035,0.865893,NS
PSMD1,0.0833,0.2067,0.961131,0.874835,NS
MPST,-0.0868,0.1968,0.961429,0.875873,NS
FKBP4,0.0944,0.1797,0.961702,0.882915,NS
THTPA,0.0913,0.1853,0.961796,0.882645,NS
IST1,-0.1226,0.1376,0.961903,0.907345,NS
PSMD11,-0.0696,0.2417,0.961999,0.85622,NS
FAH,0.0913,0.1839,0.962072,0.882645,NS
DBT,0.1038,0.1612,0.962199,0.893838,NS
ZYX,0.1028,0.1625,0.962243,0.892955,NS
TBC1D17,-0.1256,0.1317,0.962638,0.908326,NS
STT3A,-0.1084,0.1516,0.962854,0.898253,NS
SLC16A1,-0.1127,0.1454,0.962961,0.903233,NS
RRAS2,0.1207,0.1353,0.963113,0.907345,NS
FAHD1,-0.1027,0.1586,0.963202,0.894909,NS
PSMA7,-0.0762,0.2125,0.963411,0.872234,NS
NME2,0.0844,0.1914,0.963483,0.878761,NS
ILVBL,-0.1545,0.1042,0.963611,0.931068,NS
COMT,0.0878,0.1832,0.963641,0.882645,NS
CRYM,-0.1381,0.1163,0.963702,0.917735,NS
ABHD10,-0.0947,0.1684,0.963935,0.8901,NS
LNPK,0.101,0.1574,0.964079,0.895609,NS
NDUFB1,-0.0961,0.1645,0.964255,0.891938,NS
BROX,-0.0971,0.1622,0.964373,0.892955,NS
DCN,-0.1011,0.1552,0.964525,0.895903,NS
FXR1,-0.1064,0.1461,0.964856,0.903233,NS
RDH13,-0.1202,0.1285,0.965082,0.910379,NS
CAST,-0.0928,0.1657,0.965213,0.891938,NS
HDDC2,-0.1279,0.1181,0.965815,0.916559,NS
PYGL,-0.1561,0.0968,0.965821,0.932495,NS
TXNL1,0.0721,0.2089,0.965896,0.873849,NS
COL6A2,0.1525,0.0986,0.965967,0.932125,NS
PREB,-0.1178,0.1276,0.965985,0.911041,NS
FDPS,0.0743,0.2022,0.966014,0.874835,NS
NME1,-0.1109,0.1343,0.966284,0.907345,NS
EIF3F,0.0792,0.1861,0.966638,0.882645,NS
LMNB2,0.1706,0.0862,0.96671,0.943746,NS
AKT2,0.1093,0.1345,0.966719,0.907345,NS
EIF3G,-0.1029,0.1428,0.966726,0.903233,NS
ANXA7,0.0641,0.2282,0.966893,0.864596,NS
UBE2G1,-0.1205,0.1194,0.967395,0.915752,NS
CAPZB,0.0938,0.1533,0.967452,0.896408,NS
GRB2,-0.0718,0.1995,0.967575,0.874835,NS
MYOM2,-0.0999,0.1432,0.967599,0.903233,NS
RPS28,-0.1176,0.1205,0.967905,0.915752,NS
COPS2,-0.0781,0.1795,0.968217,0.882915,NS
MOB2,-0.1047,0.1333,0.968354,0.907345,NS
DAD1,-0.0996,0.1401,0.968405,0.904108,NS
ATP1A2,-0.0699,0.1982,0.968591,0.874835,NS
JPH2,0.1241,0.1116,0.968621,0.921759,NS
SDHC,0.1053,0.1314,0.968642,0.908326,NS
YBX1,0.085,0.1611,0.968954,0.893838,NS
PDCL3,-0.1047,0.1296,0.969243,0.909735,NS
PARK7,0.0745,0.1818,0.969313,0.882915,NS
ERP29,-0.0871,0.1552,0.969341,0.895903,NS
ARHGAP19,0.1352,0.1,0.96936,0.932125,NS
PDCD6IP,0.0732,0.1839,0.96948,0.882645,NS
MRC2,-0.1255,0.1071,0.969542,0.927898,NS
DHRS7C,-0.0921,0.1457,0.969566,0.903233,NS
MT-ND2,-0.1054,0.1259,0.969893,0.912888,NS
HNRNPU,0.1074,0.1235,0.969927,0.912888,NS
PPIC,0.0959,0.1375,0.970079,0.907345,NS
TPD52L2,0.0851,0.1548,0.970102,0.895903,NS
RNF126,-0.0838,0.1537,0.970787,0.896408,NS
ABCF2,0.1033,0.1243,0.970867,0.912888,NS
CMBL,-0.076,0.1688,0.970888,0.889939,NS
EYA3,0.1136,0.1121,0.971109,0.921759,NS
EPB41,-0.1373,0.0924,0.971216,0.938954,NS
MDP1,-0.0964,0.1316,0.971235,0.908326,NS
SNTB1,-0.1006,0.1257,0.971304,0.912888,NS
CAB39,-0.0743,0.1673,0.971788,0.890139,NS
DDAH2,0.0926,0.1335,0.971934,0.907345,NS
DPYSL2,0.0832,0.1485,0.971964,0.901789,NS
PCBP1,0.0724,0.17,0.972066,0.888814,NS
ECHDC1,0.1047,0.117,0.972169,0.917735,NS
PREP,-0.0596,0.2031,0.972508,0.874835,NS
MRPL1,0.1241,0.0972,0.972597,0.932125,NS
SMYD1,0.0759,0.1565,0.973023,0.895903,NS
RSU1,-0.0701,0.1678,0.973296,0.890139,NS
WDR1,-0.0699,0.1682,0.973298,0.8901,NS
CAPN2,0.0834,0.1403,0.973422,0.904108,NS
ETHE1,0.0819,0.1406,0.97383,0.904108,NS
UBE2V1,-0.0706,0.1626,0.973913,0.892955,NS
ISCA2,-0.0875,0.1309,0.973966,0.908326,NS
ENO1,0.0586,0.1941,0.974132,0.877654,NS
DCTN2,-0.0657,0.171,0.974448,0.887978,NS
STIP1,-0.0598,0.185,0.974837,0.882645,NS
SMPX,-0.1184,0.0931,0.974915,0.938532,NS
ECH1,-0.0601,0.1826,0.975048,0.882645,NS
STBD1,0.0772,0.142,0.975077,0.903233,NS
LYRM7,-0.0948,0.1156,0.975094,0.918269,NS
GDI1,-0.0585,0.1866,0.975175,0.882645,NS
TRIP10,0.0738,0.1476,0.975219,0.902243,NS
OPTN,0.1147,0.0949,0.975256,0.935375,NS
MAPK12,-0.0812,0.1314,0.975715,0.908326,NS
PRKAR2A,-0.0602,0.177,0.975743,0.884484,NS
MYOZ3,-0.1307,0.0814,0.975798,0.945496,NS
IPO5,0.0665,0.1598,0.975819,0.894256,NS
NDUFB3,-0.0747,0.1422,0.975852,0.903233,NS
ALDH4A1,-0.0622,0.169,0.976082,0.889939,NS
PCBP2,0.0604,0.1727,0.976271,0.886439,NS
NDUFV2,-0.0705,0.1478,0.976274,0.902243,NS
PEPD,-0.0833,0.1234,0.976607,0.912888,NS
ACAA2,-0.0577,0.1779,0.976619,0.88321,NS
NID1,-0.152,0.0674,0.976666,0.953841,NS
VPS26A,-0.0744,0.1356,0.977025,0.907345,NS
COPA,-0.1376,0.0732,0.977077,0.950477,NS
DYNLRB1,0.0658,0.1528,0.977118,0.896408,NS
CRYZ,-0.0842,0.1181,0.977374,0.916559,NS
PTPA,-0.0953,0.1039,0.977448,0.931118,NS
ELOB,0.0662,0.1488,0.977569,0.901687,NS
VAPB,0.081,0.1201,0.977836,0.915752,NS
EPRS1,-0.0548,0.1733,0.978367,0.886439,NS
ISYNA1,-0.1082,0.0848,0.979087,0.944176,NS
RASA4,0.0984,0.0922,0.979329,0.938954,NS
UBE2N,0.0513,0.1747,0.97956,0.886439,NS
AGO2,0.0899,0.0998,0.979566,0.932125,NS
UFD1,0.07,0.128,0.979598,0.910819,NS
DHRS7B,-0.0777,0.1149,0.979656,0.918547,NS
RAD23B,0.061,0.1452,0.979808,0.903233,NS
NPEPPS,-0.049,0.1785,0.980042,0.882915,NS
TNNI2,-0.101,0.0865,0.980084,0.943746,NS
GCLM,0.0778,0.1118,0.980173,0.921759,NS
RAB2A,0.0599,0.1451,0.980198,0.903233,NS
FKBP2,-0.0891,0.096,0.980506,0.933587,NS
TXNRD2,-0.1029,0.0823,0.980697,0.945496,NS
DCAF6,-0.0675,0.1252,0.980732,0.912888,NS
NDUFA5,0.0718,0.1164,0.980934,0.917735,NS
NACA,0.0573,0.1458,0.980937,0.903233,NS
MYOF,-0.0645,0.1285,0.981091,0.910379,NS
COBL,-0.077,0.1077,0.981093,0.927395,NS
ABCB7,0.0801,0.1029,0.981206,0.93186,NS
PLAA,0.0664,0.1232,0.981327,0.912888,NS
RMDN1,0.0774,0.1054,0.981398,0.929695,NS
PGK1,-0.0501,0.1625,0.981418,0.892955,NS
EHD2,0.066,0.123,0.981473,0.912888,NS
CSRP3,0.0731,0.1111,0.981492,0.922345,NS
TPT1,-0.0592,0.1349,0.981765,0.907345,NS
FABP4,-0.0607,0.131,0.981866,0.908326,NS
GSTM1,-0.1347,0.0589,0.98189,0.959572,NS
RPL23,0.0776,0.1016,0.982007,0.93186,NS
HSPG2,-0.0807,0.0976,0.982031,0.932125,NS
HEBP2,-0.0575,0.1365,0.982101,0.907345,NS
CUL4B,-0.0909,0.0854,0.982278,0.944176,NS
GPD1,-0.0592,0.1302,0.9824,0.909185,NS
MRPL41,-0.1118,0.0689,0.982415,0.953841,NS
CYCS,0.0638,0.1202,0.982495,0.915752,NS
DLD,-0.0491,0.1554,0.982574,0.895903,NS
IVD,0.0715,0.1061,0.982673,0.929002,NS
FBLN2,0.0877,0.0862,0.982729,0.943746,NS
KYAT1,-0.0873,0.0866,0.982743,0.943746,NS
TUBB4B,0.0541,0.1397,0.982759,0.904276,NS
MRPS23,-0.074,0.1015,0.982859,0.93186,NS
NIT1,-0.0633,0.1179,0.982961,0.916559,NS
LSM4,0.0939,0.0771,0.983466,0.948862,NS
ATP2B4,-0.0736,0.0984,0.983471,0.932125,NS
BPGM,0.0878,0.0822,0.983501,0.945496,NS
ESD,0.0561,0.1245,0.98406,0.912888,NS
MYOT,0.0964,0.072,0.984156,0.950477,NS
TNNT1,0.0962,0.0711,0.98437,0.95146,NS
ARPC5L,-0.0668,0.102,0.984442,0.93186,NS
SMYD2,-0.0843,0.0807,0.984456,0.945496,NS
RRAS,-0.0675,0.1003,0.984524,0.932125,NS
EIF4EBP1,-0.0997,0.0676,0.984604,0.953841,NS
PAFAH1B1,0.0496,0.1344,0.984773,0.907345,NS
CUL3,0.0616,0.108,0.9848,0.927395,NS
PRPSAP2,-0.0872,0.076,0.984859,0.949761,NS
ECHDC3,-0.0798,0.0816,0.985129,0.945496,NS
CUL4A,-0.0774,0.0836,0.985212,0.944927,NS
CLPP,0.0778,0.0818,0.985452,0.945496,NS
MUSTN1,0.0807,0.0788,0.985459,0.947177,NS
JAGN1,0.0637,0.0998,0.985459,0.932125,NS
PSMD12,0.0473,0.1339,0.985519,0.907345,NS
YKT6,-0.0618,0.0989,0.986016,0.932125,NS
SAR1B,-0.0757,0.0806,0.98606,0.945496,NS
PRDX2,-0.0586,0.1036,0.986124,0.931198,NS
LMAN1,0.0525,0.1155,0.986149,0.918269,NS
FKBP1A,0.0483,0.1243,0.986267,0.912888,NS
CPNE3,0.0487,0.1232,0.986294,0.912888,NS
ROMO1,0.0811,0.0732,0.98642,0.950477,NS
PSMA5,0.0416,0.141,0.986587,0.903967,NS
ATAD1,0.0599,0.0974,0.986651,0.932125,NS
FERMT2,-0.0654,0.0888,0.986726,0.942216,NS
MOGS,0.0863,0.0672,0.98675,0.953841,NS
MAT2A,0.0549,0.1045,0.986885,0.931068,NS
SNX5,0.0561,0.1022,0.986892,0.93186,NS
GSK3B,-0.065,0.0862,0.987183,0.943746,NS
TXNDC17,-0.0492,0.1138,0.987189,0.920001,NS
OPA1,-0.0609,0.0882,0.987701,0.942874,NS
RUVBL2,0.0633,0.084,0.987824,0.944927,NS
ACO2,-0.0435,0.1199,0.98806,0.915752,NS
GPS1,-0.0485,0.1076,0.988068,0.927395,NS
LRPAP1,-0.0748,0.0692,0.988139,0.953841,NS
UBE3C,0.0573,0.0903,0.988157,0.940951,NS
NDUFA13,-0.0524,0.0979,0.988263,0.932125,NS
ATP6V1E1,0.0692,0.073,0.988435,0.950477,NS
MYOM3,0.0757,0.0662,0.988515,0.955034,NS
LTA4H,-0.0435,0.1148,0.988575,0.918547,NS
DDI2,0.0895,0.0555,0.988628,0.962644,NS
GART,-0.0582,0.0851,0.988662,0.944176,NS
BCL2L13,-0.0457,0.1079,0.98871,0.927395,NS
TRMT10C,0.0613,0.0802,0.988748,0.945496,NS
JSRP1,0.0574,0.0847,0.988878,0.944176,NS
PBDC1,0.0569,0.0835,0.989119,0.944927,NS
ATP5F1D,0.063,0.0755,0.98912,0.949761,NS
NUBP1,0.0653,0.0723,0.989197,0.950477,NS
MGST3,0.0634,0.0741,0.989244,0.950477,NS
RPL35,-0.1044,0.0448,0.98929,0.970884,NS
CUL1,-0.0507,0.0911,0.989418,0.940744,NS
AP2A1,-0.0519,0.089,0.989432,0.942216,NS
PHB2,0.0389,0.1182,0.98948,0.916559,NS
SLC35A4,0.0659,0.0677,0.989779,0.953841,NS
SPEG,-0.0591,0.0752,0.989813,0.949761,NS
RPL19,0.0646,0.0685,0.989862,0.953841,NS
ATP1B1,-0.0474,0.0921,0.989999,0.938954,NS
CD59,0.06,0.0727,0.990011,0.950477,NS
PAICS,-0.0426,0.1016,0.990088,0.93186,NS
CSE1L,0.0408,0.106,0.990098,0.929002,NS
GAPDH,-0.0381,0.1133,0.990118,0.920569,NS
TGM2,0.0552,0.0772,0.990234,0.948862,NS
PRPS1,0.0517,0.0818,0.990318,0.945496,NS
LAMTOR3,0.0465,0.0903,0.990375,0.940951,NS
GLO1,0.0419,0.0995,0.990443,0.932125,NS
GALM,0.0685,0.0605,0.990502,0.95927,NS
ATP5F1B,-0.0337,0.1223,0.990546,0.913902,NS
COPS6,-0.0401,0.1009,0.990733,0.932125,NS
NDUFV3,0.0616,0.0654,0.990762,0.955034,NS
TFRC,-0.0668,0.06,0.990816,0.95927,NS
ETFB,-0.0407,0.0984,0.990832,0.932125,NS
PIN4,0.0519,0.0734,0.991274,0.950477,NS
PFKFB2,-0.0673,0.0565,0.991283,0.962133,NS
DCTN1,-0.0415,0.0902,0.991428,0.940951,NS
PEBP1,-0.0365,0.1014,0.99151,0.93186,NS
EIF4G2,0.0613,0.06,0.991562,0.95927,NS
HSPE1,0.0372,0.0978,0.991652,0.932125,NS
DNM1L,-0.0447,0.0801,0.991783,0.945496,NS
TIMM21,-0.0496,0.0718,0.991829,0.950477,NS
TWF2,-0.047,0.0753,0.991879,0.949761,NS
HNRNPA0,0.0606,0.0584,0.991887,0.960211,NS
DCXR,-0.0431,0.0788,0.992199,0.947177,NS
CAPZA2,0.049,0.0686,0.992298,0.953841,NS
EPHX1,0.0474,0.07,0.992387,0.953233,NS
COPS8,0.0431,0.0767,0.992422,0.948862,NS
TCP1,0.0407,0.0806,0.992483,0.945496,NS
ATP5MC2,0.0753,0.0432,0.992527,0.970885,NS
LACTB2,-0.0531,0.0611,0.99256,0.95927,NS
ATP6V1B2,0.0391,0.0821,0.992641,0.945496,NS
AKR7A2,-0.0489,0.0642,0.9928,0.955034,NS
PSMB3,0.0465,0.0674,0.992812,0.953841,NS
RPL10,0.0572,0.0548,0.992817,0.963006,NS
NAP1L4,-0.0494,0.0633,0.992819,0.956019,NS
PPP3CA,0.0352,0.0867,0.992996,0.943746,NS
PSMB6,-0.0472,0.0646,0.993001,0.955034,NS
MLIP,-0.0556,0.0546,0.99304,0.963006,NS
CA14,0.0657,0.0456,0.993121,0.970884,NS
CCS,-0.0616,0.0473,0.993318,0.970362,NS
RAB5B,-0.0559,0.0521,0.993321,0.963456,NS
VPS4B,0.0362,0.0767,0.993633,0.948862,NS
MT-ND4,-0.0461,0.0596,0.993694,0.95927,NS
PDIA6,-0.0397,0.0683,0.99377,0.953841,NS
KLHL40,0.0512,0.0526,0.993813,0.963456,NS
MTX2,-0.0586,0.0459,0.993826,0.970884,NS
GSTM3,0.0451,0.0593,0.99386,0.95927,NS
SEPTIN9,-0.0501,0.053,0.993904,0.963456,NS
SLC25A3,0.0368,0.0721,0.993908,0.950477,NS
RPS27A,-0.0485,0.0535,0.99405,0.963456,NS
CLUH,0.0419,0.0608,0.994156,0.95927,NS
SND1,0.0606,0.0417,0.994202,0.971671,NS
PSMC5,0.028,0.0897,0.994244,0.941367,NS
PARVB,-0.0521,0.0479,0.994272,0.969496,NS
CCDC124,0.0933,0.0265,0.994318,0.985781,NS
AMPD3,0.045,0.0549,0.994321,0.963006,NS
SOD2,-0.0381,0.0647,0.994342,0.955034,NS
LPP,-0.0545,0.0445,0.99443,0.970884,NS
EIF3I,0.0374,0.064,0.994506,0.955034,NS
ERAP1,-0.0459,0.0522,0.994506,0.963456,NS
MPC1,-0.0764,0.0313,0.994512,0.982488,NS
HPCAL1,0.0391,0.0596,0.994653,0.95927,NS
RYR1,-0.0299,0.0777,0.994667,0.948862,NS
PRKAA1,0.035,0.0655,0.994741,0.955034,NS
PRUNE1,0.0419,0.0531,0.994892,0.963456,NS
SCRN3,-0.0429,0.0512,0.994962,0.963481,NS
CYB5A,0.0471,0.0463,0.994991,0.970884,NS
CAND2,-0.0364,0.0599,0.994993,0.95927,NS
RAB8A,0.0489,0.0407,0.995425,0.972225,NS
RIDA,-0.0272,0.0727,0.995459,0.950477,NS
AP2M1,-0.0343,0.0575,0.995472,0.961066,NS
PYURF,0.0626,0.0307,0.995576,0.982488,NS
RTCA,0.0376,0.0511,0.995591,0.963481,NS
MTIF2,-0.0366,0.0524,0.995595,0.963456,NS
XPNPEP1,-0.0357,0.0522,0.995725,0.963456,NS
BCKDHA,-0.04,0.0457,0.995808,0.970884,NS
CFL2,-0.0249,0.0728,0.995828,0.950477,NS
DNPEP,-0.0277,0.0642,0.995911,0.955034,NS
DNPH1,0.0428,0.0414,0.995927,0.971671,NS
SARS2,-0.0439,0.0396,0.996002,0.972824,NS
CAVIN1,0.0311,0.0556,0.996024,0.962644,NS
UBAP2L,-0.0491,0.0345,0.996112,0.979469,NS
CCT3,0.029,0.0576,0.99616,0.961066,NS
RNF7,-0.0319,0.0519,0.996196,0.963456,NS
DARS1,-0.0321,0.0512,0.996223,0.963481,NS
RHOA,0.0267,0.0606,0.996278,0.95927,NS
NDUFS2,0.0283,0.0572,0.996282,0.961175,NS
MTCH2,0.0302,0.0526,0.996343,0.963456,NS
UTRN,-0.0362,0.0428,0.99644,0.970885,NS
ST13,-0.0229,0.066,0.996523,0.955034,NS
METTL26,0.0374,0.0402,0.996544,0.972252,NS
SLK,-0.0464,0.031,0.996694,0.982488,NS
EIF2A,0.0319,0.045,0.996706,0.970884,NS
EPS15L1,-0.0372,0.0373,0.996811,0.976001,NS
HADHA,0.0206,0.0653,0.996909,0.955034,NS
ADPRH,0.0392,0.0339,0.996948,0.979786,NS
EEA1,0.0304,0.0431,0.996987,0.970885,NS
PPIL1,0.0292,0.0438,0.99706,0.970885,NS
PSMA6,-0.022,0.0557,0.997189,0.962644,NS
MEMO1,0.0351,0.0343,0.997232,0.979469,NS
DCTN4,0.0292,0.0394,0.99735,0.972824,NS
ATP6V1A,0.0281,0.0403,0.997394,0.972252,NS
CLTB,0.0361,0.0308,0.997441,0.982488,NS
NDUFA10,0.0259,0.0429,0.997442,0.970885,NS
ABCF3,-0.0306,0.0344,0.997575,0.979469,NS
SPG7,-0.0317,0.033,0.997597,0.981232,NS
SELENOW,0.041,0.0249,0.997655,0.985781,NS
ADH5,0.0214,0.0449,0.997793,0.970884,NS
PSMB4,-0.0219,0.0433,0.997817,0.970885,NS
SSBP1,-0.0221,0.0423,0.997855,0.971272,NS
EPHX2,0.0338,0.0275,0.997864,0.984854,NS
CRKL,0.0258,0.0354,0.997898,0.978479,NS
ECPAS,0.0202,0.0453,0.997901,0.970884,NS
HSPA9,0.0177,0.0502,0.997956,0.964985,NS
ARL8B,0.0208,0.0421,0.997988,0.971272,NS
EIF3J,0.0197,0.043,0.998051,0.970885,NS
KCTD12,0.03,0.0277,0.998088,0.984854,NS
TPM2,-0.0325,0.025,0.99813,0.985781,NS
PITRM1,-0.025,0.0325,0.998133,0.981513,NS
ACP1,-0.0211,0.0381,0.998145,0.97518,NS
ATP5F1C,0.0177,0.0445,0.99819,0.970884,NS
ADPRHL1,0.0236,0.0324,0.998243,0.981513,NS
NAPRT,-0.0253,0.0296,0.998271,0.982737,NS
NDUFB5,-0.0257,0.0291,0.99828,0.982974,NS
SEPTIN2,-0.0248,0.0298,0.998301,0.982737,NS
PABPC4,0.0195,0.0376,0.998311,0.975741,NS
S100A1,0.0302,0.0226,0.998429,0.987499,NS
PPP2R2A,-0.0154,0.0409,0.998554,0.972225,NS
SUMO2,-0.0195,0.0307,0.998624,0.982488,NS
VDAC3,-0.0167,0.0356,0.998635,0.978479,NS
COX4I1,-0.0188,0.0294,0.998731,0.982737,NS
FBP1,-0.0287,0.019,0.998745,0.989426,NS
SPTAN1,0.0218,0.0239,0.998797,0.985781,NS
NT5C,0.0247,0.0202,0.998848,0.988763,NS
PPP1CB,-0.0164,0.0297,0.998876,0.982737,NS
APPL1,-0.0183,0.0262,0.998893,0.985781,NS
FABP3,0.0161,0.0295,0.998907,0.982737,NS
RAB7A,-0.013,0.0356,0.998939,0.978479,NS
RCN2,0.0174,0.0256,0.998973,0.985781,NS
BAG3,0.0184,0.0241,0.99898,0.985781,NS
BCAP31,0.0214,0.0197,0.999028,0.988763,NS
LYPLA1,-0.0139,0.0288,0.999078,0.982976,NS
NAXD,-0.0147,0.0253,0.999142,0.985781,NS
RTRAF,0.0181,0.0191,0.999205,0.989426,NS
OXSR1,-0.0147,0.0231,0.999217,0.987205,NS
PLIN3,-0.0126,0.0259,0.99925,0.985781,NS
SQOR,0.0149,0.0207,0.99929,0.988763,NS
ACTR1B,0.0146,0.0207,0.999303,0.988763,NS
ATP2A3,-0.0138,0.0219,0.999303,0.988232,NS
PSMD13,0.0128,0.0225,0.999339,0.987499,NS
PTBP1,-0.0203,0.0137,0.999359,0.992314,NS
PSMD2,-0.0114,0.0241,0.999366,0.985781,NS
ARF4,0.0127,0.0217,0.999367,0.988232,NS
RPS24,-0.0165,0.0166,0.999372,0.990537,NS
COX7A2,0.0135,0.0201,0.999375,0.988763,NS
ATP2A1,-0.0112,0.0241,0.999382,0.985781,NS
HK1,0.0096,0.0261,0.999424,0.985781,NS
AQP1,-0.0152,0.0161,0.999439,0.990537,NS
PPP1CA,-0.0094,0.0243,0.999472,0.985781,NS
PDCD5,-0.0117,0.0183,0.999508,0.990385,NS
UBE2K,0.0127,0.0157,0.999542,0.990537,NS
IAH1,0.0126,0.0156,0.999546,0.990537,NS
COX6C,-0.0123,0.0156,0.999556,0.990537,NS
MAPRE2,-0.0113,0.0169,0.99956,0.990537,NS
MTPN,0.0113,0.0168,0.999562,0.990537,NS
GSTO1,-0.0099,0.0178,0.999595,0.990492,NS
TRIM72,-0.0083,0.0199,0.999618,0.988763,NS
HSPB1,0.0091,0.0179,0.999626,0.990492,NS
ALDH9A1,0.0079,0.02,0.999636,0.988763,NS
EIF5,-0.0102,0.0154,0.999638,0.990599,NS
ITGB1,-0.0093,0.0167,0.999644,0.990537,NS
ATP2A2,-0.0082,0.0172,0.999674,0.990537,NS
TOM1L2,0.0097,0.0137,0.999693,0.992314,NS
FITM2,0.0109,0.012,0.999699,0.992383,NS
NDUFA2,-0.008,0.0141,0.999739,0.992314,NS
RAB24,-0.0111,0.0098,0.999748,0.992383,NS
MAPK9,0.011,0.0095,0.99976,0.992383,NS
LANCL2,-0.0077,0.0131,0.999769,0.992383,NS
TNPO3,0.0109,0.0088,0.99977799999999994,0.992383,NS
VAT1,-0.0102,0.0091,0.999786,0.992383,NS
FNTA,-0.0081,0.0112,0.99979,0.992383,NS
NUDT3,-0.0075,0.0111,0.999809,0.992383,NS
UCHL3,-0.0061,0.0136,0.99981,0.992314,NS
ABCF1,-0.0087,0.0089,0.999821,0.992383,NS
SOD1,-0.0069,0.011,0.999824,0.992383,NS
HSPB6,-0.0072,0.0104,0.999827,0.992383,NS
NUTF2,-0.0059,0.0124,0.99983,0.992383,NS
FECH,0.0067,0.0099,0.999847,0.992383,NS
LRPPRC,-0.0046,0.0134,0.999857,0.992314,NS
ATP5MF,0.0069,0.009,0.999857,0.992383,NS
SLC25A20,0.0062,0.0099,0.999859,0.992383,NS
NSF,0.0061,0.0097,0.999863,0.992383,NS
RPS9,0.0077,0.0074,0.999869,0.993647,NS
DNAJA3,0.0084,0.0068,0.999869,0.993849,NS
TSFM,0.0056,0.0094,0.99988,0.992383,NS
SPR,-0.007,0.0072,0.999885,0.993647,NS
ARF1,-0.0054,0.0092,0.999886,0.992383,NS
FLOT1,0.007,0.0066,0.999893,0.993849,NS
RPS12,-0.0049,0.0087,0.999903,0.992383,NS
PRMT1,0.0052,0.0079,0.999905,0.993538,NS
PAK2,0.0041,0.0091,0.999914,0.992383,NS
CZIB,0.0066,0.0057,0.999915,0.994106,NS
COQ6,0.0042,0.0073,0.999928,0.993647,NS
OGN,0.0053,0.005,0.999939,0.994467,NS
TMLHE,-0.0043,0.0059,0.999941,0.994106,NS
IARS1,-0.004,0.0063,0.999943,0.994065,NS
PHPT1,-0.0043,0.0056,0.999945,0.994106,NS
ATL2,0.0041,0.004,0.999963,0.995578,NS
PFDN4,0.003,0.005,0.999965,0.994467,NS
SPRYD4,-0.0025,0.0042,0.999975,0.995578,NS
EIF1,0.0024,0.0038,0.999979,0.995578,NS
VCL,-0.001,0.0027,0.999994,0.997579,NS
EPDR1,0.0013,0.0017,0.999995,0.999273,NS
BCS1L,0.0022,0.001,0.999995,0.999394,NS
MAVS,9e-4,0.0012,0.999998,0.999358,NS
CUL5,-7e-4,0.0015,0.999998,0.999273,NS
SCRN2,6e-4,6e-4,0.999999,0.999571,NS
PPP1R7,0,0,1,0.99997,NS
HECTD1,-4e-4,4e-4,1,0.999571,NS
