gene,pre_mean,post_mean,pre_sd,pct_miss,shift,effect_d,imputation_reliable
ESYT2,16.6186629572161,16.89431029917418,0.435053036617922,47.82608695652174,0.2756473419580807,0.6335948005350055,TRUE
ILVBL,16.95828012639329,17.014129588294875,0.7120608037284768,63.04347826086957,0.05584946190158391,0.07843355737199156,FALSE
FITM1,16.530058389468742,16.485939854265588,0.8059403377482994,28.26086956521739,-0.0441185352031539,-0.054741688853067946,TRUE
NUDT19,15.70549572430548,15.661047891124504,0.5850734413809913,67.3913043478261,-0.04444783318097656,-0.07596966472459102,FALSE
SLC35A4,16.389672740321533,16.38270551986174,0.5678737968860001,32.608695652173914,-0.006967220459792145,-0.012268959226500117,TRUE
FXYD1,16.68417307273934,16.808696397447797,0.7940672145877732,54.347826086956516,0.12452332470845562,0.1568171087042044,FALSE
ACACB,15.500673730141774,15.67413348577618,0.35598508610515134,69.56521739130434,0.17345975563440597,0.4872669176460083,FALSE
CCS,19.826873083479295,19.713244134910507,0.7528277499578814,43.47826086956522,-0.11362894856878825,-0.15093618503720868,TRUE
GOSR2,17.841904123273146,17.581380969114445,1.158271753658938,34.78260869565217,-0.260523154158701,-0.22492403301359798,TRUE
APOL1,16.907332668594044,16.61908273543281,1.115781902503111,58.69565217391305,-0.2882499331612358,-0.2583389572053326,FALSE
BCKDK,18.33198637788585,18.270166443509442,0.8761016604324781,47.82608695652174,-0.06181993437640898,-0.07056251251240894,TRUE
ARPC1B,17.91595262474931,17.8511986472845,0.562147362073438,56.52173913043478,-0.06475397746480738,-0.11519039638639811,FALSE
ARPC2,18.651796489359924,18.58006536394621,0.6962960203300615,28.26086956521739,-0.07173112541371296,-0.10301814647699786,TRUE
PMM2,17.2142170797423,17.182329443905356,0.5242443918741824,15.217391304347828,-0.031887635836945094,-0.060825897865967184,TRUE
YKT6,18.2903535457157,18.22311958303742,0.4459782109791484,26.08695652173913,-0.06723396267828008,-0.15075616033049558,TRUE
DYNC1LI2,16.954735409198836,16.90641095356367,0.4756150685825947,17.391304347826086,-0.0483244556351643,-0.10160413079253046,TRUE
RASA4,17.582265487403536,17.576792692449022,0.6124427160118735,39.130434782608695,-0.005472794954513915,-0.008936011175301191,TRUE
HTRA2,16.320434830633655,16.413758599772187,0.46218535682906087,47.82608695652174,0.09332376913853224,0.20191848954022143,TRUE
EPB41L2,17.115639612490458,17.2006465759231,0.6423257804382593,54.347826086956516,0.08500696343264025,0.13234244369677944,FALSE
TRAPPC3,17.509891343349945,17.47454761118667,0.5083493500878798,26.08695652173913,-0.0353437321632768,-0.06952646277046842,TRUE
CHMP2A,16.215247286350245,16.286338512010435,0.4123145746249802,17.391304347826086,0.0710912256601901,0.17241987073789708,TRUE
AP1G1,17.302434243733714,17.286248227839863,0.5616504769519404,34.78260869565217,-0.016186015893850936,-0.028818663133149888,TRUE
ENSA,17.505331034961706,17.423455815976613,0.6915258522794112,32.608695652173914,-0.08187521898509331,-0.1183979148649552,TRUE
TIMM8A,18.153771183196188,18.08921162215454,0.5934316298946954,23.91304347826087,-0.06455956104164784,-0.10879022584809635,TRUE
PPP1R12B,19.27873477733172,19.477965503932563,1.119359193948259,39.130434782608695,0.19923072660084173,0.17798641193816014,TRUE
DIAPH1,17.796740459387184,17.771742827203447,0.8635783080737579,60.86956521739131,-0.024997632183737295,-0.028946572592235903,FALSE
CCDC22,18.80007339267214,18.84923024533906,0.859611137199699,45.65217391304348,0.049156852666921935,0.05718498811806594,TRUE
EIF5B,16.112004560948364,16.23593573610564,0.42464603505246956,47.82608695652174,0.12393117515727425,0.29184583141571363,TRUE
ABCB7,16.12554831833443,16.153620682405506,0.58044236689296,34.78260869565217,0.028072364071075384,0.04836374060932778,TRUE
CLASP2,19.416056839108357,19.439283045845112,0.4940171559926239,58.69565217391305,0.023226206736755017,0.04701498005689058,FALSE
CLUH,17.368343628125984,17.369227335663922,0.4211701942884155,17.391304347826086,8.837075379375392e-4,0.0020982195557085886,TRUE
PDCD6,17.527458752372922,17.502959180066167,0.38692574963608634,23.91304347826087,-0.02449957230675537,-0.0633185367730058,TRUE
ATP6V1G1,17.420426306337973,17.463880840255403,0.3944607471421177,39.130434782608695,0.04345453391742993,0.11016187093965518,TRUE
MPDU1,15.93681309573062,15.813029962664107,0.6256053330008297,54.347826086956516,-0.12378313306651378,-0.19786137767203085,FALSE
SH3BGRL,17.693835362194058,17.66240609885134,0.9277902099811596,47.82608695652174,-0.03142926334271934,-0.03387539877507175,TRUE
PMPCB,17.840677010510657,17.865389323687555,0.7485792751902886,34.78260869565217,0.024712313176898704,0.033012286067653746,TRUE
PRKRA,15.04974691969601,15.027969707220553,0.7155011001413334,43.47826086956522,-0.02177721247545783,-0.0304363088626365,TRUE
PPM1B,19.53736766045696,19.497474164132775,0.5697020934482783,47.82608695652174,-0.03989349632418637,-0.07002518822200571,TRUE
DCTN3,16.11317435205581,16.024582058945395,0.601162530020824,30.434782608695656,-0.08859229311041616,-0.14736828841835398,TRUE
FLOT1,16.670953313273934,16.46927523473568,0.7097039326926305,21.73913043478261,-0.20167807853825437,-0.2841721304447107,TRUE
TPPP,16.576706251689533,16.55873200398755,0.8412606946912052,32.608695652173914,-0.017974247701982193,-0.021365847489855514,TRUE
UFL1,17.491254474289754,17.409198408184977,0.5172606188933649,28.26086956521739,-0.08205606610477645,-0.15863582710071455,TRUE
TACC2,18.205504901234846,18.20571378227696,0.47156227378549065,32.608695652173914,2.0888104211280734e-4,4.4295537137863876e-4,TRUE
H6PD,17.25090696594,17.15420561563812,0.5178676447455249,30.434782608695656,-0.0967013503018812,-0.18672985517254953,TRUE
MLYCD,15.52820330382719,15.556752483324196,0.41110744469419735,26.08695652173913,0.02854917949700564,0.06944456945614783,TRUE
BPNT1,17.41686660112918,17.379949845741542,0.5157583558564579,26.08695652173913,-0.03691675538763661,-0.0715776195740608,TRUE
DDAH2,17.928087998809723,17.93373756054383,0.48256072882534745,26.08695652173913,0.005649561734106356,0.011707462701862535,TRUE
ABHD16A,15.2506888187414,15.496884099930856,0.3684454293326087,67.3913043478261,0.24619528118945588,0.6682001229745388,FALSE
MOCS2,16.708860633148774,16.617807238123643,0.5945330359725014,60.86956521739131,-0.09105339502513132,-0.15315111106684198,FALSE
MT-CYB,17.319151292021754,17.27698942384313,0.6177095238467809,30.434782608695656,-0.04216186817862422,-0.0682551693813324,TRUE
CYB5A,16.678009068758765,16.75042220568547,0.4995942941973111,39.130434782608695,0.07241313692670559,0.1449438830022077,TRUE
F13A1,18.44383834214704,18.29918137716652,0.7757826611118135,34.78260869565217,-0.14465696498051983,-0.1864658392509116,TRUE
ASS1,17.790825380465083,17.843727420584255,0.7125860328691821,47.82608695652174,0.052902040119171545,0.07423951309593435,TRUE
KRAS,17.58501737234934,17.59208077951651,0.45912319938303775,21.73913043478261,0.0070634071671697995,0.015384557296737544,TRUE
JCHAIN,19.72822679461658,19.207799856895043,1.0318500884526975,54.347826086956516,-0.5204269377215383,-0.5043629336718285,FALSE
IGLV2-11,18.040823363322183,17.75137964897088,1.0692628971828715,56.52173913043478,-0.2894437143513038,-0.2706946206717593,FALSE
IGHA2,19.135014811521057,18.66730968904676,1.2608062029517102,39.130434782608695,-0.4677051224742961,-0.3709571870596274,TRUE
HLA-B,15.106431979808638,15.2004162126511,0.6339775134025284,47.82608695652174,0.09398423284246249,0.14824537283357797,TRUE
HLA-DRA,17.306823396397608,17.28726188774476,0.7006667335481686,63.04347826086957,-0.019561508652849113,-0.027918420721631598,FALSE
APOE,17.42213589795586,17.282050535468535,1.14976698615364,17.391304347826086,-0.1400853624873264,-0.12183804559909951,TRUE
APOC2,19.057862953546643,18.87876157241285,0.9544810066727277,32.608695652173914,-0.17910138113379404,-0.1876426873680099,TRUE
C1QB,18.873300380508013,18.75151821290971,1.0543541435598032,41.30434782608695,-0.12178216759830462,-0.11550404419821689,TRUE
C1QC,16.403687151858357,16.101768934472496,1.2777381089103639,43.47826086956522,-0.301918217385861,-0.23629115800837497,TRUE
LRG1,18.977459854758976,18.769844724705617,1.1032918584088496,34.78260869565217,-0.20761513005335885,-0.18817788645044312,TRUE
FN1,18.18972328203891,18.026394629584114,0.8338610091046303,32.608695652173914,-0.1633286524547941,-0.19587035569653327,TRUE
PPBP,17.751878565001245,17.672580975453958,1.2333608939793201,30.434782608695656,-0.07929758954728783,-0.06429390613435278,TRUE
TFRC,15.674675732699574,15.691849202373149,0.7751784148461867,39.130434782608695,0.01717346967357436,0.022154215525959885,TRUE
LTF,20.578009853330443,19.20824289807131,2.7335641369494357,56.52173913043478,-1.3697669552591343,-0.5010919395466417,FALSE
KLKB1,17.764815242113425,17.273796240675942,1.0027835449387883,65.21739130434783,-0.49101900143748267,-0.4896560218959869,FALSE
THY1,18.760290067285464,18.792864099106026,1.209615809174223,45.65217391304348,0.03257403182056251,0.026929237840236275,TRUE
GYPC,18.53314504263925,18.46770515333251,0.9592822660178333,26.08695652173913,-0.0654398893067416,-0.0682175535031991,TRUE
CFI,18.960962399088125,18.725246160678836,0.7632829144859278,52.17391304347826,-0.2357162384092888,-0.30881896336962295,FALSE
MPO,22.812353229960937,21.603805738048607,1.6373274826420205,76.08695652173914,-1.2085474919123307,-0.7381220340613822,FALSE
CLEC3B,18.56664378453625,18.709845423258486,0.6695093947068294,39.130434782608695,0.14320163872223546,0.21389040968565026,TRUE
SSB,17.029800408418136,17.099304675862264,0.8898924873108245,39.130434782608695,0.06950426744412752,0.07810411755937305,TRUE
UROD,18.085574140695464,18.026441464384312,0.6066812427362782,50,-0.059132676311151045,-0.09746910262866948,FALSE
C2,17.260007440594542,17.081279799406467,1.0443392289346474,76.08695652173914,-0.17872764118807538,-0.17113944993754496,FALSE
C8G,16.894220684246495,16.65720988225073,0.9158536185169871,34.78260869565217,-0.23701080199576552,-0.2587867724752233,TRUE
HNRNPC,17.779300125363143,17.51584597385563,1.0225086948923758,32.608695652173914,-0.2634541515075135,-0.2576546809073769,TRUE
COL1A2,17.464861432207083,17.165819474528668,1.8100152773144638,56.52173913043478,-0.29904195767841557,-0.16521515670415052,FALSE
ELANE,22.590058536333128,22.031011050009955,0.990489809243286,78.26086956521739,-0.5590474863231734,-0.5644151823735312,FALSE
SOD3,18.858605398611022,18.784341419969664,0.8727654472565217,30.434782608695656,-0.07426397864135836,-0.08509042019800633,TRUE
CTSG,20.901074481718315,19.65992784794314,1.9325115761146465,69.56521739130434,-1.2411466337751733,-0.6422453811482587,FALSE
MME,16.008567076818007,15.997260680330074,0.678102696710306,45.65217391304348,-0.011306396487933412,-0.016673575466937932,TRUE
COL4A2,18.60903109282386,18.271089004305672,1.0522005866434634,34.78260869565217,-0.3379420885181865,-0.3211764874568519,TRUE
CD63,17.92956160151063,17.864164408242935,0.6893468209907492,39.130434782608695,-0.065397193267696,-0.09486834678327125,TRUE
CLTB,16.013698709612036,15.956623154684014,0.6742190759483995,30.434782608695656,-0.057075554928022854,-0.08465431632550109,TRUE
C1S,17.254278916685696,16.891504246905846,0.6350285145893937,67.3913043478261,-0.3627746697798493,-0.5712730396278624,FALSE
PARP1,15.487420651013156,15.422954219205462,0.4756965523888363,54.347826086956516,-0.06446643180769485,-0.13552007363509275,FALSE
C4A,20.506145763275274,20.068653687669862,1.2578261833588937,71.73913043478261,-0.43749207560541237,-0.3478160030324185,FALSE
LIMS3,16.85557364436412,16.86644956845266,0.5649445029417904,30.434782608695656,0.010875924088537658,0.01925131412360741,TRUE
RO60,19.874372682883195,19.90162940980981,1.3127091330426444,43.47826086956522,0.02725672692661618,0.020763721559123736,TRUE
HLA-C,15.206838214913327,15.262677847127298,0.8146190106798881,67.3913043478261,0.0558396322139707,0.0685469298922529,FALSE
EPB41,19.124284252092355,18.93471939053862,1.0632999907363618,32.608695652173914,-0.18956486155373398,-0.17827975473079385,TRUE
LAMP1,18.31721004033962,18.26214749491147,0.9490808321540761,50,-0.055062545428150145,-0.058016707916413966,FALSE
COL6A2,18.58908047307654,18.338881068034272,0.9835530846043381,43.47826086956522,-0.2501994050422667,-0.25438322441225064,TRUE
BCKDHA,16.223605379783802,16.101449329748803,0.5145323205656229,26.08695652173913,-0.12215605003499874,-0.2374118109834445,TRUE
IFITM1,17.67940105140374,17.30708916602967,1.195811733245458,54.347826086956516,-0.3723118853740708,-0.31134657322989173,FALSE
MYH6,21.436501719253304,21.28422151278437,1.0387083046177752,54.347826086956516,-0.1522802064689337,-0.14660536147823514,FALSE
MYH8,16.29386799508696,16.060889143446243,1.3661971703770317,19.565217391304348,-0.2329788516407163,-0.17053091361360434,TRUE
PDIA4,16.228519159037383,16.189548166083267,0.7823170288894722,23.91304347826087,-0.03897099295411621,-0.04981483403146288,TRUE
NID1,19.041539872728016,18.914187727269475,0.8682145760562562,56.52173913043478,-0.12735214545854134,-0.14668280050885663,FALSE
SNRPB,16.14103363118272,16.08815416068793,0.537214196422866,30.434782608695656,-0.05287947049478703,-0.09843274963114185,TRUE
HNRNPL,19.268881115735958,19.13572782464973,0.7108046673971801,43.47826086956522,-0.1331532910862272,-0.18732754186013867,TRUE
RPA2,15.936988870674195,15.985408714550319,0.544303151720992,32.608695652173914,0.048419843876123636,0.08895749312314012,TRUE
CTPS1,15.053004086497511,14.996077716419341,1.1042102124460964,47.82608695652174,-0.0569263700781697,-0.051553924639099136,TRUE
PTPN1,17.893956678367807,17.892209970249972,0.8214926593912862,56.52173913043478,-0.0017467081178352828,-0.0021262613827000808,FALSE
TYMP,16.87920532185675,17.073095467574586,0.7730018928020597,58.69565217391305,0.19389014571783392,0.25082751740102505,FALSE
PTMS,15.360588445794216,15.678404658378994,1.565340650691159,82.6086956521739,0.31781621258477877,0.2030332582524133,FALSE
CD9,17.52872418782007,17.325171250917585,1.3308762315270344,43.47826086956522,-0.20355293690248644,-0.15294655662227266,TRUE
BCKDHB,17.397017183826236,17.301513577791393,1.0006732892689636,21.73913043478261,-0.09550360603484265,-0.09543934774616827,TRUE
SCP2,17.337446458290273,17.214914715844774,0.6516362005258846,17.391304347826086,-0.12253174244549925,-0.1880370402175531,TRUE
FDXR,17.011420019676773,16.94540971351688,0.756500029717231,30.434782608695656,-0.06601030615989245,-0.08725750636727161,TRUE
FBLN1,16.826954692491412,16.690277154815043,0.6876058617427975,23.91304347826087,-0.1366775376763698,-0.19877308394368334,TRUE
SFPQ,17.199041255783186,17.00494720251591,0.7424897392242288,43.47826086956522,-0.1940940532672748,-0.2614097448270046,TRUE
ATP2B4,16.10957755731612,16.165689066779166,0.5302271729059832,30.434782608695656,0.05611150946304733,0.10582541282356477,TRUE
DNAJB1,17.166216959136246,17.09545845478946,0.6947076513499699,36.95652173913043,-0.07075850434678799,-0.10185364190143671,TRUE
HMGB2,16.920339559014568,16.88302589692642,0.9138375383168792,34.78260869565217,-0.0373136620881489,-0.040831833365998306,TRUE
PTBP1,17.717569190228716,17.679055438597985,0.7801336110268458,39.130434782608695,-0.03851375163073101,-0.049368148079195734,TRUE
RPL10,16.86357454822346,16.72824780667762,0.6602358991162631,34.78260869565217,-0.13532674154584257,-0.20496725750141684,TRUE
TMOD1,17.465769764236693,17.325251794413635,0.8409981603348908,19.565217391304348,-0.1405179698230583,-0.16708475291682345,TRUE
MARCKS,15.6776444302313,15.618981155857615,0.9238642491159613,52.17391304347826,-0.05866327437368568,-0.06349772104486143,FALSE
GNA11,16.675594917630768,16.627095748535226,0.5753464073400877,26.08695652173913,-0.04849916909554253,-0.08429559735979134,TRUE
CORO1A,20.98392417748782,19.79768989338017,1.3564850252672764,84.78260869565217,-1.1862342841076483,-0.8744912490824713,FALSE
AKT1,17.67172327900203,17.74252719561144,0.58555651350672,41.30434782608695,0.07080391660941032,0.12091730682899791,TRUE
AKT2,16.950539949269235,16.9593721380483,0.5829284715197895,28.26086956521739,0.008832188779063443,0.015151410868706562,TRUE
HNRNPH3,16.701098756451493,16.730811409319635,0.6075616383083462,19.565217391304348,0.02971265286814173,0.04890475466961944,TRUE
EPHX2,16.995664894983488,17.02246858149739,0.6244704085530629,39.130434782608695,0.02680368651390097,0.04292226844824688,TRUE
GPC1,14.890652549789186,15.314167055147431,0.9508804883257821,67.3913043478261,0.423514505358245,0.44539193995233634,FALSE
RPA3,16.647645672177557,16.53209707278407,0.6269264706144108,26.08695652173913,-0.11554859939348816,-0.18430965162508822,TRUE
SAA4,18.666213314591097,18.187526257390584,0.8904085843516218,73.91304347826086,-0.4786870572005135,-0.5376038210021123,FALSE
COPB2,16.632016094832256,16.59323668937774,0.5238011104537167,26.08695652173913,-0.03877940545451608,-0.07403459954662056,TRUE
ADD1,14.950625439059634,15.163439883448323,0.9973897361352663,54.347826086956516,0.21281444438868924,0.21337140004399172,FALSE
ARL3,18.429805973366367,18.24087701633192,0.6269110413490901,26.08695652173913,-0.18892895703444879,-0.3013648581270485,TRUE
MAP2K2,18.840625260589135,18.84820806864786,0.5003151584584165,30.434782608695656,0.007582808058725021,0.01515606299455199,TRUE
PPP1CC,16.524312824861443,16.774749505161616,0.5569047922107158,50,0.2504366803001723,0.4496938862853504,FALSE
RBMX,18.21238826545561,18.29937195205906,1.0164357028857218,45.65217391304348,0.08698368660345324,0.08557716573365275,TRUE
COL15A1,17.766587076314085,17.732208974336586,0.6868190395164758,32.608695652173914,-0.03437810197749869,-0.05005408994150926,TRUE
COL18A1,15.873056547665417,15.963144696388806,0.5124727807355646,50,0.09008814872338888,0.1757910900049817,FALSE
NNMT,18.773079547305276,17.712360228491477,1.9996037075079955,71.73913043478261,-1.060719318813799,-0.5304647690095152,FALSE
ARL1,16.90828984238897,16.921400741651134,0.8880285137057882,50,0.01311089926216269,0.014764052121986759,FALSE
STAT3,16.73388360560409,16.740675188488844,0.44248054644645446,43.47826086956522,0.006791582884755343,0.015348884689503987,TRUE
PPP1R2,16.71627737239991,16.806704552940026,0.4987278333352199,32.608695652173914,0.09042718054011445,0.18131568862998232,TRUE
ACTR1B,16.508397293644986,16.50963227293646,0.4092374716717986,26.08695652173913,0.0012349792914747582,0.0030177571140533052,TRUE
RPL35,17.899886896830246,17.9389368674229,1.0460628423550797,58.69565217391305,0.03904997059265369,0.0373304251059502,FALSE
SLC1A4,17.846055193708757,17.911452893608775,0.7842492163710418,43.47826086956522,0.06539769990001787,0.08338892603888441,TRUE
BTD,15.854441158375572,15.798699187692787,0.8579199297260437,41.30434782608695,-0.05574197068278508,-0.06497339524515411,TRUE
PPIC,17.358635315072362,17.38601036876008,0.45822278797264776,32.608695652173914,0.027375053687716644,0.05974179898130844,TRUE
MAPK9,17.1392320011222,17.18844429701965,0.8165207081416772,19.565217391304348,0.04921229589745124,0.06027072602904794,TRUE
MTIF2,15.822609373369376,15.86930507060106,0.43871131906207983,41.30434782608695,0.04669569723168365,0.10643832334099404,TRUE
STT3A,17.56133686955412,17.650389971303692,0.41162588031812314,52.17391304347826,0.08905310174957393,0.21634475869386458,FALSE
ARCN1,17.654531237466482,17.581109376561077,0.4136213324375313,34.78260869565217,-0.07342186090540537,-0.17750985055030782,TRUE
LSS,18.37391689605002,18.17897687728121,0.6814956475277114,47.82608695652174,-0.19494001876880773,-0.28604734230658596,TRUE
GCLC,18.473119274536522,18.389590183508965,0.840513076068402,28.26086956521739,-0.08352909102755746,-0.09937869309335975,TRUE
CSNK1A1,17.297276733672756,17.351787617012715,0.6818553881532431,47.82608695652174,0.05451088333995813,0.07994493302692376,TRUE
PXN,17.59999854514823,17.7188369523675,0.8644697353289843,36.95652173913043,0.1188384072192683,0.13746971393283414,TRUE
MAPKAPK2,16.696362466639815,16.70225546001762,0.3739490191235329,28.26086956521739,0.005892993377806022,0.01575881490909671,TRUE
AARS1,16.5850093522681,16.584559159875486,0.4437547827826214,19.565217391304348,-4.5019239261279154e-4,-0.001014507133398771,TRUE
CARS1,16.14578937257786,16.142575836742207,0.44891667962104675,23.91304347826087,-0.0032135358356519816,-0.007158423782258858,TRUE
SARS1,18.00483426424135,18.133965867278587,0.6557773040913569,23.91304347826087,0.12913160303723714,0.19691380325545346,TRUE
GSK3A,14.965372728437266,15.113609557294474,0.5853262736729795,52.17391304347826,0.14823682885720757,0.2532550400087237,FALSE
GSK3B,15.882492116132953,15.872458023196986,0.5623969375611545,15.217391304347828,-0.010034092935967465,-0.01784165642771902,TRUE
NT5C2,15.425491934944402,15.428575798284674,0.5986466966283713,30.434782608695656,0.0030838633402723303,0.005151391225644289,TRUE
CRIP1,19.18986020131663,19.191737797264082,0.8153981134495467,50,0.0018775959474517379,0.002302673892031166,FALSE
NUDT2,17.297974896444945,17.36373758668183,0.49909960679559234,58.69565217391305,0.06576269023688397,0.13176265687545866,FALSE
BCAM,17.462016231910358,17.432921470274543,0.5792596527701829,19.565217391304348,-0.029094761635814592,-0.050227495556915185,TRUE
FXR1,17.917555724902005,18.004283252778478,0.5190509445470409,23.91304347826087,0.08672752787647298,0.16708866208144038,TRUE
RAB9A,17.3249118841492,17.349737197014907,0.4441617508749541,19.565217391304348,0.024825312865708327,0.05589250496424997,TRUE
GALK1,19.197577719313617,19.18518889329615,0.7067490544834036,52.17391304347826,-0.01238882601746738,-0.017529313889953428,FALSE
BCAP31,17.035640979599684,17.032562468432815,0.7370211825853855,21.73913043478261,-0.003078511166869191,-0.004176964298461719,TRUE
CAV2,18.67552390842224,18.669976862395846,0.7608624730824429,52.17391304347826,-0.005547046026393332,-0.007290471304125265,FALSE
STAT5B,15.846358005461717,15.88835606175154,0.49988931967248124,34.78260869565217,0.04199805628982389,0.08401471013091516,TRUE
KPNA1,16.152574447865526,16.09190119547954,0.5034996723972014,17.391304347826086,-0.06067325238598542,-0.12050306229022019,TRUE
ARHGDIB,19.216707105535697,19.21890527563543,1.2968358012594885,41.30434782608695,0.0021981700997315556,0.0016950257677931858,TRUE
THOP1,15.519013471100159,15.428015918452349,0.6335722870583863,36.95652173913043,-0.09099755264780995,-0.1436261568041472,TRUE
AKR1C2,19.877871357885272,19.909092201557232,0.868043240789348,52.17391304347826,0.031220843671960097,0.035966922158819734,FALSE
CRIP2,16.44122859514873,16.2414423016739,0.8590264146825561,26.08695652173913,-0.1997862934748298,-0.23257293380047997,TRUE
NUBP1,17.006725112796822,16.960983272033527,0.6539497807012452,36.95652173913043,-0.045741840763295016,-0.06994702362962031,TRUE
COPA,17.99521958170157,17.880884302157025,1.252083845156526,34.78260869565217,-0.11433527954454448,-0.09131599292398118,TRUE
HCCS,16.833575295910013,16.79593142042285,0.5283323218463056,15.217391304347828,-0.03764387548716286,-0.07125037392301287,TRUE
SEC24C,14.725883924357133,14.696426581808048,0.4782656457380634,26.08695652173913,-0.02945734254908494,-0.06159201023863241,TRUE
YARS1,16.60459562414802,16.488218762478056,0.7594092531941969,43.47826086956522,-0.11637686166996275,-0.15324656788215713,TRUE
OXCT1,15.700791646600775,15.769717731138416,0.7533505817316842,50,0.06892608453764026,0.091492707657043,FALSE
DEFA3,18.197981459692823,18.0690008305153,1.9063918848378802,34.78260869565217,-0.12898062917752284,-0.0676569336049662,TRUE
GABARAPL2,17.512569609560252,17.493973566478463,0.6359128760176022,30.434782608695656,-0.018596043081789304,-0.029243067380938775,TRUE
ROMO1,17.049194928390712,16.986561334898564,0.6638061064112795,28.26086956521739,-0.06263359349214781,-0.09435525357059826,TRUE
GMFB,17.15098222647981,17.126365861426454,0.6469540186102646,41.30434782608695,-0.02461636505335818,-0.03804963621098932,TRUE
RAB8A,19.443362349118186,19.648603553975786,0.6711446093838097,47.82608695652174,0.20524120485760022,0.3058077230867368,TRUE
RAP2B,17.720990632787295,17.648073551620254,1.1699619826349863,52.17391304347826,-0.07291708116704143,-0.062324316729350224,FALSE
RPL37A,14.459954773338637,14.550296123618688,0.6945268454572201,60.86956521739131,0.09034135028005075,0.13007610990267388,FALSE
LYZ,19.995200124225473,19.342268168190397,2.125150594889775,39.130434782608695,-0.6529319560350757,-0.3072403233940893,TRUE
DAD1,15.928580041270395,15.835389550528957,0.5131910988200339,23.91304347826087,-0.09319049074143848,-0.18159023209036323,TRUE
NPC2,18.328014352708625,18.50321433088443,0.5044210439649661,58.69565217391305,0.17519997817580446,0.3473288441708485,FALSE
COPZ1,18.976737298148645,19.01791309658229,0.49580746311937396,52.17391304347826,0.04117579843364538,0.08304796013877593,FALSE
TIMM10,16.658334639404927,16.597462819671424,0.6399799540291707,19.565217391304348,-0.060871819733502974,-0.0951151975155903,TRUE
UBE2G1,18.54579784025621,18.491030239843727,0.700037563370066,34.78260869565217,-0.05476760041248241,-0.0782352309050739,TRUE
SNRPG,18.51671954613998,18.611348375885274,0.5180698982988577,54.347826086956516,0.09462882974529307,0.18265649105655,FALSE
PPP2CB,16.14874548566623,16.371824584777247,0.3715116934317295,54.347826086956516,0.2230790991110183,0.6004631968657326,FALSE
RAB1A,18.107518103894968,17.99904427748748,0.5990798477560054,34.78260869565217,-0.10847382640748648,-0.18106739329289864,TRUE
RAP1A,16.466095974577318,16.40475400289137,0.7313310128096797,15.217391304347828,-0.06134197168594824,-0.08387716452811193,TRUE
RPS15,20.927471674317843,20.895036681084356,1.1989576546438931,63.04347826086957,-0.032434993233486864,-0.02705265953960693,FALSE
RPS26,17.114494476199905,17.080897502245136,0.6320437996527213,15.217391304347828,-0.03359697395476857,-0.053156085026431,TRUE
RPL32,19.52117248875028,19.431840422942994,0.8899292979632569,60.86956521739131,-0.08933206580728736,-0.10038108197104853,FALSE
UBE2B,17.89531937123447,17.707005918796632,0.8205119835398682,30.434782608695656,-0.18831345243783915,-0.22950725426996654,TRUE
DYNLT1,16.94431618914691,16.724038368656032,0.707907363031394,32.608695652173914,-0.22027782049087818,-0.31116757925444744,TRUE
SELENOW,17.351513248707118,17.148358251100845,0.859640815525354,36.95652173913043,-0.20315499760627276,-0.23632544422884139,TRUE
CSNK2B,14.908358218231177,14.989946792155983,0.6015245244246916,52.17391304347826,0.08158857392480634,0.13563632173241658,FALSE
PIP4K2B,15.812495725103584,16.01530027407197,0.4579910248313386,36.95652173913043,0.20280454896838407,0.4428133696355067,TRUE
CRADD,16.89434292986004,16.931470169965728,0.787456312378149,34.78260869565217,0.037127240105686354,0.047148317337835075,TRUE
MRPS22,15.918514377263858,15.931344449550975,0.556490552402381,19.565217391304348,0.012830072287117744,0.02305532813042389,TRUE
ARF5,15.740262790499473,15.765077104322396,0.6225437379575528,30.434782608695656,0.02481431382292243,0.039859550919801166,TRUE
SRSF3,18.34836364283857,18.25683695441636,0.49817325475098967,39.130434782608695,-0.0915266884222099,-0.18372461297216613,TRUE
MXRA7,14.94884686008696,15.205603885370643,0.6148613627370146,50,0.25675702528368305,0.41758523277628984,FALSE
FBLN2,17.282653121549835,17.251316603576527,0.5975740872417538,50,-0.031336517973308275,-0.05243955292296806,FALSE
MPP1,17.05164053941309,16.95632773384371,0.8134153262176331,26.08695652173913,-0.09531280556937816,-0.11717606307294579,TRUE
PURA,17.62916870495081,17.458989250706995,0.7395648894120487,26.08695652173913,-0.1701794542438151,-0.23010753576891288,TRUE
SORD,16.865684015480614,16.740679540186896,0.5215538774218521,17.391304347826086,-0.12500447529371783,-0.23967701268302447,TRUE
SPTBN1,18.260191712883987,18.22056559784336,0.5769747077708833,23.91304347826087,-0.039626115040626075,-0.06867911973770886,TRUE
DHODH,17.5330411072029,18.218833893954024,1.1994476054636793,73.91304347826086,0.6857927867511222,0.5717571852469623,FALSE
AKAP12,16.8240189755423,16.784520342269946,0.7948115497005224,50,-0.03949863327235548,-0.04969559549963535,FALSE
GSTM4,19.78837141579169,19.3841559320154,2.05847148994333,36.95652173913043,-0.4042154837762908,-0.19636681185582947,TRUE
LMNB2,16.23849441737761,16.248374171184608,0.9112964149948488,58.69565217391305,0.009879753806998792,0.010841427272655997,FALSE
UBE3A,16.174973640126804,16.230471688309052,0.5718466768808896,32.608695652173914,0.05549804818224757,0.09705057391425097,TRUE
CALD1,17.52882854084868,17.357340955307023,0.7896034782168144,39.130434782608695,-0.1714875855416551,-0.21718190240110233,TRUE
PTPN11,19.36464046591932,19.402946630180676,0.38285557646405133,47.82608695652174,0.03830616426135691,0.10005382346821769,TRUE
CACNG1,16.24019645698814,16.184816756049237,0.5263221204827832,34.78260869565217,-0.05537970093890365,-0.10522016609924191,TRUE
SCN1B,16.59300643549641,16.800445315083305,0.585337375204764,41.30434782608695,0.20743887958689555,0.3543919940433136,TRUE
PPID,17.05552536903977,17.09363064364522,0.4776867471080538,32.608695652173914,0.038105274605449324,0.07977042452222319,TRUE
AP1B1,19.11576750506404,19.096978233355298,1.124273686896361,34.78260869565217,-0.018789271708740785,-0.0167123645494274,TRUE
ILF2,16.704014081365596,16.71868075311878,0.8480834793047068,41.30434782608695,0.014666671753182925,0.017293901026355633,TRUE
ILF3,15.600617797956572,15.487528875217468,0.6530296846074531,45.65217391304348,-0.11308892273910409,-0.17317577654541647,TRUE
LMAN2,19.49734767813868,19.467492279514968,0.6171809763636471,34.78260869565217,-0.029855398623713114,-0.048373815407625455,TRUE
ANK3,15.884212843124633,15.977365200922886,0.4701760059512313,39.130434782608695,0.09315235779825315,0.19812231296191518,TRUE
TARDBP,18.201703489867352,18.318847193944173,0.7283269753613074,39.130434782608695,0.1171437040768204,0.16083944167893535,TRUE
HNRNPA0,17.21090019545396,17.294872575847968,0.6054903271369872,43.47826086956522,0.0839723803940089,0.13868492464787274,TRUE
MRPL49,17.13320435423907,17.159696040301046,0.6830181698949865,34.78260869565217,0.02649168606197705,0.038786209839849685,TRUE
TMED1,17.34800758357604,17.337102769958243,0.6367385592824714,17.391304347826086,-0.010904813617798936,-0.017126045625519153,TRUE
MTM1,18.82422599996393,19.00957116591979,0.7118861340450758,41.30434782608695,0.18534516595586226,0.2603578818183954,TRUE
MTX1,15.379355232203002,15.369412149368987,0.5690613425573324,21.73913043478261,-0.009943082834015016,-0.01747277857485682,TRUE
EIF4EBP1,15.832559790891754,15.951431035590828,0.7373416913984921,54.347826086956516,0.11887124469907384,0.16121595467308325,FALSE
MOGS,15.716370029541464,15.80809075806783,0.861198615520384,28.26086956521739,0.09172072852636681,0.10650357173524258,TRUE
SCARB2,17.218396935174823,17.14116359226518,0.6287756089925545,34.78260869565217,-0.07723334290964345,-0.12283132775043441,TRUE
IL18,17.047248500979183,17.09480357966155,0.8550167748186712,36.95652173913043,0.04755507868236819,0.055618883842897114,TRUE
UBAP2L,15.86233661876576,15.935196765569104,0.8410558267428446,50,0.07286014680334496,0.08662938236277408,FALSE
FLOT2,18.264757387385558,18.273949513320268,0.5665997492769499,26.08695652173913,0.009192125934710305,0.016223314511594072,TRUE
PRPSAP1,17.37065177520129,17.479631499619344,0.8306707279631721,56.52173913043478,0.10897972441805592,0.13119485344725854,FALSE
PPP2R5D,15.831698923620369,16.12355687535421,0.979347729932718,34.78260869565217,0.2918579517338422,0.2980125881885621,TRUE
LASP1,18.322293827264616,18.21191306673148,0.6338371028166031,28.26086956521739,-0.11038076053313617,-0.1741468904906852,TRUE
ARHGAP19,19.900713852901966,19.782721671817573,0.8175000266162629,39.130434782608695,-0.11799218108439291,-0.14433293852328988,TRUE
EEA1,17.00096127533455,16.987258186493406,0.49036572676337564,19.565217391304348,-0.013703088841143796,-0.027944630085773053,TRUE
PEA15,19.388886555682777,19.470366401207,1.2624745116882468,36.95652173913043,0.08147984552422116,0.06453979448287005,TRUE
NONO,21.41565587779939,21.37675209171145,0.6415196563286866,56.52173913043478,-0.03890378608794265,-0.06064317079632873,FALSE
UBE3C,16.043230541939142,16.129417123913065,0.404316444748709,34.78260869565217,0.08618658197392293,0.21316615510776385,TRUE
DHCR24,19.44219167883537,19.724645581919177,0.8012327375866242,56.52173913043478,0.28245390308380536,0.3525241666167794,FALSE
SPEG,18.452261219815696,18.28840894170662,0.5461891269803407,36.95652173913043,-0.16385227810907566,-0.2999918343577229,TRUE
ADIRF,19.85345260502807,19.671613010141826,0.8048721977801149,58.69565217391305,-0.18183959488624524,-0.2259235632536067,FALSE
RBBP7,16.277970715153597,16.402904374079593,0.6577193325257745,47.82608695652174,0.12493365892599684,0.18994980495134065,TRUE
PDK4,19.164340216870155,19.117977547268552,0.9478241533990311,54.347826086956516,-0.046362669601602846,-0.04891484294353522,FALSE
FSCN1,16.767651547506045,16.64122049611999,0.7530275648236269,36.95652173913043,-0.12643105138605648,-0.1678969765411828,TRUE
CLPP,17.5091323161695,17.632915102531218,0.527292695082353,45.65217391304348,0.12378278636171913,0.23475156685488813,TRUE
KYAT1,17.631366979111807,17.628494292980953,0.6488422460952092,19.565217391304348,-0.0028726861308534524,-0.004427403036934686,TRUE
PPP1R3A,18.51311219206578,18.348027445919477,0.7587214747851073,34.78260869565217,-0.1650847461463023,-0.21758280427354354,TRUE
TPD52L1,16.767342128981042,16.77004741043649,0.8239060098249696,17.391304347826086,0.0027052814554480165,0.0032834830953869672,TRUE
HNRNPUL2,15.575508585140053,15.739172292039584,0.9069462930359493,36.95652173913043,0.16366370689953058,0.1804557868048349,TRUE
HLA-DRB5,16.854741535307145,16.988333879845154,0.6214383498849978,67.3913043478261,0.13359234453800894,0.21497280391969903,FALSE
TKFC,16.72772805804588,16.599776457932098,0.5856741783894903,17.391304347826086,-0.12795160011378215,-0.21846891127354878,TRUE
DUSP28,16.426347304536485,16.376921285350797,0.6633228569215894,17.391304347826086,-0.04942601918568812,-0.07451276353579764,TRUE
FAM98B,14.891688862705628,15.067542849234206,0.4393437573178172,63.04347826086957,0.17585398652857798,0.4002651308901308,FALSE
GPAT3,16.19221007880174,16.18774477602069,0.5500944136205943,30.434782608695656,-0.004465302781049729,-0.008117338897626933,TRUE
HIKESHI,18.464881195106667,18.350885557962958,0.5693479063267872,30.434782608695656,-0.11399563714370942,-0.2002214039552112,TRUE
DCAF6,16.34784676234227,16.302731850227715,0.3666933251500059,13.043478260869565,-0.045114912114556205,-0.12303172438740388,TRUE
TTC38,19.871382745023915,19.946413214955296,0.40900184955079066,71.73913043478261,0.07503046993138085,0.18344775216490414,FALSE
C6orf136,17.956757384710308,17.78785098836006,0.7927191470612279,34.78260869565217,-0.1689063963502484,-0.21307217944264242,TRUE
DCAF8,18.31430822133631,18.435125268991243,1.9833969455256537,71.73913043478261,0.12081704765493129,0.06091420475738986,FALSE
DDI2,19.65372904103635,19.442673899879573,0.9833234480407492,45.65217391304348,-0.21105514115677693,-0.21463450462541064,TRUE
NDUFAF5,16.305362576811696,16.49026394999852,0.6022376528286744,56.52173913043478,0.18490137318682542,0.3070239336885608,FALSE
MLIP,17.377431055947937,17.253018938737792,0.7663164626478642,17.391304347826086,-0.12441211721014511,-0.1623508345106696,TRUE
LAMTOR1,15.803662532548378,15.769539993773511,0.601310795350753,39.130434782608695,-0.034122538774866484,-0.056746925281729435,TRUE
ACAD10,19.169215712361908,19.221522404851562,0.4299776315424384,52.17391304347826,0.052306692489654694,0.12164979908842553,FALSE
SLC25A24,17.108990292485093,17.079763713658306,0.44333880131802855,23.91304347826087,-0.02922657882678692,-0.06592380080402949,TRUE
LPCAT3,17.21617665395224,17.273322791179748,0.6175169875574333,54.347826086956516,0.05714613722750883,0.09254180594051083,FALSE
CORO6,16.62424875443065,16.486166751309057,0.8023059740577144,43.47826086956522,-0.13808200312159258,-0.17210641274828592,TRUE
UQCC3,17.87995510462863,18.397705226922145,0.8347678561695606,67.3913043478261,0.517750122293517,0.6202324615963052,FALSE
DHRS11,16.770459674506505,17.026609065728366,0.43986817854414456,65.21739130434783,0.25614939122186087,0.5823321706736149,FALSE
KYAT3,15.700275670204293,15.9672050096198,0.48981674794727664,71.73913043478261,0.26692933941550656,0.5449575591977075,FALSE
VPS13C,18.537678306199094,18.616914444298367,0.3728886319356106,47.82608695652174,0.07923613809927232,0.2124927694576503,TRUE
MOB2,16.879058029315487,16.84809646775207,0.5234288853852086,32.608695652173914,-0.030961561563415785,-0.05915141947244686,TRUE
UBE2R2,15.215339363118666,15.320315087442635,0.47157255505680873,52.17391304347826,0.10497572432396929,0.22260779003842415,FALSE
SND1,17.914781828785454,17.615337215553236,0.880528814417533,45.65217391304348,-0.29944461323221816,-0.34007361068621,TRUE
TRMT10C,18.598826689954645,18.67337944390888,0.3495849067667584,54.347826086956516,0.074552753954233,0.21326079161642492,FALSE
MAVS,17.607159187172325,17.625150184688334,0.36560228570006187,32.608695652173914,0.017990997516008633,0.049209204153522035,TRUE
HDDC2,18.086804887904997,18.122256540797736,0.6474906426568318,50,0.035451652892739105,0.05475237873287442,FALSE
MRPL55,16.448665781581074,16.384929994755574,0.615254632634721,21.73913043478261,-0.06373578682550018,-0.10359253461052825,TRUE
PRUNE1,16.540293233064137,16.532106248198602,0.5197784413230214,23.91304347826087,-0.008186984865535152,-0.015750912724845526,TRUE
FERMT3,16.723706275961785,15.716325403431824,1.1164491687805742,78.26086956521739,-1.0073808725299607,-0.9023078709711954,FALSE
HOOK3,16.65117453498083,16.578732531603535,1.3111304690730106,69.56521739130434,-0.07244200337729367,-0.05525155969299629,FALSE
COMTD1,19.305233059716326,19.31005149293554,1.0904525581519056,60.86956521739131,0.004818433219213603,0.004418746311512958,FALSE
ECHDC2,16.096515102945713,16.153857209013346,0.5656219306892708,54.347826086956516,0.057342106067633125,0.10137885919266892,FALSE
SLC44A2,16.598381811835246,16.548288075976735,0.44446675226987414,54.347826086956516,-0.05009373585851051,-0.1127052487113688,FALSE
SIRT2,18.441170575602737,18.274651695384897,0.6944230162845724,36.95652173913043,-0.1665188802178399,-0.2397945867473969,TRUE
MRPL41,18.187930812107755,18.382781536369283,0.7308997556871735,63.04347826086957,0.19485072426152783,0.26659021670945027,FALSE
PM20D2,16.427806430573778,16.380300462663293,0.8806725849686877,34.78260869565217,-0.047505967910485225,-0.05394282588253193,TRUE
MICU2,15.469412245284962,15.47095337511102,0.45998863273304963,54.347826086956516,0.0015411298260570305,0.0033503650229361466,FALSE
ALDH16A1,17.35078885789415,17.10295728093428,1.2176442828946534,47.82608695652174,-0.24783157695986802,-0.20353364315127292,TRUE
CLYBL,18.00334545202827,18.102422071668776,0.9256654756800639,50,0.09907661964050618,0.1070328560841237,FALSE
CISD2,17.69143859285957,17.57572785486185,0.6090110089085263,28.26086956521739,-0.1157107379977198,-0.1899977772242531,TRUE
EMC1,16.979158314709505,17.12354756715636,0.5719010889990115,52.17391304347826,0.14438925244685663,0.2524724208858889,FALSE
RDH13,17.73769011571856,17.714777036518353,0.6085664215740006,39.130434782608695,-0.02291307920020813,-0.037650909396127336,TRUE
PDPR,16.850731672269387,16.72046551876996,0.6075375376156749,13.043478260869565,-0.13026615349942716,-0.21441663343250547,TRUE
CHDH,16.320482039555156,16.454207087253927,0.6216415936525963,80.43478260869566,0.13372504769877125,0.21511599137541518,FALSE
PPTC7,17.208065965395782,17.149390398894777,0.49538974654347967,34.78260869565217,-0.05867556650100525,-0.1184432397125833,TRUE
NUBPL,17.236631577259015,17.190349881983465,0.572977839966322,21.73913043478261,-0.046281695275549595,-0.08077397073204419,TRUE
TMEM167A,15.389265584811548,15.577052671689621,0.6618276061821468,58.69565217391305,0.18778708687807288,0.2837401841868629,FALSE
RDH11,16.286541793260124,16.242712692833276,0.49495010931675354,39.130434782608695,-0.043829100426847845,-0.0885525623731068,TRUE
STT3B,17.112396946727895,17.17268192283723,0.4207043799416744,43.47826086956522,0.060284976109336696,0.1432953374949281,TRUE
PNPT1,16.665891894308356,16.61602727378909,0.66579857532689,15.217391304347828,-0.04986462051926566,-0.07489445361877413,TRUE
SPPL2A,15.856289041536707,16.007838188717155,0.6115532725161321,56.52173913043478,0.15154914718044843,0.24781021374789672,FALSE
MYOZ3,18.325058821028417,18.09016341099712,1.018022802111468,34.78260869565217,-0.23489541003129588,-0.23073688481643276,TRUE
RAB2B,18.83033881089506,18.90050778019992,0.5897241521175078,47.82608695652174,0.07016896930485927,0.118986087059357,TRUE
SMIM4,16.312399193876907,16.290129083616122,0.7195441407990224,15.217391304347828,-0.022270110260784293,-0.03095030450259008,TRUE
SCFD1,16.31730828821111,16.24798216478376,0.6876228655139925,19.565217391304348,-0.06932612342734856,-0.10081997982357356,TRUE
SYNE2,18.37143330098217,18.500225331278692,1.7192614042349785,47.82608695652174,0.1287920302965233,0.07491125548405597,TRUE
IRGQ,15.836824751336762,15.807408697782671,0.5661970489258521,26.08695652173913,-0.029416053554090382,-0.05195373873794712,TRUE
MRPS27,17.339237108232048,17.38958490932248,0.8338235348652759,47.82608695652174,0.05034780109043169,0.06038184218267067,TRUE
HSPH1,17.517798811340807,17.61139165908499,0.6668744918694959,36.95652173913043,0.09359284774418342,0.14034552061184413,TRUE
GCN1,17.323528708916225,17.247237710437158,1.1811440725503768,60.86956521739131,-0.07629099847906673,-0.06459076437164515,FALSE
OSTF1,18.118202002346074,17.838674732255445,1.0721164168943234,71.73913043478261,-0.27952727009062883,-0.26072473631208404,FALSE
TNPO1,15.525976782483509,15.807166629753976,0.49911615902383827,52.17391304347826,0.2811898472704666,0.5633755633566588,FALSE
LPP,18.454285056347413,18.37269213933798,0.8140876346645971,30.434782608695656,-0.08159291700943427,-0.10022620850032986,TRUE
RAB24,14.688511121086421,14.749544518884706,0.5115059638558593,47.82608695652174,0.061033397798285094,0.11932098960919271,TRUE
MTARC2,16.28157818628074,16.384580712911145,0.48624108165559893,56.52173913043478,0.1030025266304051,0.2118342742239971,FALSE
FUBP1,16.77749331654136,16.802738708681094,0.43324396925965103,39.130434782608695,0.02524539213973398,0.05827061409042708,TRUE
SLC25A46,17.11059574031918,17.060224403012548,0.4141008163130675,19.565217391304348,-0.05037133730663257,-0.1216402753201794,TRUE
FAM136A,16.84470425051744,16.917635180656877,0.45799784114374503,50,0.07293093013943519,0.15923858932895152,FALSE
FGGY,17.86775558084543,17.958437036506506,0.6783210457778085,45.65217391304348,0.09068145566107688,0.1336851572356795,TRUE
PPP1R14B,17.692715748533768,17.773408205899262,0.7371714334825573,30.434782608695656,0.08069245736549391,0.10946226847706955,TRUE
CCDC124,16.68675626464452,16.257042024217366,1.5037142178242247,71.73913043478261,-0.42971424042715256,-0.28576855584229344,FALSE
DNAJC19,18.367181968985488,18.188785116872463,0.5579121895587543,32.608695652173914,-0.1783968521130248,-0.3197579394243324,TRUE
ECHDC3,17.780553089846965,17.74101961887731,0.6532723518090331,26.08695652173913,-0.03953347096965487,-0.060516063262403975,TRUE
NUDT16,16.44516591121754,16.51253264438782,0.44878567014806287,19.565217391304348,0.06736673317028163,0.15010892203411058,TRUE
MRPL38,16.041813517066064,16.235883955487076,0.507699168297327,56.52173913043478,0.19407043842101146,0.3822547889370518,FALSE
DNAJA3,15.941937102269067,15.924250276459608,0.8481401519509897,17.391304347826086,-0.01768682580945935,-0.02085365934954745,TRUE
PTCD3,17.21787189359391,17.019315665870256,0.9398097917066174,32.608695652173914,-0.19855622772365322,-0.2112727803815402,TRUE
MMAB,17.56372194169745,17.443856517948333,0.5981026397445621,28.26086956521739,-0.11986542374911835,-0.20040945447141065,TRUE
S100A16,18.767559999498758,18.777897483122626,0.8957912408584872,45.65217391304348,0.010337483623867882,0.011540058835539506,TRUE
CHMP6,14.782746074996945,15.014812355072376,0.43230306131221147,41.30434782608695,0.23206628007543095,0.5368138716645162,TRUE
FAHD2A,17.16552840424207,17.213255772383295,0.4831220341295814,19.565217391304348,0.04772736814122425,0.09878946677978047,TRUE
APIP,16.611723028434724,16.5343526529776,0.849593051322814,34.78260869565217,-0.0773703754571251,-0.09106757092311389,TRUE
AHCYL2,17.181642072581408,17.264933670295996,0.49869947503085915,17.391304347826086,0.08329159771458805,0.16701761659050077,TRUE
DHTKD1,17.3948678701199,17.404915147205422,0.6459533041442592,63.04347826086957,0.010047277085522666,0.015554184832033665,FALSE
NGLY1,17.638065746956027,17.504661816885424,0.6692769658822021,63.04347826086957,-0.13340393007060314,-0.1993254465208702,FALSE
USP47,16.119441311292054,16.074558946151445,0.38901646602050005,15.217391304347828,-0.044882365140608727,-0.11537394702013347,TRUE
ALPK3,20.38770325853992,20.126646426858418,0.8752837119997867,43.47826086956522,-0.2610568316815005,-0.29825395823378936,TRUE
CCDC43,15.790845976056433,15.825335977263615,0.6268388905595974,52.17391304347826,0.03449000120718182,0.05502211449642441,FALSE
METTL26,16.90424875064867,16.82955047364867,0.5970575096788775,19.565217391304348,-0.07469827699999954,-0.12511068999060976,TRUE
CLCC1,15.847382126779149,15.892070241445154,0.49497025176745674,50,0.04468811466600542,0.09028444539127668,FALSE
TBCB,17.206457251085176,17.153740583789055,0.42769269691070383,19.565217391304348,-0.05271666729612079,-0.12325828258677815,TRUE
PCYT2,14.60749343292174,14.901226670029535,0.5781249481961411,54.347826086956516,0.2937332371077961,0.5080791583623907,FALSE
EYA3,18.626605551138347,18.63168523410163,0.5945314071185364,28.26086956521739,0.0050796829632844265,0.008544011136272319,TRUE
TSNAX,18.34021713519799,18.497271458908124,0.5681470682885281,67.3913043478261,0.15705432371013472,0.27643251629061677,FALSE
CHP1,16.278956496781625,16.28350058930281,0.432247863032572,21.73913043478261,0.004544092521186371,0.01051270095196272,TRUE
MGLL,15.213494263625309,15.24446867646576,0.4397201237778404,39.130434782608695,0.030974412840450327,0.07044119922084693,TRUE
TSG101,16.640328336461362,16.651940177931372,0.49031234319079176,13.043478260869565,0.011611841470010376,0.023682539571499104,TRUE
LXN,17.835362538021055,17.599335447281803,1.1675546939636208,36.95652173913043,-0.23602709073925254,-0.2021550613085084,TRUE
ANP32E,16.65651971927852,16.616505285615602,1.0407861633902946,54.347826086956516,-0.040014433662918236,-0.03844635437175084,FALSE
DHRS4,17.20966980571616,17.139068131505407,0.5939732021341625,15.217391304347828,-0.07060167421075292,-0.11886339982524315,TRUE
THTPA,15.727181206090908,15.754545087302535,0.39316903137175147,26.08695652173913,0.027363881211627472,0.06959826188791104,TRUE
NDUFAF3,16.632573555463985,16.63105600172512,0.43776266023305604,13.043478260869565,-0.0015175537388643079,-0.00346661302281102,TRUE
HNRNPUL1,19.306723372181683,19.44203917519727,0.45702202260592506,47.82608695652174,0.13531580301558677,0.29608158102320836,TRUE
BDH2,15.030938553796602,15.167257499449535,0.4116690683452535,52.17391304347826,0.136318945652933,0.3311372073711565,FALSE
RNF126,15.74926178800428,15.686686746117152,0.3802793491109203,21.73913043478261,-0.06257504188712737,-0.16455019719957342,TRUE
NTMT1,16.0172644321297,16.132581485350272,0.5926492174004698,39.130434782608695,0.11531705322057206,0.19457893444352442,TRUE
PBDC1,16.124798186619945,16.19593354117477,0.47567392205377135,23.91304347826087,0.07113535455482634,0.1495464671422223,TRUE
TIMM21,17.28966809053042,17.23046040005277,0.4914975729434503,23.91304347826087,-0.059207690477649066,-0.12046385117035209,TRUE
TPPP3,19.941396208530552,19.584626522428856,1.2752228410668873,50,-0.35676968610169624,-0.27977046411999074,FALSE
OSBPL11,17.318186409764195,17.305040878336083,0.5746069439609288,30.434782608695656,-0.013145531428111923,-0.02287743224524236,TRUE
CACNG6,16.836930301903546,16.89357775859007,0.9411195568890417,56.52173913043478,0.05664745668652316,0.06019156256169683,FALSE
OSBPL1A,17.364605082451103,17.45687829428847,0.6796088810975915,41.30434782608695,0.09227321183736592,0.1357739935480854,TRUE
EIF2A,15.785448657927008,15.94945145739185,0.3827704257622851,58.69565217391305,0.16400279946484275,0.4284625677081298,FALSE
MRPL13,15.922733172303635,16.09430871143767,0.5835857232848856,63.04347826086957,0.17157553913403412,0.294002290131894,FALSE
MRPL9,17.765225765453362,17.491985695459153,1.1059392691504584,36.95652173913043,-0.273240069994209,-0.24706607100053687,TRUE
MRPL1,17.091766981298154,17.20598462585296,0.7624452227045828,50,0.11421764455480599,0.1498043940122644,FALSE
NLN,18.79095969530431,18.3729652531759,1.5154761310750215,69.56521739130434,-0.4179944421284105,-0.27581723892404764,FALSE
MRPL37,16.370581482839942,16.29636752532685,0.6059736242637965,28.26086956521739,-0.07421395751309134,-0.1224706068737804,TRUE
UBXN6,18.306624104494663,18.5043888906163,0.4922794110166651,60.86956521739131,0.19776478612163828,0.4017327999016058,FALSE
API5,15.52582576001971,15.622313323135852,0.6238756519257658,52.17391304347826,0.09648756311614193,0.1546583246490005,FALSE
UBE2O,17.664666194527243,17.909199397920073,0.7162077820228289,58.69565217391305,0.24453320339283025,0.34142773861264164,FALSE
PITHD1,17.152947617556897,17.116102444170394,0.6227619843835237,30.434782608695656,-0.03684517338650295,-0.059164133827109305,TRUE
TMEM126A,18.048923131620505,18.147184482047262,0.914031178453901,21.73913043478261,0.09826135042675688,0.10750328078848206,TRUE
PAIP1,16.08926543674141,15.991800957640015,0.5426999893906851,21.73913043478261,-0.09746447910139544,-0.17959182053941702,TRUE
CYSTM1,15.66331069512071,15.717753194141267,0.6788210033266839,50,0.05444249902055631,0.0802015535078483,FALSE
ISCU,17.304262201845145,17.377946305831703,0.5905405295966066,43.47826086956522,0.07368410398655811,0.1247739999096948,TRUE
EHD4,16.21520452187672,16.566610870083277,0.32526603293113004,67.3913043478261,0.3514063482065559,1.080365954722855,FALSE
SLK,16.046391603860275,16.133726877445003,0.6691083539252083,58.69565217391305,0.0873352735847277,0.1305248590491965,FALSE
PPIL3,18.41927987856201,18.404191185389625,0.692758942097301,28.26086956521739,-0.015088693172383927,-0.021780582328830702,TRUE
PDCL3,15.459855231892378,15.466914949349409,0.6015851144062058,21.73913043478261,0.007059717457030601,0.01173519305576384,TRUE
MRPL46,16.6307515107412,16.478341820438704,0.5046897513244613,32.608695652173914,-0.15240969030249474,-0.3019868937352597,TRUE
GHITM,16.228426731345333,16.221635653153648,0.4332179118943047,54.347826086956516,-0.006791078191685784,-0.01567589429068356,FALSE
BOLA2,19.575502441297576,19.640578389421464,0.5220549491318933,36.95652173913043,0.06507594812388717,0.12465344545071293,TRUE
RWDD1,16.826329258612066,16.858727099665497,0.5491761215782955,50,0.03239784105343091,0.058993535553442625,FALSE
RBKS,19.70178732686283,19.773108251534513,0.9318337327282867,47.82608695652174,0.0713209246716815,0.07653825158578795,TRUE
POFUT1,15.10289819466346,15.188429287661274,0.6462213412642906,76.08695652173914,0.08553109299781347,0.1323557232425617,FALSE
OPA3,18.071361024731633,18.001351322281547,0.6539571733903203,30.434782608695656,-0.07000970245008631,-0.10705548512777055,TRUE
SYNC,17.65173016330937,17.825477224077996,0.5642680424253925,52.17391304347826,0.17374706076862623,0.3079158267085435,FALSE
COQ10B,18.894847417168066,18.741849784088004,0.8209805449142327,36.95652173913043,-0.1529976330800622,-0.1863596330361833,TRUE
GORASP2,15.803112028668927,15.927196016516069,0.2999159379464998,67.3913043478261,0.12408398784714159,0.4137292225839501,FALSE
JPT2,14.640989257880623,14.640038204312766,0.5471242466231655,21.73913043478261,-9.510535678565191e-4,-0.0017382771349038052,TRUE
SYNPO2L,17.624360510066662,17.550931663649664,1.0183830042724697,39.130434782608695,-0.07342884641699854,-0.0721033698607882,TRUE
SFXN1,16.202541772772168,16.25405353867529,0.4835578015660285,36.95652173913043,0.0515117659031219,0.10652659462074278,TRUE
MRPL44,16.648212886004,17.228340539147517,1.0738879055330193,73.91304347826086,0.5801276531435171,0.5402124841470987,FALSE
CAB39L,20.65724728789028,20.939105267067927,1.1374308218926266,56.52173913043478,0.2818579791776479,0.24780230476667642,FALSE
CARS2,16.75642515678479,17.092577730754122,0.7354543882770368,60.86956521739131,0.33615257396933274,0.4570678744018971,FALSE
PPCS,15.628631381963011,15.572453373087397,0.5655754747142006,43.47826086956522,-0.05617800887561408,-0.09932893378023903,TRUE
RRAGC,17.92783514832511,17.901480733005123,0.5048863196084885,28.26086956521739,-0.026354415319985947,-0.052198711465231105,TRUE
RDH14,16.318690622940476,16.289395414150754,0.6245500389277111,28.26086956521739,-0.029295208789722693,-0.04690610353658706,TRUE
TNS1,16.232654215398927,16.2270944248223,0.5592891820016245,15.217391304347828,-0.005559790576626256,-0.009940815512877392,TRUE
MCCC2,16.903612307099902,16.840221277171953,0.5645238925662418,15.217391304347828,-0.0633910299279492,-0.11229113729763145,TRUE
PREB,18.169132139718805,18.15922748662975,0.6226431892159585,50,-0.009904653089055415,-0.015907430227459003,FALSE
MRPL47,16.58876519828393,16.734681299387333,0.5114591747711138,45.65217391304348,0.1459161011034027,0.2852937405389247,TRUE
TXNRD2,16.612179829949564,16.622751601342408,0.8607760352334456,23.91304347826087,0.010571771392843488,0.01228167486096007,TRUE
PALMD,15.475555185238672,15.44186823408323,0.5628523457833102,36.95652173913043,-0.03368695115544185,-0.05985042330872833,TRUE
SARS2,16.18438070435209,16.14127966284001,0.643776831910588,41.30434782608695,-0.04310104151208094,-0.06695028366299939,TRUE
ISYNA1,16.56363102868387,16.351855674002774,0.761162986878802,45.65217391304348,-0.21177535468109454,-0.27822602823804277,TRUE
TIMMDC1,18.486147871947693,18.5671312841426,0.828916088498687,52.17391304347826,0.08098341219490734,0.09769796161343974,FALSE
RIC8A,18.381461296264956,18.39406618113619,0.9193208001443963,45.65217391304348,0.01260488487123368,0.013711084171329366,TRUE
MRPL40,18.22258461409028,18.1994652929166,1.0879741712674207,26.08695652173913,-0.023119321173680873,-0.021249880543348133,TRUE
TIGAR,15.70847675028629,15.874268449253456,1.4648274774885428,56.52173913043478,0.16579169896716728,0.11318172379686538,FALSE
GPHN,16.09908639359933,16.096151401980954,0.6538372008679875,45.65217391304348,-0.002934991618374738,-0.004488872175640134,TRUE
ACSS2,15.56236334529793,15.554053360313047,0.622845697570377,30.434782608695656,-0.008309984984883556,-0.013341964177162175,TRUE
NANS,19.832168034861194,19.958042390707625,0.7372548157556338,54.347826086956516,0.12587435584643103,0.17073385369130314,FALSE
SMYD2,18.965232452120183,19.00593319603413,0.5719420140183523,56.52173913043478,0.04070074391394485,0.07116236072253096,FALSE
HEBP1,14.480065742387792,14.66327152050943,0.8829320923037789,76.08695652173914,0.1832057781216374,0.20749702012032448,FALSE
FAM114A2,16.038256467526985,16.10887996107413,0.44966793165553454,28.26086956521739,0.0706234935471457,0.15705699378457436,TRUE
TOMM22,18.546665903206893,18.38398140844863,0.46830976625394594,54.347826086956516,-0.1626844947582633,-0.34738650884774824,FALSE
C19orf12,14.822361773137537,15.183141168576373,0.337592187098834,80.43478260869566,0.3607793954388363,1.068684078678675,FALSE
ATG3,17.75820779529448,17.466236946678208,0.8107378717499247,60.86956521739131,-0.2919708486162733,-0.36012977657756795,FALSE
SIRT3,18.084650770614044,18.034261949245963,0.8883763036929412,26.08695652173913,-0.05038882136808098,-0.05672013217666531,TRUE
MAN2C1,15.712674460896286,15.683702742847453,0.4915753119307833,26.08695652173913,-0.02897171804883314,-0.058936479000622655,TRUE
ABCF3,16.624943734335094,16.643515128285067,0.5724190988704381,43.47826086956522,0.01857139394997276,0.03244370075460432,TRUE
SEPTIN11,17.565103251129422,17.681465976289218,0.583849282127373,36.95652173913043,0.11636272515979584,0.19930267745779306,TRUE
MRPL22,13.707429366829807,13.764305842052385,0.5119418895276856,52.17391304347826,0.05687647522257855,0.11109947512803149,FALSE
TECR,17.962102890670156,17.942940915205387,0.6258827446486636,23.91304347826087,-0.019161975464768943,-0.03061591908165711,TRUE
HSPBP1,17.79187602351972,17.654707621376996,0.4424265885398864,21.73913043478261,-0.13716840214272352,-0.31003652514513663,TRUE
PDP1,17.642180629052838,17.642848922311874,0.42398600201882153,58.69565217391305,6.682932590358348e-4,0.0015762153841252713,FALSE
TOMM7,17.490324486674,17.28395087705137,1.0923141283217805,39.130434782608695,-0.20637360962263074,-0.1889324730603832,TRUE
ATXN10,17.712470724939323,17.761454397710917,0.7584971119044517,26.08695652173913,0.048983672771594655,0.06457990676932882,TRUE
MRC2,16.654270011847963,16.67555533778306,0.6337952539375168,60.86956521739131,0.021285325935096466,0.03358391499914087,FALSE
VPS29,17.64628518487933,17.683904016791995,0.7448278396484104,47.82608695652174,0.037618831912666906,0.05050674788206702,TRUE
UBA2,16.538344715455093,16.4299042712479,0.47560349432437066,17.391304347826086,-0.10844044420719356,-0.2280059871327083,TRUE
FBLN5,18.389108823172304,18.182496422452754,0.7979872652204368,32.608695652173914,-0.20661240071954978,-0.25891691474860185,TRUE
MTFP1,16.874421789878863,16.86011084708287,0.690558010596863,58.69565217391305,-0.014310942795994208,-0.020723737291274018,FALSE
DNAJB4,17.13265366167603,17.052161015782062,0.7297503680882433,23.91304347826087,-0.08049264589396898,-0.11030161739395739,TRUE
ABCF2,17.16306737218297,17.098269153663267,0.629648170979948,21.73913043478261,-0.06479821851970158,-0.10291178709985511,TRUE
CHORDC1,16.650884282978886,16.668260667083597,1.0199802023412077,50,0.017376384104711207,0.017036001350640324,FALSE
SEPTIN9,18.58815684173425,18.484895859663258,0.6488455990425721,50,-0.10326098207099221,-0.15914569232397158,FALSE
BCAP29,16.34972629635807,16.44625149551116,0.46037650768592486,45.65217391304348,0.09652519915308844,0.20966577907780481,TRUE
ATP6V1H,17.83946829552747,17.881795393412496,0.7003881225771845,21.73913043478261,0.042327097885024756,0.06043377453243463,TRUE
TRMT112,17.22522065038849,17.465547215483014,0.5792517855642139,47.82608695652174,0.24032656509452366,0.41489136690435263,TRUE
XPO7,16.005250556951975,16.096504170812683,0.6045482553219373,50,0.09125361386070807,0.1509451281306125,FALSE
LNPEP,18.097843129522527,18.47028434412316,0.692232894248844,80.43478260869566,0.3724412146006344,0.5380287728233111,FALSE
DCTN4,19.06372773066839,19.138959731352816,0.36333316610984984,60.86956521739131,0.07523200068442648,0.20706064764173196,FALSE
APPL1,16.494829488652137,16.478420835350324,0.4818756655279837,17.391304347826086,-0.016408653301812848,-0.034051632974315356,TRUE
CDV3,18.07543594785876,18.116559755880417,0.5825612031803239,21.73913043478261,0.041123808021655606,0.07059139502794232,TRUE
HECTD1,15.087235515329233,15.27235802867706,0.5072716041270793,47.82608695652174,0.18512251334782626,0.36493766227342433,TRUE
CA14,17.292166965404924,17.30311584612478,0.8957575701541745,54.347826086956516,0.010948880719855225,0.012223040122307585,FALSE
DDX19B,18.247558782817713,18.281937383560273,1.0767324801366436,30.434782608695656,0.03437860074255994,0.03192863722119453,TRUE
PLCL2,15.790647042514914,15.919398516803765,0.6823420949844298,60.86956521739131,0.12875147428885114,0.1886905047119936,FALSE
SHOC2,15.720957605509565,15.768436294673007,0.5382975785908367,41.30434782608695,0.04747868916344267,0.08820156554991958,TRUE
SPG7,16.549391149813363,16.412443504778647,0.5641245851290286,36.95652173913043,-0.13694764503471646,-0.24276134854749026,TRUE
RTRAF,16.58025860905584,16.483624804276957,0.6547990111596294,13.043478260869565,-0.09663380477888239,-0.1475778111022905,TRUE
HIGD1A,19.66603179292456,19.693959889151074,0.8499199475742599,39.130434782608695,0.027928096226514043,0.032859678498219844,TRUE
RUVBL1,16.616164358450952,16.54731497514496,0.4312024238489308,13.043478260869565,-0.06884938330599155,-0.1596683587523444,TRUE
BCS1L,17.043799780900446,16.94912711194065,1.255942174079081,45.65217391304348,-0.0946726689597952,-0.07537979925645373,TRUE
DRG1,17.74675356278515,17.655408459475545,1.1814236944531562,39.130434782608695,-0.0913451033096031,-0.07731781894884364,TRUE
CNPY2,15.186571926562516,15.126426251533715,0.585927909544985,19.565217391304348,-0.06014567502880119,-0.1026502988661329,TRUE
STK38L,16.85320826944579,16.857781000554045,0.6023026733126526,17.391304347826086,0.004572731108254402,0.007592081707199592,TRUE
LAMTOR2,17.538818474107032,17.373920521552922,0.44253016276351953,45.65217391304348,-0.1648979525541101,-0.37262534043861034,TRUE
MRPS28,17.414002102574734,17.313805842249497,0.5490372460658157,26.08695652173913,-0.10019626032523732,-0.18249446835019698,TRUE
POLDIP2,15.891087247171273,15.687535631411519,0.8412998290526952,30.434782608695656,-0.20355161575975345,-0.24194895651999937,TRUE
SUGT1,17.755406081426305,17.855768051234513,0.8172385907800758,52.17391304347826,0.10036196980820833,0.12280620487146866,FALSE
MEMO1,15.755772647433282,15.682487915975205,0.6351429736877279,45.65217391304348,-0.07328473145807735,-0.11538304680059053,TRUE
LSM2,16.34888489061837,16.447373007542218,0.9603872415460333,15.217391304347828,0.09848811692384984,0.10255042202070852,TRUE
MOB4,16.5407903003452,16.55285764062662,0.5071002695674817,21.73913043478261,0.012067340281419092,0.02379675382880712,TRUE
TMED5,18.364994165278485,18.36923561202577,0.5462940154441369,47.82608695652174,0.004241446747283106,0.007764036631144148,TRUE
TPRKB,13.817456412007274,14.402101832192455,0.6910847905713388,63.04347826086957,0.584645420185181,0.8459821836070774,FALSE
MSRB2,16.86293687809948,16.89121176986705,0.5082987323790495,19.565217391304348,0.0282748917675697,0.05562652425913289,TRUE
MRPS16,19.54105877691119,19.407771653412432,0.6931248004996662,52.17391304347826,-0.13328712349875715,-0.19229888095574116,FALSE
FBXO7,18.62999070992991,18.295716934084467,1.0690758209225926,65.21739130434783,-0.3342737758454426,-0.3126754616496429,FALSE
RPL36,16.933967728291503,16.924391049441237,0.5856952041824095,54.347826086956516,-0.009576678850265807,-0.016350959990587933,FALSE
TLN2,16.41148746052103,16.34837796923822,0.5495014045642589,28.26086956521739,-0.06310949128280896,-0.11484864416834974,TRUE
HYOU1,16.48953803797954,16.521307297094587,0.4502964426567242,34.78260869565217,0.03176925911504824,0.07055187673171781,TRUE
LSM4,16.97481729988283,16.98177491823209,0.7714431017061212,39.130434782608695,0.006957618349261452,0.009018965020069535,TRUE
RNF114,15.801499289079771,15.702017992004635,0.6594044377153622,10.869565217391305,-0.09948129707513687,-0.15086537394229496,TRUE
TIMM9,17.046458407994663,17.057387864217212,0.6775147270594357,15.217391304347828,0.010929456222548595,0.016131688044605113,TRUE
UCHL5,18.158148922490298,18.25606576092941,0.4308248652066533,43.47826086956522,0.09791683843911159,0.2272775931633935,TRUE
GMPPB,14.649931785172173,14.721224053886441,0.6291271058686583,36.95652173913043,0.0712922687142683,0.11331934047863432,TRUE
MPC1,21.729186014852957,21.5070793373621,1.309304465902431,58.69565217391305,-0.22210667749085644,-0.16963714955159082,FALSE
SNX5,17.193322363149154,17.113977774364844,0.41229899884232063,21.73913043478261,-0.07934458878430917,-0.19244429165993115,TRUE
NUBP2,16.228873149447352,16.232413574225767,0.8036097775435886,60.86956521739131,0.0035404247784143195,0.004405651694826825,FALSE
SPCS1,14.99250876743971,14.899036421380634,0.57614887848511,26.08695652173913,-0.09347234605907673,-0.16223644538690607,TRUE
SESN1,16.933734394815858,16.861348408188004,0.4968904855749973,26.08695652173913,-0.07238598662785378,-0.1456779486209911,TRUE
